DateTime,Timestamp
2025-06-28T07:00:00.942Z,1751094000942530169
2025-06-28T07:00:01.559Z,1751094001559503839
2025-06-28T07:00:05.442Z,1751094005442932859
2025-06-28T07:00:05.882Z,1751094005882209944
2025-06-28T07:00:06.182Z,1751094006182723648
2025-06-28T07:00:06.397Z,1751094006397138454
2025-06-28T07:00:08.257Z,1751094008257143952
2025-06-28T07:00:10.024Z,1751094010024828386
2025-06-28T07:00:12.494Z,1751094012494326420
2025-06-28T07:00:13.893Z,1751094013893934339
2025-06-28T07:00:14.085Z,1751094014085387052
2025-06-28T07:00:14.105Z,1751094014105524012
2025-06-28T07:00:17.610Z,1751094017610919468
2025-06-28T07:00:18.797Z,1751094018797590705
2025-06-28T07:00:20.703Z,1751094020703743562
2025-06-28T07:00:21.126Z,1751094021126446869
2025-06-28T07:00:24.360Z,1751094024360025252
2025-06-28T07:00:24.523Z,1751094024523769052
2025-06-28T07:00:25.814Z,1751094025814558579
2025-06-28T07:00:26.255Z,1751094026255181732
2025-06-28T07:00:26.285Z,1751094026285982448
2025-06-28T07:00:26.578Z,1751094026578890649
2025-06-28T07:00:27.189Z,1751094027189248628
2025-06-28T07:00:29.723Z,1751094029723598429
2025-06-28T07:00:30.053Z,1751094030053222378
2025-06-28T07:00:32.971Z,1751094032971879629
2025-06-28T07:00:33.883Z,1751094033883226660
2025-06-28T07:00:34.012Z,1751094034012695591
2025-06-28T07:00:35.648Z,1751094035648320303
2025-06-28T07:00:36.629Z,1751094036629722652
2025-06-28T07:00:38.050Z,1751094038050751244
2025-06-28T07:00:39.977Z,1751094039977930154
2025-06-28T07:00:40.827Z,1751094040827520461
2025-06-28T07:00:42.342Z,1751094042342910714
2025-06-28T07:00:43.054Z,1751094043054495841
2025-06-28T07:00:45.310Z,1751094045310835608
2025-06-28T07:00:47.497Z,1751094047497494021
2025-06-28T07:00:49.753Z,1751094049753331234
2025-06-28T07:00:51.061Z,1751094051061329729
2025-06-28T07:00:52.350Z,1751094052350330788
2025-06-28T07:00:56.317Z,1751094056317801909
2025-06-28T07:00:57.967Z,1751094057967617345
2025-06-28T07:00:57.998Z,1751094057998449184
2025-06-28T07:01:01.332Z,1751094061332223563
2025-06-28T07:01:02.828Z,1751094062828017507
2025-06-28T07:01:03.210Z,1751094063210602333
2025-06-28T07:01:03.551Z,1751094063551228830
2025-06-28T07:01:04.081Z,1751094064081570759
2025-06-28T07:01:04.194Z,1751094064194860026
2025-06-28T07:01:05.414Z,1751094065414449194
2025-06-28T07:01:05.594Z,1751094065594738283
2025-06-28T07:01:06.357Z,1751094066357461450
2025-06-28T07:01:08.753Z,1751094068753860493
2025-06-28T07:01:11.179Z,1751094071179193396
2025-06-28T07:01:11.814Z,1751094071814902288
2025-06-28T07:01:13.829Z,1751094073829882867
2025-06-28T07:01:14.674Z,1751094074674919126
2025-06-28T07:01:14.767Z,1751094074767715512
2025-06-28T07:01:14.823Z,1751094074823504460
2025-06-28T07:01:15.462Z,1751094075462752878
2025-06-28T07:01:16.930Z,1751094076930316796
2025-06-28T07:01:16.958Z,1751094076958752523
2025-06-28T07:01:17.973Z,1751094077973584046
2025-06-28T07:01:18.367Z,1751094078367571164
2025-06-28T07:01:18.471Z,1751094078471189277
2025-06-28T07:01:21.834Z,1751094081834311163
2025-06-28T07:01:22.469Z,1751094082469375919
2025-06-28T07:01:24.058Z,1751094084058614244
2025-06-28T07:01:25.856Z,1751094085856089044
2025-06-28T07:01:26.012Z,1751094086012399902
2025-06-28T07:01:26.197Z,1751094086197342209
2025-06-28T07:01:26.917Z,1751094086917265844
2025-06-28T07:01:27.723Z,1751094087723725465
2025-06-28T07:01:28.093Z,1751094088093924000
2025-06-28T07:01:29.497Z,1751094089497707298
2025-06-28T07:01:29.888Z,1751094089888804596
2025-06-28T07:01:30.022Z,1751094090022741145
2025-06-28T07:01:30.559Z,1751094090559236459
2025-06-28T07:01:31.894Z,1751094091894438073
2025-06-28T07:01:34.837Z,1751094094837592774
2025-06-28T07:01:35.788Z,1751094095788319879
2025-06-28T07:01:36.335Z,1751094096335845546
2025-06-28T07:01:37.434Z,1751094097434563049
2025-06-28T07:01:42.601Z,1751094102601858698
2025-06-28T07:01:43.318Z,1751094103318176361
2025-06-28T07:01:46.068Z,1751094106068109486
2025-06-28T07:01:46.741Z,1751094106741317580
2025-06-28T07:01:51.371Z,1751094111371447159
2025-06-28T07:01:53.120Z,1751094113120568371
2025-06-28T07:01:53.129Z,1751094113129748171
2025-06-28T07:01:55.126Z,1751094115126472450
2025-06-28T07:01:55.476Z,1751094115476849800
2025-06-28T07:01:55.905Z,1751094115905571871
2025-06-28T07:01:58.287Z,1751094118287096428
2025-06-28T07:01:58.295Z,1751094118295777128
2025-06-28T07:01:58.584Z,1751094118584941446
2025-06-28T07:01:59.613Z,1751094119613415113
2025-06-28T07:02:01.634Z,1751094121634598357
2025-06-28T07:02:03.093Z,1751094123093571597
2025-06-28T07:02:03.286Z,1751094123286108479
2025-06-28T07:02:03.397Z,1751094123397652676
2025-06-28T07:02:03.413Z,1751094123413037948
2025-06-28T07:02:07.390Z,1751094127390329925
2025-06-28T07:02:07.873Z,1751094127873305165
2025-06-28T07:02:09.139Z,1751094129139495607
2025-06-28T07:02:09.947Z,1751094129947596545
2025-06-28T07:02:10.930Z,1751094130930899404
2025-06-28T07:02:10.978Z,1751094130978004302
2025-06-28T07:02:12.195Z,1751094132195878393
2025-06-28T07:02:13.380Z,1751094133380710714
2025-06-28T07:02:14.539Z,1751094134539797529
2025-06-28T07:02:16.703Z,1751094136703608078
2025-06-28T07:02:19.401Z,1751094139401311893
2025-06-28T07:02:21.579Z,1751094141579548029
2025-06-28T07:02:21.961Z,1751094141961357164
2025-06-28T07:02:22.133Z,1751094142133058359
2025-06-28T07:02:22.197Z,1751094142197453128
2025-06-28T07:02:22.616Z,1751094142616141268
2025-06-28T07:02:24.367Z,1751094144367669007
2025-06-28T07:02:25.463Z,1751094145463447935
2025-06-28T07:02:27.075Z,1751094147075966121
2025-06-28T07:02:28.612Z,1751094148612196722
2025-06-28T07:02:30.143Z,1751094150143537536
2025-06-28T07:02:32.400Z,1751094152400662389
2025-06-28T07:02:33.012Z,1751094153012402127
2025-06-28T07:02:33.343Z,1751094153343581825
2025-06-28T07:02:36.130Z,1751094156130488048
2025-06-28T07:02:36.358Z,1751094156358956696
2025-06-28T07:02:37.392Z,1751094157392610469
2025-06-28T07:02:40.295Z,1751094160295282529
2025-06-28T07:02:42.284Z,1751094162284468202
2025-06-28T07:02:45.098Z,1751094165098990312
2025-06-28T07:02:46.566Z,1751094166566696732
2025-06-28T07:02:50.357Z,1751094170357822060
2025-06-28T07:02:51.576Z,1751094171576678649
2025-06-28T07:02:54.728Z,1751094174728880969
2025-06-28T07:02:56.770Z,1751094176770048186
2025-06-28T07:02:58.472Z,1751094178472862904
2025-06-28T07:03:00.170Z,1751094180170365222
2025-06-28T07:03:01.490Z,1751094181490278378
2025-06-28T07:03:01.954Z,1751094181954974459
2025-06-28T07:03:03.502Z,1751094183502273170
2025-06-28T07:03:04.538Z,1751094184538142505
2025-06-28T07:03:04.590Z,1751094184590386403
2025-06-28T07:03:05.720Z,1751094185720972169
2025-06-28T07:03:05.729Z,1751094185729995837
2025-06-28T07:03:08.265Z,1751094188265719711
2025-06-28T07:03:09.304Z,1751094189304333594
2025-06-28T07:03:09.383Z,1751094189383218014
2025-06-28T07:03:10.957Z,1751094190957509538
2025-06-28T07:03:11.184Z,1751094191184183873
2025-06-28T07:03:11.863Z,1751094191863355423
2025-06-28T07:03:15.885Z,1751094195885114920
2025-06-28T07:03:18.056Z,1751094198056930824
2025-06-28T07:03:19.435Z,1751094199435557630
2025-06-28T07:03:19.517Z,1751094199517669501
2025-06-28T07:03:19.628Z,1751094199628203485
2025-06-28T07:03:19.761Z,1751094199761332841
2025-06-28T07:03:21.319Z,1751094201319136939
2025-06-28T07:03:23.322Z,1751094203322327813
2025-06-28T07:03:24.571Z,1751094204571924540
2025-06-28T07:03:25.153Z,1751094205153691811
2025-06-28T07:03:27.198Z,1751094207198819069
2025-06-28T07:03:27.236Z,1751094207236903696
2025-06-28T07:03:27.683Z,1751094207683772233
2025-06-28T07:03:29.833Z,1751094209833046360
2025-06-28T07:03:30.018Z,1751094210018013125
2025-06-28T07:03:30.884Z,1751094210884967172
2025-06-28T07:03:30.937Z,1751094210937668062
2025-06-28T07:03:31.478Z,1751094211478798895
2025-06-28T07:03:32.692Z,1751094212692082440
2025-06-28T07:03:34.085Z,1751094214085814549
2025-06-28T07:03:35.457Z,1751094215457619063
2025-06-28T07:03:37.312Z,1751094217312534744
2025-06-28T07:03:37.710Z,1751094217710175626
2025-06-28T07:03:38.179Z,1751094218179426713
2025-06-28T07:03:40.645Z,1751094220645814769
2025-06-28T07:03:40.679Z,1751094220679449113
2025-06-28T07:03:41.241Z,1751094221241525899
2025-06-28T07:03:42.472Z,1751094222472108378
2025-06-28T07:03:42.615Z,1751094222615531987
2025-06-28T07:03:43.271Z,1751094223271463558
2025-06-28T07:03:43.416Z,1751094223416477926
2025-06-28T07:03:43.416Z,1751094223416903545
2025-06-28T07:03:43.627Z,1751094223627685409
2025-06-28T07:03:44.404Z,1751094224404661363
2025-06-28T07:03:45.155Z,1751094225155768416
2025-06-28T07:03:47.461Z,1751094227461269132
2025-06-28T07:03:48.520Z,1751094228520681248
2025-06-28T07:03:50.886Z,1751094230886619786
2025-06-28T07:03:51.274Z,1751094231274863086
2025-06-28T07:03:51.643Z,1751094231643155350
2025-06-28T07:03:52.874Z,1751094232874608138
2025-06-28T07:03:54.375Z,1751094234375414205
2025-06-28T07:03:54.672Z,1751094234672137596
2025-06-28T07:03:54.799Z,1751094234799272666
2025-06-28T07:03:55.282Z,1751094235282739182
2025-06-28T07:03:57.640Z,1751094237640201120
2025-06-28T07:03:58.133Z,1751094238133894065
2025-06-28T07:03:58.685Z,1751094238685037181
2025-06-28T07:04:02.589Z,1751094242589673009
2025-06-28T07:04:05.247Z,1751094245247012262
2025-06-28T07:04:05.827Z,1751094245827370396
2025-06-28T07:04:06.395Z,1751094246395119464
2025-06-28T07:04:06.871Z,1751094246871392289
2025-06-28T07:04:07.389Z,1751094247389509214
2025-06-28T07:04:07.429Z,1751094247429792129
2025-06-28T07:04:09.621Z,1751094249621408620
2025-06-28T07:04:09.846Z,1751094249846646348
2025-06-28T07:04:11.157Z,1751094251157663361
2025-06-28T07:04:12.453Z,1751094252453471484
2025-06-28T07:04:12.518Z,1751094252518294936
2025-06-28T07:04:13.374Z,1751094253374842368
2025-06-28T07:04:13.946Z,1751094253946326188
2025-06-28T07:04:15.008Z,1751094255008010510
2025-06-28T07:04:16.938Z,1751094256938258337
2025-06-28T07:04:21.947Z,1751094261947909383
2025-06-28T07:04:24.983Z,1751094264983753673
2025-06-28T07:04:25.464Z,1751094265464416884
2025-06-28T07:04:26.857Z,1751094266857414266
2025-06-28T07:04:27.186Z,1751094267186049911
2025-06-28T07:04:28.616Z,1751094268616701934
2025-06-28T07:04:29.401Z,1751094269401663076
2025-06-28T07:04:30.024Z,1751094270024692832
2025-06-28T07:04:31.534Z,1751094271534950124
2025-06-28T07:04:31.772Z,1751094271772728325
2025-06-28T07:04:32.488Z,1751094272488497843
2025-06-28T07:04:34.263Z,1751094274263872043
2025-06-28T07:04:35.864Z,1751094275864870757
2025-06-28T07:04:35.887Z,1751094275887096778
2025-06-28T07:04:36.751Z,1751094276751256895
2025-06-28T07:04:36.803Z,1751094276803694396
2025-06-28T07:04:39.252Z,1751094279252649672
2025-06-28T07:04:39.763Z,1751094279763784561
2025-06-28T07:04:39.976Z,1751094279976671982
2025-06-28T07:04:40.233Z,1751094280233712258
2025-06-28T07:04:40.289Z,1751094280289650549
2025-06-28T07:04:41.203Z,1751094281203683659
2025-06-28T07:04:41.549Z,1751094281549533343
2025-06-28T07:04:41.587Z,1751094281587823609
2025-06-28T07:04:43.266Z,1751094283266760083
2025-06-28T07:04:47.531Z,1751094287531703175
2025-06-28T07:04:47.787Z,1751094287787971856
2025-06-28T07:04:48.021Z,1751094288021089400
2025-06-28T07:04:50.067Z,1751094290067909138
2025-06-28T07:04:50.166Z,1751094290166821178
2025-06-28T07:04:50.648Z,1751094290648947075
2025-06-28T07:04:50.909Z,1751094290909077063
2025-06-28T07:04:53.047Z,1751094293047326354
2025-06-28T07:04:56.618Z,1751094296618719145
2025-06-28T07:04:59.416Z,1751094299416454824
2025-06-28T07:04:59.985Z,1751094299985658853
2025-06-28T07:05:01.515Z,1751094301515721224
2025-06-28T07:05:02.298Z,1751094302298950251
2025-06-28T07:05:02.500Z,1751094302500037372
2025-06-28T07:05:03.097Z,1751094303097611276
2025-06-28T07:05:04.691Z,1751094304691791702
2025-06-28T07:05:05.105Z,1751094305105083335
2025-06-28T07:05:06.238Z,1751094306238481841
2025-06-28T07:05:06.548Z,1751094306548184352
2025-06-28T07:05:09.070Z,1751094309070937067
2025-06-28T07:05:09.350Z,1751094309350405158
2025-06-28T07:05:09.514Z,1751094309514075667
2025-06-28T07:05:10.637Z,1751094310637613905
2025-06-28T07:05:11.393Z,1751094311393194682
2025-06-28T07:05:12.111Z,1751094312111650215
2025-06-28T07:05:12.365Z,1751094312365014204
2025-06-28T07:05:14.296Z,1751094314296151685
2025-06-28T07:05:14.724Z,1751094314724677645
2025-06-28T07:05:15.287Z,1751094315287759945
2025-06-28T07:05:15.808Z,1751094315808171194
2025-06-28T07:05:16.024Z,1751094316024391465
2025-06-28T07:05:16.033Z,1751094316033819053
2025-06-28T07:05:17.306Z,1751094317306280984
2025-06-28T07:05:19.074Z,1751094319074325265
2025-06-28T07:05:20.182Z,1751094320182369225
2025-06-28T07:05:22.206Z,1751094322206702304
2025-06-28T07:05:23.404Z,1751094323404206226
2025-06-28T07:05:27.421Z,1751094327421405267
2025-06-28T07:05:29.040Z,1751094329040668957
2025-06-28T07:05:31.654Z,1751094331654066932
2025-06-28T07:05:33.616Z,1751094333616792204
2025-06-28T07:05:34.455Z,1751094334455615502
2025-06-28T07:05:34.952Z,1751094334952974779
2025-06-28T07:05:35.048Z,1751094335048624240
2025-06-28T07:05:35.709Z,1751094335709873630
2025-06-28T07:05:36.378Z,1751094336378961566
2025-06-28T07:05:36.904Z,1751094336904552508
2025-06-28T07:05:39.269Z,1751094339269806469
2025-06-28T07:05:39.798Z,1751094339798655539
2025-06-28T07:05:40.930Z,1751094340930781037
2025-06-28T07:05:42.627Z,1751094342627160688
2025-06-28T07:05:42.648Z,1751094342648387792
2025-06-28T07:05:42.767Z,1751094342767123546
2025-06-28T07:05:42.772Z,1751094342772948843
2025-06-28T07:05:44.318Z,1751094344318357800
2025-06-28T07:05:45.933Z,1751094345933910810
2025-06-28T07:05:48.673Z,1751094348673381690
2025-06-28T07:05:49.447Z,1751094349447152283
2025-06-28T07:05:50.238Z,1751094350238354100
2025-06-28T07:05:50.523Z,1751094350523940583
2025-06-28T07:05:52.244Z,1751094352244107830
2025-06-28T07:05:52.256Z,1751094352256049881
2025-06-28T07:05:53.046Z,1751094353046924796
2025-06-28T07:05:54.117Z,1751094354117921042
2025-06-28T07:05:55.576Z,1751094355576290575
2025-06-28T07:05:55.859Z,1751094355859651034
2025-06-28T07:05:56.746Z,1751094356746146064
2025-06-28T07:05:57.899Z,1751094357899139006
2025-06-28T07:05:59.711Z,1751094359711307675
2025-06-28T07:06:00.059Z,1751094360059780265
2025-06-28T07:06:01.455Z,1751094361455673513
2025-06-28T07:06:02.295Z,1751094362295129670
2025-06-28T07:06:02.727Z,1751094362727184605
2025-06-28T07:06:02.902Z,1751094362902386217
2025-06-28T07:06:03.049Z,1751094363049588956
2025-06-28T07:06:05.331Z,1751094365331647967
2025-06-28T07:06:06.073Z,1751094366073175343
2025-06-28T07:06:09.046Z,1751094369046011612
2025-06-28T07:06:11.749Z,1751094371749501152
2025-06-28T07:06:12.540Z,1751094372540033413
2025-06-28T07:06:12.805Z,1751094372805792026
2025-06-28T07:06:15.378Z,1751094375378562976
2025-06-28T07:06:15.425Z,1751094375425573595
2025-06-28T07:06:16.122Z,1751094376122874838
2025-06-28T07:06:16.353Z,1751094376353189321
2025-06-28T07:06:17.007Z,1751094377007937259
2025-06-28T07:06:17.098Z,1751094377098122977
2025-06-28T07:06:18.103Z,1751094378103691847
2025-06-28T07:06:18.336Z,1751094378336522420
2025-06-28T07:06:19.526Z,1751094379526477289
2025-06-28T07:06:21.085Z,1751094381085159096
2025-06-28T07:06:21.105Z,1751094381105480234
2025-06-28T07:06:22.898Z,1751094382898757686
2025-06-28T07:06:23.109Z,1751094383109498750
2025-06-28T07:06:23.228Z,1751094383228048186
2025-06-28T07:06:23.363Z,1751094383363465560
2025-06-28T07:06:23.771Z,1751094383771162944
2025-06-28T07:06:24.239Z,1751094384239125955
2025-06-28T07:06:26.113Z,1751094386113760691
2025-06-28T07:06:27.055Z,1751094387055505964
2025-06-28T07:06:28.734Z,1751094388734367184
2025-06-28T07:06:29.813Z,1751094389813981021
2025-06-28T07:06:32.664Z,1751094392664117921
2025-06-28T07:06:32.876Z,1751094392876456914
2025-06-28T07:06:33.525Z,1751094393525448208
2025-06-28T07:06:33.642Z,1751094393642610149
2025-06-28T07:06:33.683Z,1751094393683616948
2025-06-28T07:06:34.341Z,1751094394341238220
2025-06-28T07:06:34.809Z,1751094394809251151
2025-06-28T07:06:36.328Z,1751094396328209688
2025-06-28T07:06:37.200Z,1751094397200531106
2025-06-28T07:06:37.302Z,1751094397302052566
2025-06-28T07:06:37.570Z,1751094397570513181
2025-06-28T07:06:38.330Z,1751094398330735801
2025-06-28T07:06:42.600Z,1751094402600660556
2025-06-28T07:06:46.382Z,1751094406382904773
2025-06-28T07:06:51.909Z,1751094411909045764
2025-06-28T07:06:52.544Z,1751094412544160357
2025-06-28T07:06:53.707Z,1751094413707568167
2025-06-28T07:06:54.164Z,1751094414164262060
2025-06-28T07:06:56.654Z,1751094416654024606
2025-06-28T07:06:57.258Z,1751094417258737608
2025-06-28T07:06:59.761Z,1751094419761279898
2025-06-28T07:06:59.945Z,1751094419945100549
2025-06-28T07:07:00.228Z,1751094420228998278
2025-06-28T07:07:00.261Z,1751094420261102870
2025-06-28T07:07:01.832Z,1751094421832440737
2025-06-28T07:07:02.508Z,1751094422508054311
2025-06-28T07:07:04.856Z,1751094424856435235
2025-06-28T07:07:06.324Z,1751094426324349105
2025-06-28T07:07:06.331Z,1751094426331362296
2025-06-28T07:07:07.038Z,1751094427038660221
2025-06-28T07:07:07.229Z,1751094427229037649
2025-06-28T07:07:07.345Z,1751094427345934963
2025-06-28T07:07:07.667Z,1751094427667765679
2025-06-28T07:07:07.779Z,1751094427779262837
2025-06-28T07:07:08.603Z,1751094428603036701
2025-06-28T07:07:08.691Z,1751094428691138968
2025-06-28T07:07:08.719Z,1751094428719545907
2025-06-28T07:07:10.075Z,1751094430075759840
2025-06-28T07:07:11.374Z,1751094431374700947
2025-06-28T07:07:11.537Z,1751094431537590899
2025-06-28T07:07:13.899Z,1751094433899635477
2025-06-28T07:07:14.689Z,1751094434689374148
2025-06-28T07:07:15.339Z,1751094435339720177
2025-06-28T07:07:16.640Z,1751094436640016725
2025-06-28T07:07:17.222Z,1751094437222127366
2025-06-28T07:07:18.299Z,1751094438299425098
2025-06-28T07:07:18.325Z,1751094438325490332
2025-06-28T07:07:20.585Z,1751094440585098040
2025-06-28T07:07:21.759Z,1751094441759004523
2025-06-28T07:07:24.979Z,1751094444979222576
2025-06-28T07:07:28.095Z,1751094448095434550
2025-06-28T07:07:29.314Z,1751094449314635274
2025-06-28T07:07:29.404Z,1751094449404461166
2025-06-28T07:07:33.005Z,1751094453005649528
2025-06-28T07:07:33.046Z,1751094453046966001
2025-06-28T07:07:36.831Z,1751094456831012350
2025-06-28T07:07:40.504Z,1751094460504233677
2025-06-28T07:07:45.070Z,1751094465070404504
2025-06-28T07:07:46.459Z,1751094466459619526
2025-06-28T07:07:49.519Z,1751094469519175198
2025-06-28T07:07:50.256Z,1751094470256386302
2025-06-28T07:07:51.575Z,1751094471575348862
2025-06-28T07:07:51.948Z,1751094471948826154
2025-06-28T07:07:52.117Z,1751094472117430373
2025-06-28T07:07:52.670Z,1751094472670019277
2025-06-28T07:07:53.157Z,1751094473157729250
2025-06-28T07:07:53.349Z,1751094473349079564
2025-06-28T07:07:53.446Z,1751094473446332849
2025-06-28T07:07:53.758Z,1751094473758442622
2025-06-28T07:07:54.512Z,1751094474512826257
2025-06-28T07:07:54.814Z,1751094474814248121
2025-06-28T07:07:55.684Z,1751094475684609482
2025-06-28T07:07:56.867Z,1751094476867469077
2025-06-28T07:07:57.107Z,1751094477107097353
2025-06-28T07:07:58.603Z,1751094478603112963
2025-06-28T07:07:59.475Z,1751094479475382330
2025-06-28T07:08:00.408Z,1751094480408212588
2025-06-28T07:08:00.612Z,1751094480612503941
2025-06-28T07:08:00.904Z,1751094480904236448
2025-06-28T07:08:05.727Z,1751094485727351662
2025-06-28T07:08:07.070Z,1751094487070588268
2025-06-28T07:08:07.727Z,1751094487727738321
2025-06-28T07:08:11.915Z,1751094491915598698
2025-06-28T07:08:15.916Z,1751094495916927805
2025-06-28T07:08:16.127Z,1751094496127228940
2025-06-28T07:08:17.916Z,1751094497916616984
2025-06-28T07:08:19.364Z,1751094499364316790
2025-06-28T07:08:19.410Z,1751094499410139787
2025-06-28T07:08:23.221Z,1751094503221745140
2025-06-28T07:08:24.081Z,1751094504081655068
2025-06-28T07:08:24.410Z,1751094504410146575
2025-06-28T07:08:25.235Z,1751094505235125054
2025-06-28T07:08:25.427Z,1751094505427350604
2025-06-28T07:08:25.660Z,1751094505660205786
2025-06-28T07:08:26.184Z,1751094506184043707
2025-06-28T07:08:29.716Z,1751094509716357868
2025-06-28T07:08:29.841Z,1751094509841037402
2025-06-28T07:08:32.987Z,1751094512987243143
2025-06-28T07:08:34.262Z,1751094514262942599
2025-06-28T07:08:38.019Z,1751094518019347215
2025-06-28T07:08:38.071Z,1751094518071437567
2025-06-28T07:08:38.383Z,1751094518383202737
2025-06-28T07:08:38.832Z,1751094518832904676
2025-06-28T07:08:38.906Z,1751094518906221106
2025-06-28T07:08:39.004Z,1751094519004465317
2025-06-28T07:08:43.018Z,1751094523018334336
2025-06-28T07:08:48.276Z,1751094528276556167
2025-06-28T07:08:48.406Z,1751094528406520905
2025-06-28T07:08:50.911Z,1751094530911527167
2025-06-28T07:08:51.835Z,1751094531835062691
2025-06-28T07:08:52.609Z,1751094532609855234
2025-06-28T07:08:53.109Z,1751094533109868806
2025-06-28T07:08:53.460Z,1751094533460312711
2025-06-28T07:08:53.784Z,1751094533784963099
2025-06-28T07:08:54.063Z,1751094534063658326
2025-06-28T07:08:54.330Z,1751094534330402905
2025-06-28T07:08:54.854Z,1751094534854489736
2025-06-28T07:08:55.776Z,1751094535776787714
2025-06-28T07:08:56.266Z,1751094536266856029
2025-06-28T07:08:57.042Z,1751094537042055296
2025-06-28T07:08:58.758Z,1751094538758104701
2025-06-28T07:08:59.651Z,1751094539651506502
2025-06-28T07:08:59.702Z,1751094539702731012
2025-06-28T07:09:02.573Z,1751094542573282411
2025-06-28T07:09:04.734Z,1751094544734002540
2025-06-28T07:09:06.390Z,1751094546390310127
2025-06-28T07:09:06.448Z,1751094546448047886
2025-06-28T07:09:07.107Z,1751094547107548296
2025-06-28T07:09:07.447Z,1751094547447044162
2025-06-28T07:09:09.094Z,1751094549094258973
2025-06-28T07:09:09.499Z,1751094549499384899
2025-06-28T07:09:11.580Z,1751094551580911170
2025-06-28T07:09:11.780Z,1751094551780550941
2025-06-28T07:09:12.057Z,1751094552057620084
2025-06-28T07:09:14.120Z,1751094554120195176
2025-06-28T07:09:14.931Z,1751094554931507880
2025-06-28T07:09:15.561Z,1751094555561982959
2025-06-28T07:09:16.368Z,1751094556368307647
2025-06-28T07:09:16.407Z,1751094556407111374
2025-06-28T07:09:18.011Z,1751094558011392232
2025-06-28T07:09:19.786Z,1751094559786749015
2025-06-28T07:09:22.091Z,1751094562091301812
2025-06-28T07:09:23.462Z,1751094563462359975
2025-06-28T07:09:23.895Z,1751094563895266671
2025-06-28T07:09:26.771Z,1751094566771020957
2025-06-28T07:09:28.196Z,1751094568196891289
2025-06-28T07:09:32.139Z,1751094572139347975
2025-06-28T07:09:32.474Z,1751094572474834689
2025-06-28T07:09:34.126Z,1751094574126775679
2025-06-28T07:09:36.380Z,1751094576380112875
2025-06-28T07:09:40.050Z,1751094580050913580
2025-06-28T07:09:43.045Z,1751094583045235617
2025-06-28T07:09:44.485Z,1751094584485044783
2025-06-28T07:09:45.857Z,1751094585857318197
2025-06-28T07:09:49.004Z,1751094589004206131
2025-06-28T07:09:49.256Z,1751094589256370189
2025-06-28T07:09:50.605Z,1751094590605349820
2025-06-28T07:09:51.055Z,1751094591055490170
2025-06-28T07:09:52.440Z,1751094592440932699
2025-06-28T07:09:52.838Z,1751094592838279145
2025-06-28T07:09:53.131Z,1751094593131481771
2025-06-28T07:09:53.256Z,1751094593256648240
2025-06-28T07:09:55.218Z,1751094595218625064
2025-06-28T07:09:57.232Z,1751094597232629266
2025-06-28T07:09:58.733Z,1751094598733880086
2025-06-28T07:10:01.451Z,1751094601451518182
2025-06-28T07:10:01.606Z,1751094601606692021
2025-06-28T07:10:02.149Z,1751094602149123073
2025-06-28T07:10:03.830Z,1751094603830646624
2025-06-28T07:10:07.647Z,1751094607647719884
2025-06-28T07:10:09.542Z,1751094609542956741
2025-06-28T07:10:13.831Z,1751094613831620835
2025-06-28T07:10:14.891Z,1751094614891431207
2025-06-28T07:10:19.002Z,1751094619002448989
2025-06-28T07:10:19.004Z,1751094619004704670
2025-06-28T07:10:19.229Z,1751094619229201753
2025-06-28T07:10:24.104Z,1751094624104410912
2025-06-28T07:10:24.473Z,1751094624473584462
2025-06-28T07:10:24.530Z,1751094624530349873
2025-06-28T07:10:24.981Z,1751094624981850224
2025-06-28T07:10:26.640Z,1751094626640158478
2025-06-28T07:10:26.847Z,1751094626847055990
2025-06-28T07:10:28.099Z,1751094628099920951
2025-06-28T07:10:28.112Z,1751094628112196633
2025-06-28T07:10:29.484Z,1751094629484747483
2025-06-28T07:10:29.624Z,1751094629624469998
2025-06-28T07:10:29.817Z,1751094629817918767
2025-06-28T07:10:30.285Z,1751094630285524644
2025-06-28T07:10:31.903Z,1751094631903975049
2025-06-28T07:10:35.796Z,1751094635796522914
2025-06-28T07:10:37.517Z,1751094637517347819
2025-06-28T07:10:39.128Z,1751094639128518320
2025-06-28T07:10:39.349Z,1751094639349912942
2025-06-28T07:10:39.747Z,1751094639747250868
2025-06-28T07:10:41.111Z,1751094641111911732
2025-06-28T07:10:41.743Z,1751094641743908095
2025-06-28T07:10:42.892Z,1751094642892445930
2025-06-28T07:10:43.332Z,1751094643332321860
2025-06-28T07:10:43.636Z,1751094643636422140
2025-06-28T07:10:44.555Z,1751094644555800221
2025-06-28T07:10:45.091Z,1751094645091417508
2025-06-28T07:10:45.306Z,1751094645306816247
2025-06-28T07:10:45.542Z,1751094645542285596
2025-06-28T07:10:46.853Z,1751094646853334032
2025-06-28T07:10:48.341Z,1751094648341748617
2025-06-28T07:10:48.786Z,1751094648786013399
2025-06-28T07:10:54.169Z,1751094654169731327
2025-06-28T07:10:54.678Z,1751094654678362784
2025-06-28T07:10:56.210Z,1751094656210400106
2025-06-28T07:10:56.286Z,1751094656286403791
2025-06-28T07:10:56.744Z,1751094656744204189
2025-06-28T07:10:57.352Z,1751094657352838581
2025-06-28T07:10:58.128Z,1751094658128795957
2025-06-28T07:10:59.830Z,1751094659830230369
2025-06-28T07:11:01.205Z,1751094661205534409
2025-06-28T07:11:02.891Z,1751094662891901600
2025-06-28T07:11:04.121Z,1751094664121778924
2025-06-28T07:11:04.550Z,1751094664550082465
2025-06-28T07:11:05.698Z,1751094665698726831
2025-06-28T07:11:06.777Z,1751094666777433374
2025-06-28T07:11:07.272Z,1751094667272608394
2025-06-28T07:11:08.597Z,1751094668597781176
2025-06-28T07:11:11.230Z,1751094671230034613
2025-06-28T07:11:12.005Z,1751094672005912060
2025-06-28T07:11:12.240Z,1751094672240967694
2025-06-28T07:11:12.780Z,1751094672780176663
2025-06-28T07:11:13.768Z,1751094673768021390
2025-06-28T07:11:13.995Z,1751094673995212873
2025-06-28T07:11:14.043Z,1751094674043037632
2025-06-28T07:11:18.045Z,1751094678045678374
2025-06-28T07:11:18.366Z,1751094678366690552
2025-06-28T07:11:19.041Z,1751094679041765585
2025-06-28T07:11:19.190Z,1751094679190353906
2025-06-28T07:11:21.489Z,1751094681489547152
2025-06-28T07:11:22.010Z,1751094682010101936
2025-06-28T07:11:22.183Z,1751094682183454797
2025-06-28T07:11:22.754Z,1751094682754372492
2025-06-28T07:11:24.660Z,1751094684660642456
2025-06-28T07:11:25.522Z,1751094685522192282
2025-06-28T07:11:25.871Z,1751094685871005265
2025-06-28T07:11:26.088Z,1751094686088026183
2025-06-28T07:11:26.192Z,1751094686192771561
2025-06-28T07:11:26.265Z,1751094686265210943
2025-06-28T07:11:28.078Z,1751094688078807265
2025-06-28T07:11:28.447Z,1751094688447502994
2025-06-28T07:11:31.362Z,1751094691362578401
2025-06-28T07:11:31.868Z,1751094691868886716
2025-06-28T07:11:32.471Z,1751094692471792319
2025-06-28T07:11:34.944Z,1751094694944917706
2025-06-28T07:11:36.775Z,1751094696775488485
2025-06-28T07:11:39.225Z,1751094699225060456
2025-06-28T07:11:39.469Z,1751094699469712772
2025-06-28T07:11:40.581Z,1751094700581912349
2025-06-28T07:11:40.609Z,1751094700609048022
2025-06-28T07:11:41.823Z,1751094701823309713
2025-06-28T07:11:42.375Z,1751094702375488053
2025-06-28T07:11:46.325Z,1751094706325842970
2025-06-28T07:11:46.967Z,1751094706967101349
2025-06-28T07:11:47.234Z,1751094707234994377
2025-06-28T07:11:49.904Z,1751094709904642033
2025-06-28T07:11:50.528Z,1751094710528848904
2025-06-28T07:11:51.220Z,1751094711220776098
2025-06-28T07:11:51.565Z,1751094711565072456
2025-06-28T07:11:54.510Z,1751094714510762893
2025-06-28T07:11:54.839Z,1751094714839529243
2025-06-28T07:11:55.630Z,1751094715630784968
2025-06-28T07:11:57.542Z,1751094717542446930
2025-06-28T07:11:57.872Z,1751094717872748103
2025-06-28T07:11:58.742Z,1751094718742544810
2025-06-28T07:11:59.486Z,1751094719486442623
2025-06-28T07:12:00.153Z,1751094720153654248
2025-06-28T07:12:00.185Z,1751094720185429679
2025-06-28T07:12:03.917Z,1751094723917328866
2025-06-28T07:12:04.695Z,1751094724695782494
2025-06-28T07:12:05.002Z,1751094725002943718
2025-06-28T07:12:06.364Z,1751094726364860470
2025-06-28T07:12:06.714Z,1751094726714325815
2025-06-28T07:12:13.014Z,1751094733014994781
2025-06-28T07:12:13.510Z,1751094733510113289
2025-06-28T07:12:13.962Z,1751094733962001835
2025-06-28T07:12:18.146Z,1751094738146067198
2025-06-28T07:12:18.395Z,1751094738395725818
2025-06-28T07:12:19.048Z,1751094739048485669
2025-06-28T07:12:20.657Z,1751094740657966484
2025-06-28T07:12:20.858Z,1751094740858129109
2025-06-28T07:12:22.819Z,1751094742819717518
2025-06-28T07:12:25.887Z,1751094745887335670
2025-06-28T07:12:28.009Z,1751094748009430947
2025-06-28T07:12:28.307Z,1751094748307275227
2025-06-28T07:12:28.332Z,1751094748332605418
2025-06-28T07:12:29.038Z,1751094749038479760
2025-06-28T07:12:31.697Z,1751094751697425667
2025-06-28T07:12:35.800Z,1751094755800637113
2025-06-28T07:12:36.030Z,1751094756030848915
2025-06-28T07:12:37.506Z,1751094757506829197
2025-06-28T07:12:37.861Z,1751094757861426177
2025-06-28T07:12:38.813Z,1751094758813483398
2025-06-28T07:12:42.489Z,1751094762489794652
2025-06-28T07:12:43.209Z,1751094763209514128
2025-06-28T07:12:43.367Z,1751094763367969071
2025-06-28T07:12:44.625Z,1751094764625358281
2025-06-28T07:12:44.752Z,1751094764752308346
2025-06-28T07:12:45.623Z,1751094765623616668
2025-06-28T07:12:45.639Z,1751094765639223167
2025-06-28T07:12:45.779Z,1751094765779053216
2025-06-28T07:12:46.118Z,1751094766118783839
2025-06-28T07:12:46.280Z,1751094766280805982
2025-06-28T07:12:46.459Z,1751094766459437489
2025-06-28T07:12:47.098Z,1751094767098718467
2025-06-28T07:12:52.573Z,1751094772573013923
2025-06-28T07:12:54.917Z,1751094774917327461
2025-06-28T07:12:55.366Z,1751094775366808065
2025-06-28T07:12:57.756Z,1751094777756935150
2025-06-28T07:12:59.977Z,1751094779977350281
2025-06-28T07:13:00.489Z,1751094780489896594
2025-06-28T07:13:00.918Z,1751094780918153291
2025-06-28T07:13:01.801Z,1751094781801089372
2025-06-28T07:13:04.372Z,1751094784372848557
2025-06-28T07:13:04.572Z,1751094784572222776
2025-06-28T07:13:06.294Z,1751094786294401753
2025-06-28T07:13:13.861Z,1751094793861967012
2025-06-28T07:13:15.860Z,1751094795860408677
2025-06-28T07:13:16.518Z,1751094796518640621
2025-06-28T07:13:17.881Z,1751094797881638604
2025-06-28T07:13:18.449Z,1751094798449670806
2025-06-28T07:13:18.649Z,1751094798649309953
2025-06-28T07:13:19.463Z,1751094799463893492
2025-06-28T07:13:20.361Z,1751094800361885537
2025-06-28T07:13:20.775Z,1751094800775635092
2025-06-28T07:13:20.826Z,1751094800826457438
2025-06-28T07:13:21.117Z,1751094801117741514
2025-06-28T07:13:23.300Z,1751094803300134907
2025-06-28T07:13:25.032Z,1751094805032058296
2025-06-28T07:13:25.336Z,1751094805336705396
2025-06-28T07:13:27.336Z,1751094807336570471
2025-06-28T07:13:28.731Z,1751094808731485245
2025-06-28T07:13:31.234Z,1751094811234735680
2025-06-28T07:13:31.638Z,1751094811638509538
2025-06-28T07:13:31.907Z,1751094811907569037
2025-06-28T07:13:35.471Z,1751094815471614286
2025-06-28T07:13:35.796Z,1751094815796808546
2025-06-28T07:13:35.943Z,1751094815943848573
2025-06-28T07:13:36.306Z,1751094816306048436
2025-06-28T07:13:37.487Z,1751094817487005677
2025-06-28T07:13:37.642Z,1751094817642783903
2025-06-28T07:13:40.525Z,1751094820525698259
2025-06-28T07:13:41.158Z,1751094821158234595
2025-06-28T07:13:42.948Z,1751094822948956545
2025-06-28T07:13:44.095Z,1751094824095685729
2025-06-28T07:13:44.249Z,1751094824249764588
2025-06-28T07:13:48.290Z,1751094828290218561
2025-06-28T07:13:52.777Z,1751094832777480304
2025-06-28T07:13:54.150Z,1751094834150041240
2025-06-28T07:13:55.687Z,1751094835687930934
2025-06-28T07:13:56.340Z,1751094836340242194
2025-06-28T07:13:58.535Z,1751094838535292842
2025-06-28T07:13:59.171Z,1751094839171179374
2025-06-28T07:14:01.420Z,1751094841420407291
2025-06-28T07:14:01.972Z,1751094841972681145
2025-06-28T07:14:02.545Z,1751094842545137684
2025-06-28T07:14:06.562Z,1751094846562835856
2025-06-28T07:14:08.814Z,1751094848814194591
2025-06-28T07:14:10.509Z,1751094850509676083
2025-06-28T07:14:11.179Z,1751094851179838083
2025-06-28T07:14:11.692Z,1751094851692762019
2025-06-28T07:14:11.754Z,1751094851754387300
2025-06-28T07:14:12.796Z,1751094852796199499
2025-06-28T07:14:13.708Z,1751094853708831068
2025-06-28T07:14:15.450Z,1751094855450158900
2025-06-28T07:14:15.952Z,1751094855952327571
2025-06-28T07:14:16.819Z,1751094856819653525
2025-06-28T07:14:17.678Z,1751094857678282863
2025-06-28T07:14:18.128Z,1751094858128257301
2025-06-28T07:14:19.043Z,1751094859043171115
2025-06-28T07:14:24.332Z,1751094864332255128
2025-06-28T07:14:24.862Z,1751094864862005265
2025-06-28T07:14:26.748Z,1751094866748133122
2025-06-28T07:14:27.443Z,1751094867443381946
2025-06-28T07:14:28.897Z,1751094868897807923
2025-06-28T07:14:32.522Z,1751094872522847090
2025-06-28T07:14:32.616Z,1751094872616028805
2025-06-28T07:14:34.563Z,1751094874563182427
2025-06-28T07:14:34.606Z,1751094874606185141
2025-06-28T07:14:34.722Z,1751094874722479130
2025-06-28T07:14:37.546Z,1751094877546068916
2025-06-28T07:14:37.804Z,1751094877804225577
2025-06-28T07:14:38.411Z,1751094878411923197
2025-06-28T07:14:39.270Z,1751094879270781030
2025-06-28T07:14:41.089Z,1751094881089230270
2025-06-28T07:14:42.084Z,1751094882084953237
2025-06-28T07:14:45.860Z,1751094885860027475
2025-06-28T07:14:46.735Z,1751094886735163999
2025-06-28T07:14:49.246Z,1751094889246293379
2025-06-28T07:14:49.501Z,1751094889501663139
2025-06-28T07:14:49.824Z,1751094889824917655
2025-06-28T07:14:51.318Z,1751094891318903060
2025-06-28T07:14:53.319Z,1751094893319132635
2025-06-28T07:14:53.999Z,1751094893999621102
2025-06-28T07:14:54.023Z,1751094894023403338
2025-06-28T07:14:55.075Z,1751094895075912686
2025-06-28T07:14:56.061Z,1751094896061807430
2025-06-28T07:14:59.323Z,1751094899323842147
2025-06-28T07:15:00.252Z,1751094900252467273
2025-06-28T07:15:03.725Z,1751094903725876531
2025-06-28T07:15:04.529Z,1751094904529918916
2025-06-28T07:15:04.963Z,1751094904963235365
2025-06-28T07:15:05.527Z,1751094905527653006
2025-06-28T07:15:07.264Z,1751094907264614813
2025-06-28T07:15:08.283Z,1751094908283722581
2025-06-28T07:15:10.132Z,1751094910132665201
2025-06-28T07:15:11.044Z,1751094911044562949
2025-06-28T07:15:13.922Z,1751094913922119118
2025-06-28T07:15:16.704Z,1751094916704646432
2025-06-28T07:15:16.726Z,1751094916726019054
2025-06-28T07:15:18.230Z,1751094918230803491
2025-06-28T07:15:19.098Z,1751094919098890403
2025-06-28T07:15:19.358Z,1751094919358560057
2025-06-28T07:15:20.278Z,1751094920278630431
2025-06-28T07:15:20.747Z,1751094920747501881
2025-06-28T07:15:23.176Z,1751094923176682656
2025-06-28T07:15:24.093Z,1751094924093420832
2025-06-28T07:15:24.151Z,1751094924151565194
2025-06-28T07:15:25.361Z,1751094925361976996
2025-06-28T07:15:28.646Z,1751094928646252430
2025-06-28T07:15:30.552Z,1751094930552100620
2025-06-28T07:15:31.722Z,1751094931722231761
2025-06-28T07:15:34.352Z,1751094934352741322
2025-06-28T07:15:38.400Z,1751094938400555780
2025-06-28T07:15:44.913Z,1751094944913773227
2025-06-28T07:15:45.793Z,1751094945793420071
2025-06-28T07:15:46.781Z,1751094946781161162
2025-06-28T07:15:49.736Z,1751094949736095512
2025-06-28T07:15:49.956Z,1751094949956655003
2025-06-28T07:15:50.676Z,1751094950676887448
2025-06-28T07:15:51.082Z,1751094951082812712
2025-06-28T07:15:51.151Z,1751094951151169973
2025-06-28T07:15:51.473Z,1751094951473931220
2025-06-28T07:15:53.746Z,1751094953746762414
2025-06-28T07:15:54.416Z,1751094954416116592
2025-06-28T07:15:54.451Z,1751094954451206165
2025-06-28T07:15:56.032Z,1751094956032406689
2025-06-28T07:15:56.624Z,1751094956624876670
2025-06-28T07:15:56.913Z,1751094956913376596
2025-06-28T07:15:57.530Z,1751094957530161116
2025-06-28T07:15:57.940Z,1751094957940592977
2025-06-28T07:15:57.987Z,1751094957987998902
2025-06-28T07:15:58.700Z,1751094958700896624
2025-06-28T07:16:00.745Z,1751094960745468738
2025-06-28T07:16:01.888Z,1751094961888547775
2025-06-28T07:16:02.540Z,1751094962540071876
2025-06-28T07:16:03.200Z,1751094963200926097
2025-06-28T07:16:03.864Z,1751094963864062554
2025-06-28T07:16:04.797Z,1751094964797014970
2025-06-28T07:16:07.030Z,1751094967030866051
2025-06-28T07:16:07.789Z,1751094967789176103
2025-06-28T07:16:07.833Z,1751094967833497507
2025-06-28T07:16:08.125Z,1751094968125741396
2025-06-28T07:16:09.947Z,1751094969947900098
2025-06-28T07:16:10.448Z,1751094970448646848
2025-06-28T07:16:12.531Z,1751094972531277986
2025-06-28T07:16:12.680Z,1751094972680211364
2025-06-28T07:16:12.796Z,1751094972796711228
2025-06-28T07:16:13.442Z,1751094973442664686
2025-06-28T07:16:13.766Z,1751094973766185687
2025-06-28T07:16:14.351Z,1751094974351519495
2025-06-28T07:16:14.614Z,1751094974614645928
2025-06-28T07:16:15.249Z,1751094975249263027
2025-06-28T07:16:17.736Z,1751094977736087093
2025-06-28T07:16:20.595Z,1751094980595472533
2025-06-28T07:16:27.507Z,1751094987507191328
2025-06-28T07:16:28.217Z,1751094988217671488
2025-06-28T07:16:29.429Z,1751094989429078976
2025-06-28T07:16:33.385Z,1751094993385481470
2025-06-28T07:16:33.683Z,1751094993683025642
2025-06-28T07:16:35.949Z,1751094995949784783
2025-06-28T07:16:36.519Z,1751094996519553528
2025-06-28T07:16:37.301Z,1751094997301674629
2025-06-28T07:16:37.482Z,1751094997482424250
2025-06-28T07:16:38.779Z,1751094998779804184
2025-06-28T07:16:38.874Z,1751094998874509669
2025-06-28T07:16:38.958Z,1751094998958770159
2025-06-28T07:16:39.808Z,1751094999808262117
2025-06-28T07:16:39.963Z,1751094999963253458
2025-06-28T07:16:41.308Z,1751095001308900087
2025-06-28T07:16:43.091Z,1751095003091332314
2025-06-28T07:16:43.280Z,1751095003280323976
2025-06-28T07:16:44.410Z,1751095004410553433
2025-06-28T07:16:44.600Z,1751095004600213276
2025-06-28T07:16:46.254Z,1751095006254868072
2025-06-28T07:16:46.592Z,1751095006592431301
2025-06-28T07:16:46.850Z,1751095006850575991
2025-06-28T07:16:50.613Z,1751095010613428399
2025-06-28T07:16:52.577Z,1751095012577248274
2025-06-28T07:16:54.357Z,1751095014357841967
2025-06-28T07:16:54.695Z,1751095014695222595
2025-06-28T07:16:58.995Z,1751095018995250904
2025-06-28T07:17:00.902Z,1751095020902293101
2025-06-28T07:17:02.161Z,1751095022161680989
2025-06-28T07:17:04.356Z,1751095024356564641
2025-06-28T07:17:04.650Z,1751095024650578927
2025-06-28T07:17:04.789Z,1751095024789179040
2025-06-28T07:17:07.715Z,1751095027715639697
2025-06-28T07:17:08.643Z,1751095028643496608
2025-06-28T07:17:09.330Z,1751095029330773151
2025-06-28T07:17:10.990Z,1751095030990881175
2025-06-28T07:17:12.171Z,1751095032171458421
2025-06-28T07:17:14.018Z,1751095034018472350
2025-06-28T07:17:15.386Z,1751095035386963105
2025-06-28T07:17:15.429Z,1751095035429200702
2025-06-28T07:17:15.585Z,1751095035585573087
2025-06-28T07:17:17.732Z,1751095037732367406
2025-06-28T07:17:19.877Z,1751095039877693943
2025-06-28T07:17:20.141Z,1751095040141276885
2025-06-28T07:17:21.283Z,1751095041283462032
2025-06-28T07:17:23.201Z,1751095043201167560
2025-06-28T07:17:23.370Z,1751095043370746853
2025-06-28T07:17:25.034Z,1751095045034861898
2025-06-28T07:17:27.248Z,1751095047248449293
2025-06-28T07:17:27.833Z,1751095047833342833
2025-06-28T07:17:28.679Z,1751095048679891019
2025-06-28T07:17:29.057Z,1751095049057709592
2025-06-28T07:17:29.507Z,1751095049507491802
2025-06-28T07:17:30.058Z,1751095050058140049
2025-06-28T07:17:31.292Z,1751095051292292772
2025-06-28T07:17:32.654Z,1751095052654779638
2025-06-28T07:17:35.642Z,1751095055642249084
2025-06-28T07:17:35.948Z,1751095055948883747
2025-06-28T07:17:38.197Z,1751095058197016276
2025-06-28T07:17:38.241Z,1751095058241247603
2025-06-28T07:17:38.308Z,1751095058308888544
2025-06-28T07:17:38.433Z,1751095058433843926
2025-06-28T07:17:41.061Z,1751095061061929775
2025-06-28T07:17:41.160Z,1751095061160007495
2025-06-28T07:17:42.196Z,1751095062196196974
2025-06-28T07:17:42.764Z,1751095062764839598
2025-06-28T07:17:45.160Z,1751095065160699084
2025-06-28T07:17:45.666Z,1751095065666109283
2025-06-28T07:17:46.709Z,1751095066709268988
2025-06-28T07:17:48.235Z,1751095068235425475
2025-06-28T07:17:49.501Z,1751095069501905813
2025-06-28T07:17:49.809Z,1751095069809904004
2025-06-28T07:17:55.969Z,1751095075969958830
2025-06-28T07:17:58.358Z,1751095078358097567
2025-06-28T07:18:01.831Z,1751095081831648283
2025-06-28T07:18:02.255Z,1751095082255554836
2025-06-28T07:18:02.347Z,1751095082347302378
2025-06-28T07:18:03.026Z,1751095083026992921
2025-06-28T07:18:03.549Z,1751095083549187040
2025-06-28T07:18:07.961Z,1751095087961935825
2025-06-28T07:18:08.944Z,1751095088944887455
2025-06-28T07:18:10.161Z,1751095090161550703
2025-06-28T07:18:17.287Z,1751095097287545558
2025-06-28T07:18:18.230Z,1751095098230348880
2025-06-28T07:18:18.756Z,1751095098756456545
2025-06-28T07:18:19.375Z,1751095099375302987
2025-06-28T07:18:22.067Z,1751095102067418311
2025-06-28T07:18:22.078Z,1751095102078078664
2025-06-28T07:18:23.170Z,1751095103170313209
2025-06-28T07:18:24.943Z,1751095104943163802
2025-06-28T07:18:25.846Z,1751095105846656385
2025-06-28T07:18:32.374Z,1751095112374684415
2025-06-28T07:18:33.970Z,1751095113970285831
2025-06-28T07:18:34.677Z,1751095114677326652
2025-06-28T07:18:35.124Z,1751095115124417491
2025-06-28T07:18:39.857Z,1751095119857331275
2025-06-28T07:18:40.591Z,1751095120591075758
2025-06-28T07:18:40.734Z,1751095120734299162
2025-06-28T07:18:43.903Z,1751095123903050754
2025-06-28T07:18:44.305Z,1751095124305913379
2025-06-28T07:18:46.746Z,1751095126746103822
2025-06-28T07:18:46.766Z,1751095126766970639
2025-06-28T07:18:48.370Z,1751095128370567287
2025-06-28T07:18:51.540Z,1751095131540266219
2025-06-28T07:18:52.201Z,1751095132201811651
2025-06-28T07:18:52.772Z,1751095132772248352
2025-06-28T07:18:57.752Z,1751095137752195294
2025-06-28T07:18:58.482Z,1751095138482273795
2025-06-28T07:18:58.755Z,1751095138755966137
2025-06-28T07:18:58.769Z,1751095138769727034
2025-06-28T07:19:00.412Z,1751095140412313436
2025-06-28T07:19:02.277Z,1751095142277926261
2025-06-28T07:19:05.293Z,1751095145293938675
2025-06-28T07:19:06.558Z,1751095146558651708
2025-06-28T07:19:06.774Z,1751095146774460751
2025-06-28T07:19:07.036Z,1751095147036995650
2025-06-28T07:19:09.545Z,1751095149545430368
2025-06-28T07:19:09.663Z,1751095149663792747
2025-06-28T07:19:09.854Z,1751095149854933036
2025-06-28T07:19:11.950Z,1751095151950200599
2025-06-28T07:19:12.166Z,1751095152166508321
2025-06-28T07:19:14.012Z,1751095154012814825
2025-06-28T07:19:15.262Z,1751095155262246631
2025-06-28T07:19:15.437Z,1751095155437642915
2025-06-28T07:19:15.603Z,1751095155603636397
2025-06-28T07:19:16.114Z,1751095156114499692
2025-06-28T07:19:17.505Z,1751095157505956076
2025-06-28T07:19:20.299Z,1751095160299731620
2025-06-28T07:19:20.781Z,1751095160781560224
2025-06-28T07:19:22.794Z,1751095162794407948
2025-06-28T07:19:23.020Z,1751095163020247339
2025-06-28T07:19:25.146Z,1751095165146559207
2025-06-28T07:19:25.170Z,1751095165170397260
2025-06-28T07:19:25.235Z,1751095165235614894
2025-06-28T07:19:26.235Z,1751095166235225611
2025-06-28T07:19:26.312Z,1751095166312080416
2025-06-28T07:19:30.125Z,1751095170125494601
2025-06-28T07:19:30.938Z,1751095170938784590
2025-06-28T07:19:31.531Z,1751095171531542328
2025-06-28T07:19:31.714Z,1751095171714688682
2025-06-28T07:19:31.773Z,1751095171773926805
2025-06-28T07:19:32.570Z,1751095172570680865
2025-06-28T07:19:33.390Z,1751095173390624133
2025-06-28T07:19:33.411Z,1751095173411048664
2025-06-28T07:19:34.670Z,1751095174670602532
2025-06-28T07:19:35.711Z,1751095175711936050
2025-06-28T07:19:36.737Z,1751095176737190109
2025-06-28T07:19:37.276Z,1751095177276917876
2025-06-28T07:19:37.592Z,1751095177592343725
2025-06-28T07:19:38.503Z,1751095178503162386
2025-06-28T07:19:39.153Z,1751095179153471522
2025-06-28T07:19:40.747Z,1751095180747716730
2025-06-28T07:19:40.905Z,1751095180905728614
2025-06-28T07:19:43.197Z,1751095183197457201
2025-06-28T07:19:43.920Z,1751095183920431302
2025-06-28T07:19:43.926Z,1751095183926007224
2025-06-28T07:19:44.039Z,1751095184039244927
2025-06-28T07:19:44.361Z,1751095184361073771
2025-06-28T07:19:44.559Z,1751095184559898551
2025-06-28T07:19:44.789Z,1751095184789675953
2025-06-28T07:19:46.265Z,1751095186265203160
2025-06-28T07:19:46.770Z,1751095186770597623
2025-06-28T07:19:47.536Z,1751095187536646572
2025-06-28T07:19:48.487Z,1751095188487817775
2025-06-28T07:19:48.641Z,1751095188641002039
2025-06-28T07:19:49.162Z,1751095189162010107
2025-06-28T07:19:51.785Z,1751095191785908533
2025-06-28T07:19:52.473Z,1751095192473917937
2025-06-28T07:19:55.435Z,1751095195435116023
2025-06-28T07:19:57.388Z,1751095197388214366
2025-06-28T07:19:58.299Z,1751095198299987883
2025-06-28T07:19:58.614Z,1751095198614624530
2025-06-28T07:19:58.747Z,1751095198747393073
2025-06-28T07:19:59.136Z,1751095199136013654
2025-06-28T07:20:04.248Z,1751095204248026404
2025-06-28T07:20:05.325Z,1751095205325884860
2025-06-28T07:20:05.357Z,1751095205357814672
2025-06-28T07:20:07.714Z,1751095207714642643
2025-06-28T07:20:07.974Z,1751095207974384726
2025-06-28T07:20:08.642Z,1751095208642136587
2025-06-28T07:20:08.660Z,1751095208660688679
2025-06-28T07:20:08.729Z,1751095208729069236
2025-06-28T07:20:11.370Z,1751095211370529156
2025-06-28T07:20:12.017Z,1751095212017352053
2025-06-28T07:20:12.190Z,1751095212190351329
2025-06-28T07:20:12.191Z,1751095212191938276
2025-06-28T07:20:12.970Z,1751095212970621877
2025-06-28T07:20:13.607Z,1751095213607131736
2025-06-28T07:20:16.779Z,1751095216779897276
2025-06-28T07:20:17.589Z,1751095217589906755
2025-06-28T07:20:19.420Z,1751095219420481647
2025-06-28T07:20:20.528Z,1751095220528269337
2025-06-28T07:20:22.948Z,1751095222948583277
2025-06-28T07:20:23.267Z,1751095223267841475
2025-06-28T07:20:24.976Z,1751095224976081825
2025-06-28T07:20:25.962Z,1751095225962541039
2025-06-28T07:20:26.310Z,1751095226310850394
2025-06-28T07:20:30.298Z,1751095230298491051
2025-06-28T07:20:31.224Z,1751095231224851126
2025-06-28T07:20:31.387Z,1751095231387939339
2025-06-28T07:20:31.566Z,1751095231566832298
2025-06-28T07:20:31.777Z,1751095231777037186
2025-06-28T07:20:32.205Z,1751095232205256129
2025-06-28T07:20:34.430Z,1751095234430734851
2025-06-28T07:20:35.831Z,1751095235831955914
2025-06-28T07:20:39.698Z,1751095239698816351
2025-06-28T07:20:39.848Z,1751095239848120772
2025-06-28T07:20:41.653Z,1751095241653781700
2025-06-28T07:20:42.200Z,1751095242200514420
2025-06-28T07:20:42.373Z,1751095242373322239
2025-06-28T07:20:42.391Z,1751095242391627581
2025-06-28T07:20:44.201Z,1751095244201817096
2025-06-28T07:20:46.612Z,1751095246612037206
2025-06-28T07:20:47.571Z,1751095247571005754
2025-06-28T07:20:48.153Z,1751095248153328775
2025-06-28T07:20:48.182Z,1751095248182696001
2025-06-28T07:20:48.514Z,1751095248514694281
2025-06-28T07:20:51.715Z,1751095251715258345
2025-06-28T07:20:51.770Z,1751095251770833920
2025-06-28T07:20:53.011Z,1751095253011116821
2025-06-28T07:20:53.312Z,1751095253312921100
2025-06-28T07:20:56.108Z,1751095256108783102
2025-06-28T07:20:58.350Z,1751095258350382785
2025-06-28T07:20:58.799Z,1751095258799090410
2025-06-28T07:20:59.301Z,1751095259301727957
2025-06-28T07:21:04.812Z,1751095264812478881
2025-06-28T07:21:04.989Z,1751095264989558134
2025-06-28T07:21:06.615Z,1751095266615888980
2025-06-28T07:21:07.851Z,1751095267851727626
2025-06-28T07:21:08.439Z,1751095268439821705
2025-06-28T07:21:09.030Z,1751095269030557529
2025-06-28T07:21:10.045Z,1751095270045273693
2025-06-28T07:21:10.761Z,1751095270761232244
2025-06-28T07:21:11.659Z,1751095271659976371
2025-06-28T07:21:11.733Z,1751095271733556313
2025-06-28T07:21:11.797Z,1751095271797695095
2025-06-28T07:21:12.967Z,1751095272967441221
2025-06-28T07:21:13.137Z,1751095273137899640
2025-06-28T07:21:16.496Z,1751095276496906230
2025-06-28T07:21:16.533Z,1751095276533945875
2025-06-28T07:21:18.879Z,1751095278879519721
2025-06-28T07:21:18.978Z,1751095278978854384
2025-06-28T07:21:19.051Z,1751095279051206441
2025-06-28T07:21:19.160Z,1751095279160061154
2025-06-28T07:21:19.412Z,1751095279412143143
2025-06-28T07:21:19.443Z,1751095279443622679
2025-06-28T07:21:20.550Z,1751095280550890111
2025-06-28T07:21:23.290Z,1751095283290827987
2025-06-28T07:21:24.588Z,1751095284588910656
2025-06-28T07:21:24.992Z,1751095284992325025
2025-06-28T07:21:25.061Z,1751095285061716013
2025-06-28T07:21:26.031Z,1751095286031395074
2025-06-28T07:21:27.215Z,1751095287215460355
2025-06-28T07:21:30.236Z,1751095290236796690
2025-06-28T07:21:30.700Z,1751095290700233478
2025-06-28T07:21:30.882Z,1751095290882350614
2025-06-28T07:21:31.531Z,1751095291531165229
2025-06-28T07:21:32.863Z,1751095292863150964
2025-06-28T07:21:33.399Z,1751095293399808261
2025-06-28T07:21:33.630Z,1751095293630758583
2025-06-28T07:21:34.022Z,1751095294022953839
2025-06-28T07:21:34.571Z,1751095294571985150
2025-06-28T07:21:37.332Z,1751095297332529517
2025-06-28T07:21:37.618Z,1751095297618613825
2025-06-28T07:21:40.257Z,1751095300257063646
2025-06-28T07:21:44.680Z,1751095304680516894
2025-06-28T07:21:46.560Z,1751095306560103680
2025-06-28T07:21:47.955Z,1751095307955852478
2025-06-28T07:21:48.681Z,1751095308681014176
2025-06-28T07:21:50.442Z,1751095310442382822
2025-06-28T07:21:51.185Z,1751095311185710663
2025-06-28T07:21:52.477Z,1751095312477979378
2025-06-28T07:21:53.498Z,1751095313498398913
2025-06-28T07:21:54.898Z,1751095314898424282
2025-06-28T07:21:55.319Z,1751095315319465503
2025-06-28T07:21:55.852Z,1751095315852011492
2025-06-28T07:21:58.168Z,1751095318168905562
2025-06-28T07:21:58.227Z,1751095318227742876
2025-06-28T07:22:00.576Z,1751095320576295409
2025-06-28T07:22:00.900Z,1751095320900198751
2025-06-28T07:22:02.374Z,1751095322374614513
2025-06-28T07:22:02.520Z,1751095322520287586
2025-06-28T07:22:03.156Z,1751095323156944975
2025-06-28T07:22:04.823Z,1751095324823052636
2025-06-28T07:22:05.046Z,1751095325046712628
2025-06-28T07:22:05.181Z,1751095325181212154
2025-06-28T07:22:05.302Z,1751095325302355682
2025-06-28T07:22:05.423Z,1751095325423720623
2025-06-28T07:22:09.088Z,1751095329088405164
2025-06-28T07:22:11.009Z,1751095331009892474
2025-06-28T07:22:11.699Z,1751095331699160468
2025-06-28T07:22:12.045Z,1751095332045016442
2025-06-28T07:22:12.182Z,1751095332182069877
2025-06-28T07:22:13.917Z,1751095333917832520
2025-06-28T07:22:16.243Z,1751095336243743192
2025-06-28T07:22:18.743Z,1751095338743160915
2025-06-28T07:22:19.086Z,1751095339086824450
2025-06-28T07:22:19.122Z,1751095339122636232
2025-06-28T07:22:19.198Z,1751095339198506218
2025-06-28T07:22:21.012Z,1751095341012335380
2025-06-28T07:22:23.012Z,1751095343012840337
2025-06-28T07:22:23.127Z,1751095343127264630
2025-06-28T07:22:23.212Z,1751095343212826699
2025-06-28T07:22:23.746Z,1751095343746313799
2025-06-28T07:22:24.247Z,1751095344247616281
2025-06-28T07:22:24.586Z,1751095344586213009
2025-06-28T07:22:25.755Z,1751095345755460143
2025-06-28T07:22:26.214Z,1751095346214189855
2025-06-28T07:22:28.691Z,1751095348691039575
2025-06-28T07:22:29.839Z,1751095349839399497
2025-06-28T07:22:30.697Z,1751095350697558040
2025-06-28T07:22:32.970Z,1751095352970477459
2025-06-28T07:22:35.981Z,1751095355981349999
2025-06-28T07:22:36.691Z,1751095356691002936
2025-06-28T07:22:37.797Z,1751095357797418568
2025-06-28T07:22:38.064Z,1751095358064183586
2025-06-28T07:22:41.493Z,1751095361493326352
2025-06-28T07:22:42.425Z,1751095362425008510
2025-06-28T07:22:42.748Z,1751095362748110717
2025-06-28T07:22:43.654Z,1751095363654380095
2025-06-28T07:22:43.865Z,1751095363865054179
2025-06-28T07:22:44.731Z,1751095364731564676
2025-06-28T07:22:47.294Z,1751095367294462669
2025-06-28T07:22:48.070Z,1751095368070915857
2025-06-28T07:22:48.345Z,1751095368345138505
2025-06-28T07:22:48.477Z,1751095368477057358
2025-06-28T07:22:49.243Z,1751095369243432580
2025-06-28T07:22:50.103Z,1751095370103925443
2025-06-28T07:22:52.080Z,1751095372080585910
2025-06-28T07:22:52.239Z,1751095372239023510
2025-06-28T07:22:52.594Z,1751095372594666459
2025-06-28T07:22:54.644Z,1751095374644841529
2025-06-28T07:22:54.917Z,1751095374917986573
2025-06-28T07:22:56.877Z,1751095376877016099
2025-06-28T07:22:59.986Z,1751095379986243747
2025-06-28T07:23:00.268Z,1751095380268000298
2025-06-28T07:23:02.812Z,1751095382812410182
2025-06-28T07:23:02.954Z,1751095382954197038
2025-06-28T07:23:03.042Z,1751095383042453859
2025-06-28T07:23:04.737Z,1751095384737412628
2025-06-28T07:23:04.914Z,1751095384914459273
2025-06-28T07:23:05.703Z,1751095385703583606
2025-06-28T07:23:06.716Z,1751095386716835435
2025-06-28T07:23:06.961Z,1751095386961753922
2025-06-28T07:23:07.674Z,1751095387674078593
2025-06-28T07:23:08.695Z,1751095388695364296
2025-06-28T07:23:09.732Z,1751095389732342111
2025-06-28T07:23:11.338Z,1751095391338175833
2025-06-28T07:23:12.985Z,1751095392985306983
2025-06-28T07:23:13.630Z,1751095393630171872
2025-06-28T07:23:14.547Z,1751095394547561511
2025-06-28T07:23:15.012Z,1751095395012634972
2025-06-28T07:23:15.888Z,1751095395888298436
2025-06-28T07:23:17.962Z,1751095397962945739
2025-06-28T07:23:18.074Z,1751095398074102120
2025-06-28T07:23:18.425Z,1751095398425986273
2025-06-28T07:23:18.900Z,1751095398900622548
2025-06-28T07:23:19.065Z,1751095399065466212
2025-06-28T07:23:19.245Z,1751095399245789822
2025-06-28T07:23:20.808Z,1751095400808009806
2025-06-28T07:23:24.064Z,1751095404064804608
2025-06-28T07:23:24.248Z,1751095404248185597
2025-06-28T07:23:25.400Z,1751095405400558979
2025-06-28T07:23:26.341Z,1751095406341725800
2025-06-28T07:23:26.664Z,1751095406664102701
2025-06-28T07:23:27.568Z,1751095407568486240
2025-06-28T07:23:28.607Z,1751095408607029283
2025-06-28T07:23:29.119Z,1751095409119023814
2025-06-28T07:23:29.780Z,1751095409780967188
2025-06-28T07:23:32.115Z,1751095412115638548
2025-06-28T07:23:33.107Z,1751095413107853013
2025-06-28T07:23:33.202Z,1751095413202867441
2025-06-28T07:23:33.580Z,1751095413580440565
2025-06-28T07:23:33.770Z,1751095413770306952
2025-06-28T07:23:34.055Z,1751095414055657333
2025-06-28T07:23:34.259Z,1751095414259769369
2025-06-28T07:23:36.688Z,1751095416688043983
2025-06-28T07:23:37.322Z,1751095417322355535
2025-06-28T07:23:38.282Z,1751095418282487180
2025-06-28T07:23:38.359Z,1751095418359106909
2025-06-28T07:23:39.986Z,1751095419986628639
2025-06-28T07:23:40.382Z,1751095420382507879
2025-06-28T07:23:40.404Z,1751095420404509863
2025-06-28T07:23:40.410Z,1751095420410876559
2025-06-28T07:23:41.760Z,1751095421760837089
2025-06-28T07:23:42.970Z,1751095422970979078
2025-06-28T07:23:44.763Z,1751095424763744364
2025-06-28T07:23:44.764Z,1751095424764089636
2025-06-28T07:23:44.817Z,1751095424817107551
2025-06-28T07:23:48.809Z,1751095428809083122
2025-06-28T07:23:52.257Z,1751095432257504900
2025-06-28T07:23:52.505Z,1751095432505866508
2025-06-28T07:23:55.480Z,1751095435480152039
2025-06-28T07:23:56.438Z,1751095436438579601
2025-06-28T07:23:56.581Z,1751095436581212432
2025-06-28T07:23:59.067Z,1751095439067038549
2025-06-28T07:23:59.720Z,1751095439720972193
2025-06-28T07:24:01.918Z,1751095441918753129
2025-06-28T07:24:01.990Z,1751095441990498558
2025-06-28T07:24:02.733Z,1751095442733999225
2025-06-28T07:24:02.807Z,1751095442807164203
2025-06-28T07:24:03.118Z,1751095443118907032
2025-06-28T07:24:03.330Z,1751095443330865903
2025-06-28T07:24:03.398Z,1751095443398167704
2025-06-28T07:24:03.754Z,1751095443754362011
2025-06-28T07:24:04.126Z,1751095444126538993
2025-06-28T07:24:05.168Z,1751095445168552437
2025-06-28T07:24:05.401Z,1751095445401943069
2025-06-28T07:24:05.841Z,1751095445841478389
2025-06-28T07:24:07.483Z,1751095447483204173
2025-06-28T07:24:07.881Z,1751095447881862120
2025-06-28T07:24:08.980Z,1751095448980040478
2025-06-28T07:24:10.350Z,1751095450350904336
2025-06-28T07:24:10.724Z,1751095450724137659
2025-06-28T07:24:12.812Z,1751095452812750782
2025-06-28T07:24:15.616Z,1751095455616691038
2025-06-28T07:24:16.198Z,1751095456198556015
2025-06-28T07:24:17.076Z,1751095457076260618
2025-06-28T07:24:17.361Z,1751095457361232049
2025-06-28T07:24:17.921Z,1751095457921135528
2025-06-28T07:24:18.375Z,1751095458375187604
2025-06-28T07:24:20.093Z,1751095460093244568
2025-06-28T07:24:20.563Z,1751095460563398522
2025-06-28T07:24:21.793Z,1751095461793800055
2025-06-28T07:24:21.997Z,1751095461997945963
2025-06-28T07:24:22.929Z,1751095462929787727
2025-06-28T07:24:23.254Z,1751095463254523320
2025-06-28T07:24:23.613Z,1751095463613656482
2025-06-28T07:24:24.587Z,1751095464587360928
2025-06-28T07:24:26.076Z,1751095466076146973
2025-06-28T07:24:27.832Z,1751095467832560889
2025-06-28T07:24:28.235Z,1751095468235419887
2025-06-28T07:24:28.846Z,1751095468846636075
2025-06-28T07:24:29.307Z,1751095469307257509
2025-06-28T07:24:30.087Z,1751095470087662079
2025-06-28T07:24:30.140Z,1751095470140749825
2025-06-28T07:24:30.656Z,1751095470656320836
2025-06-28T07:24:31.815Z,1751095471815521929
2025-06-28T07:24:33.073Z,1751095473073654236
2025-06-28T07:24:33.194Z,1751095473194908389
2025-06-28T07:24:35.520Z,1751095475520646759
2025-06-28T07:24:35.536Z,1751095475536246575
2025-06-28T07:24:38.411Z,1751095478411106409
2025-06-28T07:24:38.898Z,1751095478898734796
2025-06-28T07:24:39.027Z,1751095479027655073
2025-06-28T07:24:39.112Z,1751095479112287506
2025-06-28T07:24:39.757Z,1751095479757083272
2025-06-28T07:24:39.764Z,1751095479764729424
2025-06-28T07:24:39.797Z,1751095479797319639
2025-06-28T07:24:41.802Z,1751095481802932742
2025-06-28T07:24:42.931Z,1751095482931379702
2025-06-28T07:24:43.960Z,1751095483960811126
2025-06-28T07:24:45.829Z,1751095485829532826
2025-06-28T07:24:46.479Z,1751095486479576910
2025-06-28T07:24:46.996Z,1751095486996739853
2025-06-28T07:24:47.370Z,1751095487370255972
2025-06-28T07:24:48.283Z,1751095488283937479
2025-06-28T07:24:48.461Z,1751095488461147021
2025-06-28T07:24:49.674Z,1751095489674643163
2025-06-28T07:24:50.215Z,1751095490215478730
2025-06-28T07:24:51.697Z,1751095491697011927
2025-06-28T07:24:53.097Z,1751095493097104583
2025-06-28T07:24:54.497Z,1751095494497460997
2025-06-28T07:24:55.401Z,1751095495401830339
2025-06-28T07:24:55.662Z,1751095495662863149
2025-06-28T07:24:56.407Z,1751095496407601689
2025-06-28T07:24:58.558Z,1751095498558007106
2025-06-28T07:24:58.636Z,1751095498636068725
2025-06-28T07:24:58.995Z,1751095498995167974
2025-06-28T07:24:59.165Z,1751095499165433010
2025-06-28T07:24:59.208Z,1751095499208428121
2025-06-28T07:24:59.433Z,1751095499433154426
2025-06-28T07:25:00.073Z,1751095500073747695
2025-06-28T07:25:00.542Z,1751095500542718011
2025-06-28T07:25:00.574Z,1751095500574269165
2025-06-28T07:25:01.206Z,1751095501206882440
2025-06-28T07:25:01.524Z,1751095501524591589
2025-06-28T07:25:01.956Z,1751095501956692351
2025-06-28T07:25:02.413Z,1751095502413322117
2025-06-28T07:25:05.659Z,1751095505659838640
2025-06-28T07:25:07.714Z,1751095507714939618
2025-06-28T07:25:08.087Z,1751095508087873389
2025-06-28T07:25:09.837Z,1751095509837191933
2025-06-28T07:25:11.103Z,1751095511103981769
2025-06-28T07:25:12.511Z,1751095512511896328
2025-06-28T07:25:12.743Z,1751095512743376974
2025-06-28T07:25:13.616Z,1751095513616896760
2025-06-28T07:25:13.834Z,1751095513834884403
2025-06-28T07:25:13.987Z,1751095513987436973
2025-06-28T07:25:14.319Z,1751095514319695257
2025-06-28T07:25:15.029Z,1751095515029632258
2025-06-28T07:25:16.007Z,1751095516007765237
2025-06-28T07:25:17.370Z,1751095517370374342
2025-06-28T07:25:19.831Z,1751095519831998513
2025-06-28T07:25:20.165Z,1751095520165294200
2025-06-28T07:25:20.356Z,1751095520356760371
2025-06-28T07:25:20.632Z,1751095520632086699
2025-06-28T07:25:21.847Z,1751095521847449520
2025-06-28T07:25:21.906Z,1751095521906688962
2025-06-28T07:25:22.521Z,1751095522521592325
2025-06-28T07:25:22.761Z,1751095522761011740
2025-06-28T07:25:22.851Z,1751095522851390722
2025-06-28T07:25:22.908Z,1751095522908979507
2025-06-28T07:25:23.248Z,1751095523248879680
2025-06-28T07:25:23.316Z,1751095523316712750
2025-06-28T07:25:24.367Z,1751095524367829617
2025-06-28T07:25:27.957Z,1751095527957290435
2025-06-28T07:25:28.320Z,1751095528320822690
2025-06-28T07:25:30.434Z,1751095530434270393
2025-06-28T07:25:31.393Z,1751095531393104683
2025-06-28T07:25:31.622Z,1751095531622658820
2025-06-28T07:25:33.452Z,1751095533452500952
2025-06-28T07:25:33.716Z,1751095533716139446
2025-06-28T07:25:34.038Z,1751095534038294653
2025-06-28T07:25:35.365Z,1751095535365348046
2025-06-28T07:25:35.552Z,1751095535552205812
2025-06-28T07:25:35.602Z,1751095535602121773
2025-06-28T07:25:36.622Z,1751095536622585520
2025-06-28T07:25:38.463Z,1751095538463581700
2025-06-28T07:25:38.506Z,1751095538506200991
2025-06-28T07:25:38.677Z,1751095538677019174
2025-06-28T07:25:39.255Z,1751095539255435034
2025-06-28T07:25:42.943Z,1751095542943522553
2025-06-28T07:25:42.975Z,1751095542975717326
2025-06-28T07:25:43.456Z,1751095543456696461
2025-06-28T07:25:44.361Z,1751095544361667710
2025-06-28T07:25:45.512Z,1751095545512898175
2025-06-28T07:25:45.998Z,1751095545998531211
2025-06-28T07:25:46.077Z,1751095546077401068
2025-06-28T07:25:47.519Z,1751095547519882473
2025-06-28T07:25:49.901Z,1751095549901189352
2025-06-28T07:25:52.875Z,1751095552875487141
2025-06-28T07:25:52.913Z,1751095552913451884
2025-06-28T07:25:53.764Z,1751095553764380890
2025-06-28T07:25:54.255Z,1751095554255695251
2025-06-28T07:25:54.831Z,1751095554831799171
2025-06-28T07:25:56.115Z,1751095556115040363
2025-06-28T07:25:57.584Z,1751095557584186183
2025-06-28T07:25:57.766Z,1751095557766493839
2025-06-28T07:25:58.729Z,1751095558729010874
2025-06-28T07:25:59.295Z,1751095559295084846
2025-06-28T07:25:59.684Z,1751095559684016536
2025-06-28T07:25:59.762Z,1751095559762457431
2025-06-28T07:26:01.689Z,1751095561689361400
2025-06-28T07:26:01.716Z,1751095561716568623
2025-06-28T07:26:02.382Z,1751095562382500444
2025-06-28T07:26:04.451Z,1751095564451539774
2025-06-28T07:26:04.512Z,1751095564512751223
2025-06-28T07:26:04.668Z,1751095564668100739
2025-06-28T07:26:08.456Z,1751095568456058355
2025-06-28T07:26:08.990Z,1751095568990315158
2025-06-28T07:26:13.124Z,1751095573124300278
2025-06-28T07:26:13.680Z,1751095573680621816
2025-06-28T07:26:14.846Z,1751095574846734002
2025-06-28T07:26:15.417Z,1751095575417115480
2025-06-28T07:26:17.911Z,1751095577911636968
2025-06-28T07:26:18.592Z,1751095578592620897
2025-06-28T07:26:24.188Z,1751095584188615296
2025-06-28T07:26:24.911Z,1751095584911200509
2025-06-28T07:26:25.973Z,1751095585973392123
2025-06-28T07:26:26.537Z,1751095586537200004
2025-06-28T07:26:26.676Z,1751095586676872743
2025-06-28T07:26:26.820Z,1751095586820982079
2025-06-28T07:26:26.849Z,1751095586849658068
2025-06-28T07:26:28.665Z,1751095588665036935
2025-06-28T07:26:28.675Z,1751095588675312813
2025-06-28T07:26:30.197Z,1751095590197042409
2025-06-28T07:26:30.612Z,1751095590612634920
2025-06-28T07:26:30.989Z,1751095590989873389
2025-06-28T07:26:31.247Z,1751095591247545508
2025-06-28T07:26:33.381Z,1751095593381888280
2025-06-28T07:26:33.391Z,1751095593391176033
2025-06-28T07:26:33.485Z,1751095593485405649
2025-06-28T07:26:33.930Z,1751095593930987450
2025-06-28T07:26:37.611Z,1751095597611472937
2025-06-28T07:26:38.457Z,1751095598457596250
2025-06-28T07:26:38.585Z,1751095598585212314
2025-06-28T07:26:42.117Z,1751095602117684531
2025-06-28T07:26:42.460Z,1751095602460443851
2025-06-28T07:26:43.013Z,1751095603013245695
2025-06-28T07:26:43.500Z,1751095603500921988
2025-06-28T07:26:43.885Z,1751095603885249673
2025-06-28T07:26:44.083Z,1751095604083572550
2025-06-28T07:26:44.419Z,1751095604419854782
2025-06-28T07:26:46.980Z,1751095606980381109
2025-06-28T07:26:47.552Z,1751095607552786090
2025-06-28T07:26:50.277Z,1751095610277517230
2025-06-28T07:26:50.831Z,1751095610831121437
2025-06-28T07:26:50.894Z,1751095610894830146
2025-06-28T07:26:51.298Z,1751095611298506516
2025-06-28T07:26:51.634Z,1751095611634218900
2025-06-28T07:26:53.230Z,1751095613230447867
2025-06-28T07:26:54.459Z,1751095614459691231
2025-06-28T07:26:56.046Z,1751095616046729483
2025-06-28T07:26:59.101Z,1751095619101263240
2025-06-28T07:27:02.483Z,1751095622483289371
2025-06-28T07:27:02.531Z,1751095622531919501
2025-06-28T07:27:03.591Z,1751095623591063494
2025-06-28T07:27:06.999Z,1751095626999444969
2025-06-28T07:27:08.721Z,1751095628721045895
2025-06-28T07:27:08.725Z,1751095628725140405
2025-06-28T07:27:09.099Z,1751095629099282313
2025-06-28T07:27:10.009Z,1751095630009427749
2025-06-28T07:27:10.262Z,1751095630262498258
2025-06-28T07:27:13.499Z,1751095633499395198
2025-06-28T07:27:14.159Z,1751095634159204209
2025-06-28T07:27:14.495Z,1751095634495583031
2025-06-28T07:27:14.517Z,1751095634517064398
2025-06-28T07:27:14.825Z,1751095634825937386
2025-06-28T07:27:14.986Z,1751095634986369549
2025-06-28T07:27:19.518Z,1751095639518429863
2025-06-28T07:27:22.117Z,1751095642117256391
2025-06-28T07:27:22.195Z,1751095642195333903
2025-06-28T07:27:22.230Z,1751095642230425602
2025-06-28T07:27:23.637Z,1751095643637188431
2025-06-28T07:27:23.654Z,1751095643654412438
2025-06-28T07:27:24.296Z,1751095644296227282
2025-06-28T07:27:25.453Z,1751095645453649918
2025-06-28T07:27:25.742Z,1751095645742739780
2025-06-28T07:27:26.437Z,1751095646437024457
2025-06-28T07:27:27.424Z,1751095647424171094
2025-06-28T07:27:27.884Z,1751095647884602991
2025-06-28T07:27:30.464Z,1751095650464972670
2025-06-28T07:27:32.065Z,1751095652065899078
2025-06-28T07:27:34.357Z,1751095654357298821
2025-06-28T07:27:34.621Z,1751095654621683030
2025-06-28T07:27:35.018Z,1751095655018116441
2025-06-28T07:27:37.947Z,1751095657947097273
2025-06-28T07:27:38.517Z,1751095658517023149
2025-06-28T07:27:39.167Z,1751095659167145812
2025-06-28T07:27:40.268Z,1751095660268374602
2025-06-28T07:27:40.483Z,1751095660483641167
2025-06-28T07:27:41.151Z,1751095661151765772
2025-06-28T07:27:43.224Z,1751095663224335839
2025-06-28T07:27:43.300Z,1751095663300883385
2025-06-28T07:27:43.572Z,1751095663572917895
2025-06-28T07:27:43.770Z,1751095663770850129
2025-06-28T07:27:44.333Z,1751095664333149942
2025-06-28T07:27:45.473Z,1751095665473348607
2025-06-28T07:27:49.625Z,1751095669625262686
2025-06-28T07:27:50.433Z,1751095670433886568
2025-06-28T07:27:50.653Z,1751095670653496374
2025-06-28T07:27:53.096Z,1751095673096633182
2025-06-28T07:27:54.439Z,1751095674439413929
2025-06-28T07:27:54.723Z,1751095674723691748
2025-06-28T07:27:55.614Z,1751095675614380743
2025-06-28T07:27:56.584Z,1751095676584107618
2025-06-28T07:27:57.812Z,1751095677812701988
2025-06-28T07:27:58.586Z,1751095678586797357
2025-06-28T07:28:00.749Z,1751095680749177390
2025-06-28T07:28:03.331Z,1751095683331621952
2025-06-28T07:28:05.459Z,1751095685459846009
2025-06-28T07:28:06.271Z,1751095686271300042
2025-06-28T07:28:07.865Z,1751095687865370289
2025-06-28T07:28:08.227Z,1751095688227385835
2025-06-28T07:28:09.610Z,1751095689610234565
2025-06-28T07:28:12.059Z,1751095692059586515
2025-06-28T07:28:17.623Z,1751095697623024108
2025-06-28T07:28:19.481Z,1751095699481755455
2025-06-28T07:28:19.516Z,1751095699516242152
2025-06-28T07:28:22.836Z,1751095702836022173
2025-06-28T07:28:22.969Z,1751095702969970891
2025-06-28T07:28:23.174Z,1751095703174784360
2025-06-28T07:28:23.531Z,1751095703531611728
2025-06-28T07:28:25.217Z,1751095705217219294
2025-06-28T07:28:25.526Z,1751095705526168658
2025-06-28T07:28:27.825Z,1751095707825667213
2025-06-28T07:28:29.829Z,1751095709829560734
2025-06-28T07:28:31.426Z,1751095711426457380
2025-06-28T07:28:32.459Z,1751095712459172415
2025-06-28T07:28:32.534Z,1751095712534713362
2025-06-28T07:28:33.850Z,1751095713850504204
2025-06-28T07:28:35.420Z,1751095715420268639
2025-06-28T07:28:37.459Z,1751095717459314836
2025-06-28T07:28:39.326Z,1751095719326374516
2025-06-28T07:28:39.682Z,1751095719682079929
2025-06-28T07:28:40.176Z,1751095720176637995
2025-06-28T07:28:42.285Z,1751095722285119091
2025-06-28T07:28:42.551Z,1751095722551055871
2025-06-28T07:28:44.028Z,1751095724028798898
2025-06-28T07:28:48.296Z,1751095728296295281
2025-06-28T07:28:48.953Z,1751095728953466511
2025-06-28T07:28:48.983Z,1751095728983361761
2025-06-28T07:28:49.600Z,1751095729600072201
2025-06-28T07:28:53.197Z,1751095733197897018
2025-06-28T07:28:53.203Z,1751095733203712010
2025-06-28T07:28:53.356Z,1751095733356693513
2025-06-28T07:28:55.018Z,1751095735018320886
2025-06-28T07:28:55.914Z,1751095735914061286
2025-06-28T07:28:57.082Z,1751095737082784479
2025-06-28T07:28:57.324Z,1751095737324013823
2025-06-28T07:28:57.361Z,1751095737361795211
2025-06-28T07:28:58.678Z,1751095738678596257
2025-06-28T07:28:58.948Z,1751095738948380130
2025-06-28T07:28:59.457Z,1751095739457897554
2025-06-28T07:29:01.147Z,1751095741147035558
2025-06-28T07:29:01.193Z,1751095741193791210
2025-06-28T07:29:01.780Z,1751095741780167376
2025-06-28T07:29:02.694Z,1751095742694921609
2025-06-28T07:29:03.182Z,1751095743182658269
2025-06-28T07:29:04.173Z,1751095744173024268
2025-06-28T07:29:05.540Z,1751095745540213598
2025-06-28T07:29:07.197Z,1751095747197635973
2025-06-28T07:29:07.320Z,1751095747320262645
2025-06-28T07:29:08.911Z,1751095748911289619
2025-06-28T07:29:10.706Z,1751095750706408621
2025-06-28T07:29:12.046Z,1751095752046670021
2025-06-28T07:29:16.352Z,1751095756352466914
2025-06-28T07:29:17.287Z,1751095757287956344
2025-06-28T07:29:19.074Z,1751095759074632588
2025-06-28T07:29:19.328Z,1751095759328350024
2025-06-28T07:29:20.333Z,1751095760333693658
2025-06-28T07:29:20.649Z,1751095760649179987
2025-06-28T07:29:22.996Z,1751095762996446347
2025-06-28T07:29:23.310Z,1751095763310833859
2025-06-28T07:29:23.518Z,1751095763518982690
2025-06-28T07:29:23.644Z,1751095763644694199
2025-06-28T07:29:23.654Z,1751095763654963829
2025-06-28T07:29:25.976Z,1751095765976720116
2025-06-28T07:29:26.050Z,1751095766050691532
2025-06-28T07:29:26.304Z,1751095766304151301
2025-06-28T07:29:27.134Z,1751095767134384916
2025-06-28T07:29:27.672Z,1751095767672163340
2025-06-28T07:29:27.925Z,1751095767925917409
2025-06-28T07:29:28.947Z,1751095768947776784
2025-06-28T07:29:30.589Z,1751095770589967287
2025-06-28T07:29:31.053Z,1751095771053188335
2025-06-28T07:29:31.683Z,1751095771683969252
2025-06-28T07:29:33.430Z,1751095773430922479
2025-06-28T07:29:33.716Z,1751095773716763271
2025-06-28T07:29:33.744Z,1751095773744914258
2025-06-28T07:29:33.939Z,1751095773939513647
2025-06-28T07:29:35.865Z,1751095775865039621
2025-06-28T07:29:37.801Z,1751095777801580156
2025-06-28T07:29:38.699Z,1751095778699780603
2025-06-28T07:29:39.379Z,1751095779379063177
2025-06-28T07:29:40.160Z,1751095780160021924
2025-06-28T07:29:41.128Z,1751095781128356363
2025-06-28T07:29:42.215Z,1751095782215706586
2025-06-28T07:29:42.263Z,1751095782263089224
2025-06-28T07:29:44.512Z,1751095784512853462
2025-06-28T07:29:45.345Z,1751095785345883637
2025-06-28T07:29:47.224Z,1751095787224098820
2025-06-28T07:29:48.600Z,1751095788600935727
2025-06-28T07:29:50.602Z,1751095790602654600
2025-06-28T07:29:53.049Z,1751095793049833457
2025-06-28T07:29:53.234Z,1751095793234962117
2025-06-28T07:29:53.408Z,1751095793408885991
2025-06-28T07:29:57.474Z,1751095797474495940
2025-06-28T07:29:58.136Z,1751095798136564567
2025-06-28T07:29:59.198Z,1751095799198335661
2025-06-28T07:30:01.620Z,1751095801620116118
2025-06-28T07:30:04.998Z,1751095804998206076
2025-06-28T07:30:06.128Z,1751095806128942362
2025-06-28T07:30:06.303Z,1751095806303725565
2025-06-28T07:30:06.434Z,1751095806434166655
2025-06-28T07:30:07.084Z,1751095807084022830
2025-06-28T07:30:07.489Z,1751095807489121006
2025-06-28T07:30:08.114Z,1751095808114500581
2025-06-28T07:30:09.530Z,1751095809530492268
2025-06-28T07:30:09.926Z,1751095809926090797
2025-06-28T07:30:10.173Z,1751095810173836266
2025-06-28T07:30:13.371Z,1751095813371999493
2025-06-28T07:30:17.433Z,1751095817433836203
2025-06-28T07:30:18.177Z,1751095818177516279
2025-06-28T07:30:23.563Z,1751095823563362779
2025-06-28T07:30:26.283Z,1751095826283273559
2025-06-28T07:30:26.494Z,1751095826494208853
2025-06-28T07:30:29.710Z,1751095829710006675
2025-06-28T07:30:36.652Z,1751095836652354807
2025-06-28T07:30:38.737Z,1751095838737500821
2025-06-28T07:30:38.785Z,1751095838785522025
2025-06-28T07:30:40.830Z,1751095840830090403
2025-06-28T07:30:41.177Z,1751095841177472179
2025-06-28T07:30:41.254Z,1751095841254088890
2025-06-28T07:30:41.318Z,1751095841318823368
2025-06-28T07:30:47.350Z,1751095847350055508
2025-06-28T07:30:49.106Z,1751095849106540552
2025-06-28T07:30:50.153Z,1751095850153529378
2025-06-28T07:30:51.057Z,1751095851057669374
2025-06-28T07:30:51.592Z,1751095851592196690
2025-06-28T07:30:52.585Z,1751095852585728870
2025-06-28T07:30:53.536Z,1751095853536948030
2025-06-28T07:30:54.078Z,1751095854078632805
2025-06-28T07:30:54.408Z,1751095854408705202
2025-06-28T07:30:55.054Z,1751095855054979313
2025-06-28T07:30:56.927Z,1751095856927133241
2025-06-28T07:30:59.948Z,1751095859948678497
2025-06-28T07:31:00.666Z,1751095860666930079
2025-06-28T07:31:01.425Z,1751095861425330761
2025-06-28T07:31:04.155Z,1751095864155377641
2025-06-28T07:31:05.594Z,1751095865594461844
2025-06-28T07:31:07.512Z,1751095867512003513
2025-06-28T07:31:08.602Z,1751095868602971464
2025-06-28T07:31:10.121Z,1751095870121677120
2025-06-28T07:31:10.956Z,1751095870956639002
2025-06-28T07:31:12.323Z,1751095872323856231
2025-06-28T07:31:12.473Z,1751095872473564318
2025-06-28T07:31:13.541Z,1751095873541567350
2025-06-28T07:31:15.122Z,1751095875122061540
2025-06-28T07:31:19.128Z,1751095879128434104
2025-06-28T07:31:19.548Z,1751095879548531199
2025-06-28T07:31:19.988Z,1751095879988102257
2025-06-28T07:31:20.598Z,1751095880598195277
2025-06-28T07:31:21.598Z,1751095881598535915
2025-06-28T07:31:22.180Z,1751095882180490347
2025-06-28T07:31:23.336Z,1751095883336931166
2025-06-28T07:31:25.078Z,1751095885078118811
2025-06-28T07:31:28.007Z,1751095888007124360
2025-06-28T07:31:29.191Z,1751095889191692313
2025-06-28T07:31:29.769Z,1751095889769903282
2025-06-28T07:31:30.586Z,1751095890586895837
2025-06-28T07:31:33.839Z,1751095893839603235
2025-06-28T07:31:34.804Z,1751095894804960407
2025-06-28T07:31:34.935Z,1751095894935079798
2025-06-28T07:31:35.869Z,1751095895869037487
2025-06-28T07:31:35.958Z,1751095895958677963
2025-06-28T07:31:36.032Z,1751095896032831756
2025-06-28T07:31:36.363Z,1751095896363607488
2025-06-28T07:31:36.412Z,1751095896412740074
2025-06-28T07:31:36.684Z,1751095896684614926
2025-06-28T07:31:37.918Z,1751095897918001205
2025-06-28T07:31:39.284Z,1751095899284829784
2025-06-28T07:31:40.032Z,1751095900032984654
2025-06-28T07:31:41.368Z,1751095901368235067
2025-06-28T07:31:43.590Z,1751095903590602945
2025-06-28T07:31:43.699Z,1751095903699527580
2025-06-28T07:31:45.028Z,1751095905028882128
2025-06-28T07:31:46.430Z,1751095906430879839
2025-06-28T07:31:47.478Z,1751095907478384670
2025-06-28T07:31:52.124Z,1751095912124173312
2025-06-28T07:31:53.369Z,1751095913369277191
2025-06-28T07:31:53.498Z,1751095913498530506
2025-06-28T07:31:53.870Z,1751095913870925192
2025-06-28T07:31:57.452Z,1751095917452581829
2025-06-28T07:31:57.617Z,1751095917617058967
2025-06-28T07:31:58.104Z,1751095918104737526
2025-06-28T07:31:58.115Z,1751095918115969341
2025-06-28T07:31:58.544Z,1751095918544656707
2025-06-28T07:31:59.969Z,1751095919969197793
2025-06-28T07:32:01.714Z,1751095921714498609
2025-06-28T07:32:03.872Z,1751095923872851710
2025-06-28T07:32:08.208Z,1751095928208570951
2025-06-28T07:32:08.302Z,1751095928302221045
2025-06-28T07:32:08.679Z,1751095928679288079
2025-06-28T07:32:08.691Z,1751095928691912706
2025-06-28T07:32:10.703Z,1751095930703208567
2025-06-28T07:32:13.432Z,1751095933432850773
2025-06-28T07:32:13.760Z,1751095933760149348
2025-06-28T07:32:14.308Z,1751095934308602327
2025-06-28T07:32:15.316Z,1751095935316733037
2025-06-28T07:32:16.469Z,1751095936469893826
2025-06-28T07:32:16.734Z,1751095936734663231
2025-06-28T07:32:17.565Z,1751095937565461309
2025-06-28T07:32:20.344Z,1751095940344913131
2025-06-28T07:32:20.886Z,1751095940886440704
2025-06-28T07:32:23.979Z,1751095943979458813
2025-06-28T07:32:24.463Z,1751095944463953473
2025-06-28T07:32:25.047Z,1751095945047577390
2025-06-28T07:32:26.005Z,1751095946005562018
2025-06-28T07:32:26.094Z,1751095946094022480
2025-06-28T07:32:26.225Z,1751095946225810042
2025-06-28T07:32:26.898Z,1751095946898800417
2025-06-28T07:32:28.553Z,1751095948553792332
2025-06-28T07:32:29.236Z,1751095949236616791
2025-06-28T07:32:30.298Z,1751095950298836093
2025-06-28T07:32:30.344Z,1751095950344955677
2025-06-28T07:32:30.940Z,1751095950940350134
2025-06-28T07:32:31.346Z,1751095951346019225
2025-06-28T07:32:32.302Z,1751095952302863794
2025-06-28T07:32:32.708Z,1751095952708550097
2025-06-28T07:32:33.102Z,1751095953102394409
2025-06-28T07:32:33.222Z,1751095953222245293
2025-06-28T07:32:33.499Z,1751095953499579586
2025-06-28T07:32:34.195Z,1751095954195664008
2025-06-28T07:32:34.468Z,1751095954468657902
2025-06-28T07:32:36.472Z,1751095956472204285
2025-06-28T07:32:36.707Z,1751095956707959175
2025-06-28T07:32:37.543Z,1751095957543884431
2025-06-28T07:32:38.110Z,1751095958110042712
2025-06-28T07:32:38.753Z,1751095958753773717
2025-06-28T07:32:41.293Z,1751095961293320976
2025-06-28T07:32:43.418Z,1751095963418191033
2025-06-28T07:32:45.416Z,1751095965416661242
2025-06-28T07:32:50.539Z,1751095970539396087
2025-06-28T07:32:50.862Z,1751095970862494689
2025-06-28T07:32:52.603Z,1751095972603957973
2025-06-28T07:32:53.067Z,1751095973067179868
2025-06-28T07:32:56.573Z,1751095976573138010
2025-06-28T07:32:57.221Z,1751095977221410801
2025-06-28T07:32:57.777Z,1751095977777404181
2025-06-28T07:32:58.310Z,1751095978310112826
2025-06-28T07:33:00.427Z,1751095980427266701
2025-06-28T07:33:00.646Z,1751095980646044423
2025-06-28T07:33:01.908Z,1751095981908808280
2025-06-28T07:33:01.937Z,1751095981937242261
2025-06-28T07:33:02.253Z,1751095982253133513
2025-06-28T07:33:03.367Z,1751095983367846351
2025-06-28T07:33:05.125Z,1751095985125638136
2025-06-28T07:33:05.272Z,1751095985272748044
2025-06-28T07:33:05.320Z,1751095985320497426
2025-06-28T07:33:05.467Z,1751095985467471165
2025-06-28T07:33:09.401Z,1751095989401293068
2025-06-28T07:33:11.404Z,1751095991404168174
2025-06-28T07:33:11.524Z,1751095991524909053
2025-06-28T07:33:12.715Z,1751095992715994186
2025-06-28T07:33:13.397Z,1751095993397088576
2025-06-28T07:33:14.825Z,1751095994825960294
2025-06-28T07:33:15.411Z,1751095995411049687
2025-06-28T07:33:17.689Z,1751095997689206196
2025-06-28T07:33:17.840Z,1751095997840144352
2025-06-28T07:33:18.904Z,1751095998904654420
2025-06-28T07:33:19.241Z,1751095999241653225
2025-06-28T07:33:19.481Z,1751095999481453349
2025-06-28T07:33:19.591Z,1751095999591616386
2025-06-28T07:33:20.690Z,1751096000690174115
2025-06-28T07:33:22.278Z,1751096002278613443
2025-06-28T07:33:22.855Z,1751096002855339885
2025-06-28T07:33:22.896Z,1751096002896412261
2025-06-28T07:33:23.051Z,1751096003051769200
2025-06-28T07:33:26.963Z,1751096006963761903
2025-06-28T07:33:27.231Z,1751096007231772905
2025-06-28T07:33:28.422Z,1751096008422838530
2025-06-28T07:33:31.364Z,1751096011364746823
2025-06-28T07:33:31.728Z,1751096011728664363
2025-06-28T07:33:34.907Z,1751096014907883581
2025-06-28T07:33:35.396Z,1751096015396144190
2025-06-28T07:33:35.622Z,1751096015622080582
2025-06-28T07:33:36.239Z,1751096016239171972
2025-06-28T07:33:36.620Z,1751096016620120184
2025-06-28T07:33:37.620Z,1751096017620541331
2025-06-28T07:33:37.644Z,1751096017644577986
2025-06-28T07:33:38.002Z,1751096018002320389
2025-06-28T07:33:38.466Z,1751096018466789606
2025-06-28T07:33:40.132Z,1751096020132899121
2025-06-28T07:33:41.802Z,1751096021802013771
2025-06-28T07:33:41.884Z,1751096021884192545
2025-06-28T07:33:42.061Z,1751096022061018712
2025-06-28T07:33:43.064Z,1751096023064387097
2025-06-28T07:33:43.364Z,1751096023364576135
2025-06-28T07:33:44.285Z,1751096024285123857
2025-06-28T07:33:44.600Z,1751096024600018442
2025-06-28T07:33:46.997Z,1751096026997039116
2025-06-28T07:33:48.553Z,1751096028553523945
2025-06-28T07:33:49.561Z,1751096029561466718
2025-06-28T07:33:49.655Z,1751096029655112924
2025-06-28T07:33:50.263Z,1751096030263121149
2025-06-28T07:33:50.432Z,1751096030432991778
2025-06-28T07:33:50.828Z,1751096030828296180
2025-06-28T07:33:51.929Z,1751096031929874374
2025-06-28T07:33:53.051Z,1751096033051709617
2025-06-28T07:33:53.893Z,1751096033893381718
2025-06-28T07:33:54.173Z,1751096034173526331
2025-06-28T07:33:55.473Z,1751096035473066921
2025-06-28T07:33:55.666Z,1751096035666232984
2025-06-28T07:33:55.798Z,1751096035798508562
2025-06-28T07:33:57.415Z,1751096037415577996
2025-06-28T07:33:58.516Z,1751096038516045454
2025-06-28T07:34:01.624Z,1751096041624910995
2025-06-28T07:34:02.370Z,1751096042370595397
2025-06-28T07:34:02.696Z,1751096042696513176
2025-06-28T07:34:02.992Z,1751096042992612693
2025-06-28T07:34:03.052Z,1751096043052717939
2025-06-28T07:34:04.670Z,1751096044670467167
2025-06-28T07:34:08.059Z,1751096048059965964
2025-06-28T07:34:09.420Z,1751096049420371016
2025-06-28T07:34:10.632Z,1751096050632142089
2025-06-28T07:34:11.196Z,1751096051196222191
2025-06-28T07:34:11.405Z,1751096051405371107
2025-06-28T07:34:11.619Z,1751096051619440046
2025-06-28T07:34:15.105Z,1751096055105194603
2025-06-28T07:34:15.552Z,1751096055552636102
2025-06-28T07:34:17.092Z,1751096057092079044
2025-06-28T07:34:18.441Z,1751096058441915850
2025-06-28T07:34:19.656Z,1751096059656508489
2025-06-28T07:34:22.589Z,1751096062589870204
2025-06-28T07:34:25.123Z,1751096065123210218
2025-06-28T07:34:25.254Z,1751096065254056404
2025-06-28T07:34:26.491Z,1751096066491301864
2025-06-28T07:34:27.783Z,1751096067783728486
2025-06-28T07:34:28.043Z,1751096068043466228
2025-06-28T07:34:28.199Z,1751096068199783967
2025-06-28T07:34:28.380Z,1751096068380178883
2025-06-28T07:34:28.550Z,1751096068550513506
2025-06-28T07:34:29.552Z,1751096069552392494
2025-06-28T07:34:29.934Z,1751096069934299365
2025-06-28T07:34:30.532Z,1751096070532488801
2025-06-28T07:34:30.994Z,1751096070994287894
2025-06-28T07:34:31.136Z,1751096071136632234
2025-06-28T07:34:31.338Z,1751096071338787138
2025-06-28T07:34:33.301Z,1751096073301413943
2025-06-28T07:34:34.859Z,1751096074859768425
2025-06-28T07:34:36.270Z,1751096076270025562
2025-06-28T07:34:37.222Z,1751096077222263242
2025-06-28T07:34:38.147Z,1751096078147941432
2025-06-28T07:34:38.542Z,1751096078542963500
2025-06-28T07:34:39.251Z,1751096079251811447
2025-06-28T07:34:39.366Z,1751096079366457109
2025-06-28T07:34:39.405Z,1751096079405285382
2025-06-28T07:34:40.247Z,1751096080247698727
2025-06-28T07:34:40.990Z,1751096080990462880
2025-06-28T07:34:41.275Z,1751096081275052099
2025-06-28T07:34:42.190Z,1751096082190234898
2025-06-28T07:34:44.456Z,1751096084456987787
2025-06-28T07:34:44.469Z,1751096084469390938
2025-06-28T07:34:44.985Z,1751096084985883372
2025-06-28T07:34:45.333Z,1751096085333674346
2025-06-28T07:34:45.336Z,1751096085336083539
2025-06-28T07:34:46.077Z,1751096086077971824
2025-06-28T07:34:47.749Z,1751096087749443634
2025-06-28T07:34:50.079Z,1751096090079884839
2025-06-28T07:34:50.479Z,1751096090479089017
2025-06-28T07:34:50.654Z,1751096090654245158
2025-06-28T07:34:54.468Z,1751096094468714808
2025-06-28T07:34:55.608Z,1751096095608696745
2025-06-28T07:34:55.685Z,1751096095685377527
2025-06-28T07:34:56.494Z,1751096096494960799
2025-06-28T07:34:57.972Z,1751096097972396633
2025-06-28T07:34:58.536Z,1751096098536403670
2025-06-28T07:35:02.782Z,1751096102782064474
2025-06-28T07:35:04.433Z,1751096104433229283
2025-06-28T07:35:07.594Z,1751096107594731908
2025-06-28T07:35:09.025Z,1751096109025798594
2025-06-28T07:35:09.378Z,1751096109378234669
2025-06-28T07:35:09.635Z,1751096109635400244
2025-06-28T07:35:10.929Z,1751096110929781733
2025-06-28T07:35:11.055Z,1751096111055902540
2025-06-28T07:35:12.255Z,1751096112255653285
2025-06-28T07:35:20.115Z,1751096120115546725
2025-06-28T07:35:20.853Z,1751096120853214279
2025-06-28T07:35:21.622Z,1751096121622494128
2025-06-28T07:35:22.261Z,1751096122261540388
2025-06-28T07:35:22.311Z,1751096122311681212
2025-06-28T07:35:24.786Z,1751096124786519380
2025-06-28T07:35:26.794Z,1751096126794963064
2025-06-28T07:35:26.912Z,1751096126912571676
2025-06-28T07:35:27.015Z,1751096127015533211
2025-06-28T07:35:27.403Z,1751096127403882670
2025-06-28T07:35:28.482Z,1751096128482285026
2025-06-28T07:35:29.943Z,1751096129943208787
2025-06-28T07:35:30.219Z,1751096130219183946
2025-06-28T07:35:32.875Z,1751096132875345217
2025-06-28T07:35:32.971Z,1751096132971262818
2025-06-28T07:35:37.467Z,1751096137467711854
2025-06-28T07:35:37.586Z,1751096137586532179
2025-06-28T07:35:50.105Z,1751096150105914627
2025-06-28T07:35:50.498Z,1751096150498548261
2025-06-28T07:35:52.598Z,1751096152598205223
2025-06-28T07:35:53.926Z,1751096153926659491
2025-06-28T07:35:54.469Z,1751096154469245436
2025-06-28T07:35:59.275Z,1751096159275923940
2025-06-28T07:35:59.588Z,1751096159588329871
2025-06-28T07:36:00.216Z,1751096160216146195
2025-06-28T07:36:00.402Z,1751096160402556918
2025-06-28T07:36:01.886Z,1751096161886875027
2025-06-28T07:36:02.085Z,1751096162085362795
2025-06-28T07:36:03.742Z,1751096163742707764
2025-06-28T07:36:04.534Z,1751096164534751681
2025-06-28T07:36:05.503Z,1751096165503635463
2025-06-28T07:36:05.921Z,1751096165921146473
2025-06-28T07:36:06.589Z,1751096166589439337
2025-06-28T07:36:06.719Z,1751096166719720595
2025-06-28T07:36:06.919Z,1751096166919294780
2025-06-28T07:36:07.334Z,1751096167334703480
2025-06-28T07:36:09.590Z,1751096169590981156
2025-06-28T07:36:11.920Z,1751096171920818014
2025-06-28T07:36:12.561Z,1751096172561779761
2025-06-28T07:36:14.324Z,1751096174324809574
2025-06-28T07:36:15.284Z,1751096175284276857
2025-06-28T07:36:15.892Z,1751096175892793179
2025-06-28T07:36:15.976Z,1751096175976638453
2025-06-28T07:36:16.191Z,1751096176191603049
2025-06-28T07:36:18.143Z,1751096178143944284
2025-06-28T07:36:18.225Z,1751096178225439787
2025-06-28T07:36:18.833Z,1751096178833515494
2025-06-28T07:36:19.436Z,1751096179436080775
2025-06-28T07:36:20.708Z,1751096180708703179
2025-06-28T07:36:21.930Z,1751096181930740113
2025-06-28T07:36:25.138Z,1751096185138121721
2025-06-28T07:36:25.426Z,1751096185426224341
2025-06-28T07:36:27.267Z,1751096187267777767
2025-06-28T07:36:28.243Z,1751096188243675151
2025-06-28T07:36:32.294Z,1751096192294826468
2025-06-28T07:36:32.467Z,1751096192467489905
2025-06-28T07:36:33.491Z,1751096193491202108
2025-06-28T07:36:34.856Z,1751096194856041904
2025-06-28T07:36:34.909Z,1751096194909886326
2025-06-28T07:36:35.134Z,1751096195134545798
2025-06-28T07:36:37.529Z,1751096197529946853
2025-06-28T07:36:37.823Z,1751096197823170075
2025-06-28T07:36:37.881Z,1751096197881350085
2025-06-28T07:36:38.589Z,1751096198589642700
2025-06-28T07:36:38.601Z,1751096198601624221
2025-06-28T07:36:40.182Z,1751096200182767139
2025-06-28T07:36:41.747Z,1751096201747909970
2025-06-28T07:36:42.394Z,1751096202394757948
2025-06-28T07:36:44.083Z,1751096204083911863
2025-06-28T07:36:44.507Z,1751096204507856178
2025-06-28T07:36:44.627Z,1751096204627336839
2025-06-28T07:36:44.971Z,1751096204971428012
2025-06-28T07:36:45.882Z,1751096205882996461
2025-06-28T07:36:45.917Z,1751096205917777681
2025-06-28T07:36:47.141Z,1751096207141762848
2025-06-28T07:36:48.250Z,1751096208250867872
2025-06-28T07:36:49.430Z,1751096209430999292
2025-06-28T07:36:52.636Z,1751096212636587851
2025-06-28T07:36:52.891Z,1751096212891930565
2025-06-28T07:36:53.059Z,1751096213059305012
2025-06-28T07:36:53.532Z,1751096213532579116
2025-06-28T07:36:57.877Z,1751096217877247409
2025-06-28T07:36:59.479Z,1751096219479595694
2025-06-28T07:37:05.386Z,1751096225386880208
2025-06-28T07:37:09.762Z,1751096229762906149
2025-06-28T07:37:10.027Z,1751096230027355211
2025-06-28T07:37:10.582Z,1751096230582743572
2025-06-28T07:37:10.621Z,1751096230621736780
2025-06-28T07:37:11.815Z,1751096231815972189
2025-06-28T07:37:12.516Z,1751096232516137525
2025-06-28T07:37:16.402Z,1751096236402044657
2025-06-28T07:37:16.633Z,1751096236633672158
2025-06-28T07:37:17.301Z,1751096237301707024
2025-06-28T07:37:18.358Z,1751096238358145998
2025-06-28T07:37:19.779Z,1751096239779065806
2025-06-28T07:37:22.101Z,1751096242101701240
2025-06-28T07:37:22.918Z,1751096242918235974
2025-06-28T07:37:23.065Z,1751096243065910601
2025-06-28T07:37:23.285Z,1751096243285033556
2025-06-28T07:37:29.733Z,1751096249733833169
2025-06-28T07:37:30.939Z,1751096250939497926
2025-06-28T07:37:31.109Z,1751096251109315147
2025-06-28T07:37:32.224Z,1751096252224954473
2025-06-28T07:37:33.943Z,1751096253943056645
2025-06-28T07:37:34.331Z,1751096254331840059
2025-06-28T07:37:35.950Z,1751096255950674900
2025-06-28T07:37:36.339Z,1751096256339310504
2025-06-28T07:37:37.007Z,1751096257007388724
2025-06-28T07:37:41.237Z,1751096261237765549
2025-06-28T07:37:42.428Z,1751096262428326734
2025-06-28T07:37:43.688Z,1751096263688347775
2025-06-28T07:37:44.049Z,1751096264049383572
2025-06-28T07:37:44.099Z,1751096264099489014
2025-06-28T07:37:45.727Z,1751096265727372331
2025-06-28T07:37:45.974Z,1751096265974629726
2025-06-28T07:37:46.537Z,1751096266537659770
2025-06-28T07:37:48.815Z,1751096268815590575
2025-06-28T07:37:48.934Z,1751096268934448429
2025-06-28T07:37:49.125Z,1751096269125436492
2025-06-28T07:37:50.169Z,1751096270169554513
2025-06-28T07:37:51.355Z,1751096271355680435
2025-06-28T07:37:53.609Z,1751096273609161506
2025-06-28T07:37:55.087Z,1751096275087368182
2025-06-28T07:37:55.853Z,1751096275853447621
2025-06-28T07:37:56.609Z,1751096276609792022
2025-06-28T07:37:57.910Z,1751096277910441786
2025-06-28T07:37:58.471Z,1751096278471172446
2025-06-28T07:38:02.499Z,1751096282499460697
2025-06-28T07:38:03.041Z,1751096283041110630
2025-06-28T07:38:03.314Z,1751096283314299356
2025-06-28T07:38:03.471Z,1751096283471758650
2025-06-28T07:38:05.367Z,1751096285367757728
2025-06-28T07:38:06.689Z,1751096286689365958
2025-06-28T07:38:07.247Z,1751096287247391988
2025-06-28T07:38:09.420Z,1751096289420858275
2025-06-28T07:38:14.151Z,1751096294151360707
2025-06-28T07:38:16.132Z,1751096296132167883
2025-06-28T07:38:16.337Z,1751096296337885479
2025-06-28T07:38:20.191Z,1751096300191587001
2025-06-28T07:38:20.474Z,1751096300474671460
2025-06-28T07:38:20.586Z,1751096300586989407
2025-06-28T07:38:21.967Z,1751096301967912955
2025-06-28T07:38:23.256Z,1751096303256552692
2025-06-28T07:38:25.350Z,1751096305350800569
2025-06-28T07:38:26.663Z,1751096306663119555
2025-06-28T07:38:26.793Z,1751096306793482643
2025-06-28T07:38:28.494Z,1751096308494631750
2025-06-28T07:38:29.460Z,1751096309460623071
2025-06-28T07:38:32.552Z,1751096312552327382
2025-06-28T07:38:32.601Z,1751096312601455281
2025-06-28T07:38:33.139Z,1751096313139725296
2025-06-28T07:38:33.555Z,1751096313555591289
2025-06-28T07:38:37.189Z,1751096317189962160
2025-06-28T07:38:42.526Z,1751096322526834066
2025-06-28T07:38:45.198Z,1751096325198536331
2025-06-28T07:38:45.327Z,1751096325327439270
2025-06-28T07:38:45.952Z,1751096325952340479
2025-06-28T07:38:46.833Z,1751096326833311154
2025-06-28T07:38:47.108Z,1751096327108956482
2025-06-28T07:38:47.416Z,1751096327416101565
2025-06-28T07:38:48.148Z,1751096328148018405
2025-06-28T07:38:48.166Z,1751096328166519381
2025-06-28T07:38:49.125Z,1751096329125192938
2025-06-28T07:38:49.815Z,1751096329815429729
2025-06-28T07:38:51.108Z,1751096331108431612
2025-06-28T07:38:52.199Z,1751096332199969193
2025-06-28T07:38:52.707Z,1751096332707126803
2025-06-28T07:38:53.399Z,1751096333399618362
2025-06-28T07:38:54.963Z,1751096334963721877
2025-06-28T07:38:56.443Z,1751096336443586973
2025-06-28T07:38:56.836Z,1751096336836238820
2025-06-28T07:39:00.652Z,1751096340652407349
2025-06-28T07:39:00.946Z,1751096340946804053
2025-06-28T07:39:01.440Z,1751096341440584817
2025-06-28T07:39:02.412Z,1751096342412291083
2025-06-28T07:39:03.502Z,1751096343502884617
2025-06-28T07:39:03.838Z,1751096343838248635
2025-06-28T07:39:04.606Z,1751096344606031368
2025-06-28T07:39:04.897Z,1751096344897383817
2025-06-28T07:39:05.190Z,1751096345190966582
2025-06-28T07:39:08.888Z,1751096348888082703
2025-06-28T07:39:10.488Z,1751096350488106678
2025-06-28T07:39:10.500Z,1751096350500581300
2025-06-28T07:39:11.567Z,1751096351567130696
2025-06-28T07:39:11.740Z,1751096351740369860
2025-06-28T07:39:12.277Z,1751096352277645902
2025-06-28T07:39:15.578Z,1751096355578072471
2025-06-28T07:39:15.658Z,1751096355658136317
2025-06-28T07:39:15.706Z,1751096355706903171
2025-06-28T07:39:16.625Z,1751096356625109349
2025-06-28T07:39:16.661Z,1751096356661514581
2025-06-28T07:39:17.444Z,1751096357444812932
2025-06-28T07:39:19.615Z,1751096359615739922
2025-06-28T07:39:20.027Z,1751096360027850106
2025-06-28T07:39:24.946Z,1751096364946518730
2025-06-28T07:39:25.145Z,1751096365145748881
2025-06-28T07:39:25.563Z,1751096365563726581
2025-06-28T07:39:27.877Z,1751096367877073605
2025-06-28T07:39:28.293Z,1751096368293064031
2025-06-28T07:39:29.321Z,1751096369321199202
2025-06-28T07:39:30.396Z,1751096370396480922
2025-06-28T07:39:30.470Z,1751096370470186712
2025-06-28T07:39:30.493Z,1751096370493759379
2025-06-28T07:39:30.945Z,1751096370945432821
2025-06-28T07:39:33.187Z,1751096373187211992
2025-06-28T07:39:34.744Z,1751096374744387869
2025-06-28T07:39:36.671Z,1751096376671005854
2025-06-28T07:39:39.407Z,1751096379407042340
2025-06-28T07:39:41.324Z,1751096381324014903
2025-06-28T07:39:44.152Z,1751096384152524357
2025-06-28T07:39:44.980Z,1751096384980375997
2025-06-28T07:39:47.417Z,1751096387417790239
2025-06-28T07:39:51.463Z,1751096391463996565
2025-06-28T07:39:52.453Z,1751096392453831774
2025-06-28T07:39:53.526Z,1751096393526364907
2025-06-28T07:39:55.754Z,1751096395754812879
2025-06-28T07:40:00.363Z,1751096400363562761
2025-06-28T07:40:02.729Z,1751096402729219079
2025-06-28T07:40:02.789Z,1751096402789499867
2025-06-28T07:40:03.174Z,1751096403174667318
2025-06-28T07:40:03.283Z,1751096403283454531
2025-06-28T07:40:03.883Z,1751096403883336633
2025-06-28T07:40:05.253Z,1751096405253713627
2025-06-28T07:40:10.458Z,1751096410458922755
2025-06-28T07:40:11.655Z,1751096411655753169
2025-06-28T07:40:14.165Z,1751096414165141299
2025-06-28T07:40:14.399Z,1751096414399036286
2025-06-28T07:40:16.456Z,1751096416456416530
2025-06-28T07:40:17.184Z,1751096417184469808
2025-06-28T07:40:20.826Z,1751096420826902914
2025-06-28T07:40:21.845Z,1751096421845241705
2025-06-28T07:40:22.053Z,1751096422053658347
2025-06-28T07:40:22.248Z,1751096422248014522
2025-06-28T07:40:25.343Z,1751096425343437313
2025-06-28T07:40:25.512Z,1751096425512211226
2025-06-28T07:40:25.710Z,1751096425710121157
2025-06-28T07:40:29.257Z,1751096429257248390
2025-06-28T07:40:29.886Z,1751096429886335144
2025-06-28T07:40:30.052Z,1751096430052896234
2025-06-28T07:40:30.256Z,1751096430256390899
2025-06-28T07:40:31.220Z,1751096431220286584
2025-06-28T07:40:33.047Z,1751096433047825456
2025-06-28T07:40:33.762Z,1751096433762211324
2025-06-28T07:40:34.943Z,1751096434943612966
2025-06-28T07:40:40.445Z,1751096440445145211
2025-06-28T07:40:40.797Z,1751096440797221165
2025-06-28T07:40:41.073Z,1751096441073164769
2025-06-28T07:40:41.165Z,1751096441165735378
2025-06-28T07:40:41.267Z,1751096441267318580
2025-06-28T07:40:43.867Z,1751096443867244991
2025-06-28T07:40:44.330Z,1751096444330240089
2025-06-28T07:40:44.400Z,1751096444400217946
2025-06-28T07:40:44.876Z,1751096444876209219
2025-06-28T07:40:45.033Z,1751096445033836012
2025-06-28T07:40:46.140Z,1751096446140549616
2025-06-28T07:40:47.482Z,1751096447482759414
2025-06-28T07:40:48.510Z,1751096448510768755
2025-06-28T07:40:51.085Z,1751096451085136774
2025-06-28T07:40:51.765Z,1751096451765935556
2025-06-28T07:40:56.903Z,1751096456903141499
2025-06-28T07:40:57.877Z,1751096457877099183
2025-06-28T07:40:58.759Z,1751096458759460139
2025-06-28T07:41:02.846Z,1751096462846498579
2025-06-28T07:41:04.525Z,1751096464525861917
2025-06-28T07:41:06.537Z,1751096466537421738
2025-06-28T07:41:07.032Z,1751096467032329471
2025-06-28T07:41:07.209Z,1751096467209269092
2025-06-28T07:41:09.075Z,1751096469075628714
2025-06-28T07:41:12.698Z,1751096472698051456
2025-06-28T07:41:12.941Z,1751096472941727072
2025-06-28T07:41:19.395Z,1751096479395938087
2025-06-28T07:41:19.504Z,1751096479504408279
2025-06-28T07:41:19.739Z,1751096479739583842
2025-06-28T07:41:19.779Z,1751096479779699765
2025-06-28T07:41:21.493Z,1751096481493371569
2025-06-28T07:41:22.322Z,1751096482322400592
2025-06-28T07:41:22.700Z,1751096482700267890
2025-06-28T07:41:23.110Z,1751096483110671911
2025-06-28T07:41:25.029Z,1751096485029010456
2025-06-28T07:41:26.255Z,1751096486255548765
2025-06-28T07:41:26.822Z,1751096486822504104
2025-06-28T07:41:27.198Z,1751096487198697236
2025-06-28T07:41:29.460Z,1751096489460310338
2025-06-28T07:41:29.583Z,1751096489583569056
2025-06-28T07:41:29.949Z,1751096489949201783
2025-06-28T07:41:30.312Z,1751096490312067865
2025-06-28T07:41:30.769Z,1751096490769199862
2025-06-28T07:41:31.257Z,1751096491257804807
2025-06-28T07:41:31.381Z,1751096491381539191
2025-06-28T07:41:33.767Z,1751096493767655046
2025-06-28T07:41:35.188Z,1751096495188968746
2025-06-28T07:41:39.218Z,1751096499218278037
2025-06-28T07:41:39.519Z,1751096499519036719
2025-06-28T07:41:40.796Z,1751096500796850442
2025-06-28T07:41:41.215Z,1751096501215373446
2025-06-28T07:41:42.058Z,1751096502058719020
2025-06-28T07:41:45.229Z,1751096505229397581
2025-06-28T07:41:45.855Z,1751096505855268977
2025-06-28T07:41:45.919Z,1751096505919687028
2025-06-28T07:41:46.532Z,1751096506532203505
2025-06-28T07:41:46.969Z,1751096506969594884
2025-06-28T07:41:47.089Z,1751096507089683949
2025-06-28T07:41:49.188Z,1751096509188034230
2025-06-28T07:41:50.754Z,1751096510754793683
2025-06-28T07:41:56.096Z,1751096516096321327
2025-06-28T07:41:56.191Z,1751096516191005665
2025-06-28T07:41:56.275Z,1751096516275771362
2025-06-28T07:41:56.279Z,1751096516279685800
2025-06-28T07:41:56.642Z,1751096516642045749
2025-06-28T07:41:57.891Z,1751096517891058066
2025-06-28T07:41:58.395Z,1751096518395907097
2025-06-28T07:41:58.881Z,1751096518881320283
2025-06-28T07:42:01.852Z,1751096521852520244
2025-06-28T07:42:02.831Z,1751096522831027168
2025-06-28T07:42:05.041Z,1751096525041862419
2025-06-28T07:42:07.074Z,1751096527074335928
2025-06-28T07:42:07.149Z,1751096527149627469
2025-06-28T07:42:07.479Z,1751096527479944148
2025-06-28T07:42:07.612Z,1751096527612430050
2025-06-28T07:42:08.403Z,1751096528403488307
2025-06-28T07:42:09.355Z,1751096529355597147
2025-06-28T07:42:09.744Z,1751096529744565969
2025-06-28T07:42:10.475Z,1751096530475998175
2025-06-28T07:42:11.294Z,1751096531294426876
2025-06-28T07:42:12.211Z,1751096532211513264
2025-06-28T07:42:12.931Z,1751096532931261811
2025-06-28T07:42:13.106Z,1751096533106753804
2025-06-28T07:42:13.961Z,1751096533961831095
2025-06-28T07:42:14.892Z,1751096534892500053
2025-06-28T07:42:15.605Z,1751096535605121328
2025-06-28T07:42:15.623Z,1751096535623284030
2025-06-28T07:42:15.951Z,1751096535951569054
2025-06-28T07:42:17.291Z,1751096537291450182
2025-06-28T07:42:17.510Z,1751096537510351319
2025-06-28T07:42:17.974Z,1751096537974597517
2025-06-28T07:42:17.980Z,1751096537980326574
2025-06-28T07:42:18.024Z,1751096538024252835
2025-06-28T07:42:18.283Z,1751096538283941318
2025-06-28T07:42:18.349Z,1751096538349159075
2025-06-28T07:42:19.022Z,1751096539022223323
2025-06-28T07:42:21.429Z,1751096541429014974
2025-06-28T07:42:22.941Z,1751096542941055658
2025-06-28T07:42:23.356Z,1751096543356090572
2025-06-28T07:42:24.121Z,1751096544121549100
2025-06-28T07:42:25.143Z,1751096545143474022
2025-06-28T07:42:26.576Z,1751096546576530995
2025-06-28T07:42:26.691Z,1751096546691858201
2025-06-28T07:42:28.315Z,1751096548315991581
2025-06-28T07:42:29.026Z,1751096549026837754
2025-06-28T07:42:29.450Z,1751096549450300177
2025-06-28T07:42:30.639Z,1751096550639666180
2025-06-28T07:42:31.800Z,1751096551800133971
2025-06-28T07:42:32.005Z,1751096552005630894
2025-06-28T07:42:32.364Z,1751096552364573526
2025-06-28T07:42:32.638Z,1751096552638031341
2025-06-28T07:42:32.915Z,1751096552915453053
2025-06-28T07:42:34.678Z,1751096554678551043
2025-06-28T07:42:35.350Z,1751096555350085846
2025-06-28T07:42:35.478Z,1751096555478435616
2025-06-28T07:42:36.643Z,1751096556643720358
2025-06-28T07:42:37.511Z,1751096557511474194
2025-06-28T07:42:38.256Z,1751096558256222616
2025-06-28T07:42:39.059Z,1751096559059477218
2025-06-28T07:42:40.080Z,1751096560080850078
2025-06-28T07:42:40.503Z,1751096560503365245
2025-06-28T07:42:41.414Z,1751096561414688692
2025-06-28T07:42:42.726Z,1751096562726618401
2025-06-28T07:42:44.680Z,1751096564680292844
2025-06-28T07:42:45.333Z,1751096565333336464
2025-06-28T07:42:50.533Z,1751096570533456896
2025-06-28T07:42:53.990Z,1751096573990437119
2025-06-28T07:42:57.548Z,1751096577548754127
2025-06-28T07:42:57.901Z,1751096577901170787
2025-06-28T07:42:58.242Z,1751096578242610546
2025-06-28T07:42:59.466Z,1751096579466495505
2025-06-28T07:43:01.484Z,1751096581484081672
2025-06-28T07:43:02.070Z,1751096582070232183
2025-06-28T07:43:02.260Z,1751096582260539300
2025-06-28T07:43:05.008Z,1751096585008312292
2025-06-28T07:43:05.254Z,1751096585254269505
2025-06-28T07:43:05.872Z,1751096585872787833
2025-06-28T07:43:08.792Z,1751096588792470835
2025-06-28T07:43:12.544Z,1751096592544216725
2025-06-28T07:43:16.814Z,1751096596814354934
2025-06-28T07:43:16.832Z,1751096596832718884
2025-06-28T07:43:17.151Z,1751096597151589639
2025-06-28T07:43:19.693Z,1751096599693740853
2025-06-28T07:43:20.405Z,1751096600405424786
2025-06-28T07:43:22.093Z,1751096602093588494
2025-06-28T07:43:22.163Z,1751096602163525435
2025-06-28T07:43:23.414Z,1751096603414097296
2025-06-28T07:43:23.785Z,1751096603785979124
2025-06-28T07:43:24.052Z,1751096604052477551
2025-06-28T07:43:25.433Z,1751096605433490617
2025-06-28T07:43:25.508Z,1751096605508509050
2025-06-28T07:43:27.020Z,1751096607020910601
2025-06-28T07:43:27.409Z,1751096607409351320
2025-06-28T07:43:28.004Z,1751096608004880306
2025-06-28T07:43:28.408Z,1751096608408556651
2025-06-28T07:43:33.307Z,1751096613307771837
2025-06-28T07:43:34.638Z,1751096614638602810
2025-06-28T07:43:35.554Z,1751096615554643847
2025-06-28T07:43:36.976Z,1751096616976862563
2025-06-28T07:43:37.968Z,1751096617968582059
2025-06-28T07:43:38.682Z,1751096618682035982
2025-06-28T07:43:39.645Z,1751096619645625596
2025-06-28T07:43:39.686Z,1751096619686286048
2025-06-28T07:43:40.844Z,1751096620844043673
2025-06-28T07:43:41.661Z,1751096621661816835
2025-06-28T07:43:42.151Z,1751096622151634703
2025-06-28T07:43:42.436Z,1751096622436030164
2025-06-28T07:43:43.319Z,1751096623319136414
2025-06-28T07:43:45.426Z,1751096625426028563
2025-06-28T07:43:45.708Z,1751096625708727139
2025-06-28T07:43:46.676Z,1751096626676818683
2025-06-28T07:43:47.338Z,1751096627338183677
2025-06-28T07:43:48.350Z,1751096628350567995
2025-06-28T07:43:50.035Z,1751096630035974665
2025-06-28T07:43:50.416Z,1751096630416031836
2025-06-28T07:43:50.499Z,1751096630499822523
2025-06-28T07:43:52.992Z,1751096632992864895
2025-06-28T07:43:53.742Z,1751096633742568252
2025-06-28T07:43:53.825Z,1751096633825745159
2025-06-28T07:43:54.509Z,1751096634509691475
2025-06-28T07:43:55.070Z,1751096635070417381
2025-06-28T07:43:55.950Z,1751096635950938050
2025-06-28T07:43:57.849Z,1751096637849675705
2025-06-28T07:43:59.704Z,1751096639704912340
2025-06-28T07:43:59.721Z,1751096639721460114
2025-06-28T07:44:00.217Z,1751096640217732213
2025-06-28T07:44:00.373Z,1751096640373944076
2025-06-28T07:44:01.879Z,1751096641879395671
2025-06-28T07:44:03.957Z,1751096643957306552
2025-06-28T07:44:04.267Z,1751096644267963165
2025-06-28T07:44:06.266Z,1751096646266031256
2025-06-28T07:44:08.016Z,1751096648016507571
2025-06-28T07:44:09.867Z,1751096649867748549
2025-06-28T07:44:12.660Z,1751096652660484169
2025-06-28T07:44:12.987Z,1751096652987844563
2025-06-28T07:44:14.828Z,1751096654828423463
2025-06-28T07:44:16.180Z,1751096656180089005
2025-06-28T07:44:17.380Z,1751096657380292791
2025-06-28T07:44:17.467Z,1751096657467917703
2025-06-28T07:44:19.405Z,1751096659405584659
2025-06-28T07:44:21.399Z,1751096661399065468
2025-06-28T07:44:26.340Z,1751096666340982886
2025-06-28T07:44:28.512Z,1751096668512324259
2025-06-28T07:44:30.551Z,1751096670551123497
2025-06-28T07:44:31.588Z,1751096671588802992
2025-06-28T07:44:31.673Z,1751096671673823088
2025-06-28T07:44:32.373Z,1751096672373232838
2025-06-28T07:44:32.843Z,1751096672843066884
2025-06-28T07:44:32.913Z,1751096672913869057
2025-06-28T07:44:36.632Z,1751096676632683070
2025-06-28T07:44:36.704Z,1751096676704113110
2025-06-28T07:44:36.844Z,1751096676844241731
2025-06-28T07:44:38.084Z,1751096678084660487
2025-06-28T07:44:38.943Z,1751096678943547356
2025-06-28T07:44:40.069Z,1751096680069081326
2025-06-28T07:44:45.067Z,1751096685067018133
2025-06-28T07:44:45.189Z,1751096685189734970
2025-06-28T07:44:45.929Z,1751096685929328401
2025-06-28T07:44:50.052Z,1751096690052747425
2025-06-28T07:44:50.515Z,1751096690515328106
2025-06-28T07:44:51.438Z,1751096691438623345
2025-06-28T07:44:52.720Z,1751096692720965937
2025-06-28T07:44:54.746Z,1751096694746747328
2025-06-28T07:44:54.794Z,1751096694794212807
2025-06-28T07:44:56.392Z,1751096696392464645
2025-06-28T07:44:56.435Z,1751096696435712180
2025-06-28T07:44:57.736Z,1751096697736499790
2025-06-28T07:44:57.963Z,1751096697963314882
2025-06-28T07:44:59.224Z,1751096699224268255
2025-06-28T07:45:00.444Z,1751096700444838839
2025-06-28T07:45:00.666Z,1751096700666744896
2025-06-28T07:45:00.701Z,1751096700701070214
2025-06-28T07:45:00.724Z,1751096700724853598
2025-06-28T07:45:00.805Z,1751096700805571339
2025-06-28T07:45:01.101Z,1751096701101738039
2025-06-28T07:45:01.328Z,1751096701328073133
2025-06-28T07:45:02.689Z,1751096702689086618
2025-06-28T07:45:04.566Z,1751096704566033095
2025-06-28T07:45:10.265Z,1751096710265328576
2025-06-28T07:45:10.650Z,1751096710650806725
2025-06-28T07:45:12.195Z,1751096712195617530
2025-06-28T07:45:12.868Z,1751096712868246079
2025-06-28T07:45:13.047Z,1751096713047270293
2025-06-28T07:45:13.210Z,1751096713210297898
2025-06-28T07:45:15.741Z,1751096715741664457
2025-06-28T07:45:18.725Z,1751096718725100638
2025-06-28T07:45:20.264Z,1751096720264066015
2025-06-28T07:45:20.805Z,1751096720805811779
2025-06-28T07:45:21.032Z,1751096721032414400
2025-06-28T07:45:22.531Z,1751096722531090471
2025-06-28T07:45:24.630Z,1751096724630382354
2025-06-28T07:45:25.573Z,1751096725573048983
2025-06-28T07:45:26.858Z,1751096726858990840
2025-06-28T07:45:27.103Z,1751096727103504359
2025-06-28T07:45:28.346Z,1751096728346214338
2025-06-28T07:45:29.566Z,1751096729566181913
2025-06-28T07:45:30.307Z,1751096730307377170
2025-06-28T07:45:31.275Z,1751096731275062751
2025-06-28T07:45:31.538Z,1751096731538996319
2025-06-28T07:45:33.057Z,1751096733057912505
2025-06-28T07:45:33.227Z,1751096733227957226
2025-06-28T07:45:33.403Z,1751096733403092163
2025-06-28T07:45:35.165Z,1751096735165749449
2025-06-28T07:45:37.540Z,1751096737540815878
2025-06-28T07:45:38.302Z,1751096738302225123
2025-06-28T07:45:38.917Z,1751096738917564757
2025-06-28T07:45:39.541Z,1751096739541858878
2025-06-28T07:45:39.688Z,1751096739688634918
2025-06-28T07:45:43.415Z,1751096743415066914
2025-06-28T07:45:44.700Z,1751096744700860317
2025-06-28T07:45:44.843Z,1751096744843243344
2025-06-28T07:45:44.994Z,1751096744994323422
2025-06-28T07:45:45.070Z,1751096745070739223
2025-06-28T07:45:45.103Z,1751096745103118657
2025-06-28T07:45:45.748Z,1751096745748957448
2025-06-28T07:45:46.361Z,1751096746361345047
2025-06-28T07:45:48.349Z,1751096748349875206
2025-06-28T07:45:48.721Z,1751096748721485113
2025-06-28T07:45:49.141Z,1751096749141393797
2025-06-28T07:45:49.303Z,1751096749303802908
2025-06-28T07:45:49.518Z,1751096749518990765
2025-06-28T07:45:50.468Z,1751096750468868799
2025-06-28T07:45:50.561Z,1751096750561063383
2025-06-28T07:45:51.231Z,1751096751231145481
2025-06-28T07:45:53.305Z,1751096753305797195
2025-06-28T07:45:54.402Z,1751096754402103297
2025-06-28T07:45:56.424Z,1751096756424966783
2025-06-28T07:46:00.190Z,1751096760190653326
2025-06-28T07:46:00.403Z,1751096760403690286
2025-06-28T07:46:00.988Z,1751096760988127293
2025-06-28T07:46:02.357Z,1751096762357918533
2025-06-28T07:46:05.195Z,1751096765195058615
2025-06-28T07:46:06.002Z,1751096766002131862
2025-06-28T07:46:11.032Z,1751096771032337072
2025-06-28T07:46:11.990Z,1751096771990282041
2025-06-28T07:46:12.082Z,1751096772082000007
2025-06-28T07:46:12.735Z,1751096772735273078
2025-06-28T07:46:12.842Z,1751096772842159323
2025-06-28T07:46:14.076Z,1751096774076179076
2025-06-28T07:46:14.320Z,1751096774320998389
2025-06-28T07:46:15.545Z,1751096775545705032
2025-06-28T07:46:15.674Z,1751096775674488207
2025-06-28T07:46:16.734Z,1751096776734674446
2025-06-28T07:46:16.907Z,1751096776907066802
2025-06-28T07:46:17.155Z,1751096777155467752
2025-06-28T07:46:17.714Z,1751096777714937773
2025-06-28T07:46:19.825Z,1751096779825501595
2025-06-28T07:46:22.256Z,1751096782256841448
2025-06-28T07:46:22.307Z,1751096782307366461
2025-06-28T07:46:22.893Z,1751096782893152908
2025-06-28T07:46:24.016Z,1751096784016702726
2025-06-28T07:46:24.180Z,1751096784180742234
2025-06-28T07:46:24.820Z,1751096784820425076
2025-06-28T07:46:25.895Z,1751096785895371920
2025-06-28T07:46:26.548Z,1751096786548467304
2025-06-28T07:46:27.484Z,1751096787484651988
2025-06-28T07:46:29.601Z,1751096789601392730
2025-06-28T07:46:29.949Z,1751096789949877359
2025-06-28T07:46:30.172Z,1751096790172551858
2025-06-28T07:46:30.249Z,1751096790249423666
2025-06-28T07:46:32.290Z,1751096792290025365
2025-06-28T07:46:33.918Z,1751096793918157338
2025-06-28T07:46:35.464Z,1751096795464637863
2025-06-28T07:46:36.715Z,1751096796715849464
2025-06-28T07:46:36.900Z,1751096796900133588
2025-06-28T07:46:37.658Z,1751096797658363955
2025-06-28T07:46:37.784Z,1751096797784842079
2025-06-28T07:46:42.650Z,1751096802650330973
2025-06-28T07:46:43.387Z,1751096803387270181
2025-06-28T07:46:43.536Z,1751096803536918854
2025-06-28T07:46:43.696Z,1751096803696601071
2025-06-28T07:46:43.958Z,1751096803958461272
2025-06-28T07:46:44.255Z,1751096804255006495
2025-06-28T07:46:44.412Z,1751096804412092226
2025-06-28T07:46:49.304Z,1751096809304721899
2025-06-28T07:46:50.673Z,1751096810673917495
2025-06-28T07:46:51.205Z,1751096811205511367
2025-06-28T07:46:51.783Z,1751096811783790875
2025-06-28T07:46:52.291Z,1751096812291057268
2025-06-28T07:46:52.509Z,1751096812509559440
2025-06-28T07:46:54.430Z,1751096814430114741
2025-06-28T07:46:55.502Z,1751096815502409004
2025-06-28T07:46:58.149Z,1751096818149778275
2025-06-28T07:46:58.828Z,1751096818828512449
2025-06-28T07:47:01.052Z,1751096821052029927
2025-06-28T07:47:04.935Z,1751096824935333060
2025-06-28T07:47:07.354Z,1751096827354906230
2025-06-28T07:47:08.661Z,1751096828661283781
2025-06-28T07:47:09.395Z,1751096829395964411
2025-06-28T07:47:09.846Z,1751096829846640226
2025-06-28T07:47:10.170Z,1751096830170670445
2025-06-28T07:47:10.263Z,1751096830263617507
2025-06-28T07:47:11.497Z,1751096831497914906
2025-06-28T07:47:11.777Z,1751096831777328578
2025-06-28T07:47:12.393Z,1751096832393908613
2025-06-28T07:47:12.630Z,1751096832630259814
2025-06-28T07:47:17.950Z,1751096837950703287
2025-06-28T07:47:18.688Z,1751096838688854289
2025-06-28T07:47:19.793Z,1751096839793800913
2025-06-28T07:47:22.067Z,1751096842067301140
2025-06-28T07:47:22.780Z,1751096842780783477
2025-06-28T07:47:24.605Z,1751096844605629310
2025-06-28T07:47:26.277Z,1751096846277856780
2025-06-28T07:47:30.002Z,1751096850002631120
2025-06-28T07:47:31.522Z,1751096851522425022
2025-06-28T07:47:32.583Z,1751096852583989328
2025-06-28T07:47:33.304Z,1751096853304333350
2025-06-28T07:47:33.601Z,1751096853601556819
2025-06-28T07:47:33.727Z,1751096853727814479
2025-06-28T07:47:33.812Z,1751096853812600687
2025-06-28T07:47:38.927Z,1751096858927081800
2025-06-28T07:47:39.176Z,1751096859176069379
2025-06-28T07:47:40.050Z,1751096860050186212
2025-06-28T07:47:41.273Z,1751096861273750207
2025-06-28T07:47:42.041Z,1751096862041316329
2025-06-28T07:47:42.640Z,1751096862640590331
2025-06-28T07:47:42.964Z,1751096862964470961
2025-06-28T07:47:43.389Z,1751096863389591691
2025-06-28T07:47:45.351Z,1751096865351450521
2025-06-28T07:47:47.493Z,1751096867493891127
2025-06-28T07:47:49.515Z,1751096869515151598
2025-06-28T07:47:51.029Z,1751096871029352163
2025-06-28T07:47:51.074Z,1751096871074730356
2025-06-28T07:47:52.208Z,1751096872208938850
2025-06-28T07:47:54.274Z,1751096874274653145
2025-06-28T07:47:55.166Z,1751096875166649728
2025-06-28T07:47:57.091Z,1751096877091542294
2025-06-28T07:47:59.658Z,1751096879658027757
2025-06-28T07:47:59.864Z,1751096879864159562
2025-06-28T07:48:00.655Z,1751096880655850550
2025-06-28T07:48:01.566Z,1751096881566202762
2025-06-28T07:48:03.201Z,1751096883201863440
2025-06-28T07:48:04.433Z,1751096884433803329
2025-06-28T07:48:05.333Z,1751096885333747721
2025-06-28T07:48:08.759Z,1751096888759666635
2025-06-28T07:48:10.776Z,1751096890776319598
2025-06-28T07:48:14.334Z,1751096894334879699
2025-06-28T07:48:14.992Z,1751096894992300592
2025-06-28T07:48:16.717Z,1751096896717272900
2025-06-28T07:48:17.500Z,1751096897500841837
2025-06-28T07:48:21.331Z,1751096901331190625
2025-06-28T07:48:22.842Z,1751096902842604555
2025-06-28T07:48:28.453Z,1751096908453811494
2025-06-28T07:48:28.458Z,1751096908458422682
2025-06-28T07:48:29.574Z,1751096909574258987
2025-06-28T07:48:30.229Z,1751096910229385268
2025-06-28T07:48:30.427Z,1751096910427640222
2025-06-28T07:48:30.859Z,1751096910859800099
2025-06-28T07:48:30.941Z,1751096910941254929
2025-06-28T07:48:35.546Z,1751096915546879759
2025-06-28T07:48:35.632Z,1751096915632095808
2025-06-28T07:48:36.315Z,1751096916315560677
2025-06-28T07:48:36.405Z,1751096916405692395
2025-06-28T07:48:37.547Z,1751096917547568745
2025-06-28T07:48:37.690Z,1751096917690263417
2025-06-28T07:48:40.722Z,1751096920722270541
2025-06-28T07:48:41.573Z,1751096921573396333
2025-06-28T07:48:41.944Z,1751096921944757479
2025-06-28T07:48:43.072Z,1751096923072179321
2025-06-28T07:48:43.216Z,1751096923216316175
2025-06-28T07:48:44.219Z,1751096924219106115
2025-06-28T07:48:44.401Z,1751096924401008824
2025-06-28T07:48:45.508Z,1751096925508996642
2025-06-28T07:48:45.562Z,1751096925562074003
2025-06-28T07:48:45.945Z,1751096925945033394
2025-06-28T07:48:48.824Z,1751096928824220548
2025-06-28T07:48:52.999Z,1751096932999046069
2025-06-28T07:48:53.420Z,1751096933420200045
2025-06-28T07:48:53.434Z,1751096933434778552
2025-06-28T07:48:53.861Z,1751096933861194744
2025-06-28T07:48:54.257Z,1751096934257513996
2025-06-28T07:48:55.030Z,1751096935030968728
2025-06-28T07:48:56.705Z,1751096936705680398
2025-06-28T07:48:57.719Z,1751096937719047239
2025-06-28T07:48:58.158Z,1751096938158489373
2025-06-28T07:48:58.354Z,1751096938354732865
2025-06-28T07:48:58.756Z,1751096938756629716
2025-06-28T07:48:59.565Z,1751096939565535337
2025-06-28T07:49:02.445Z,1751096942445476639
2025-06-28T07:49:02.734Z,1751096942734615305
2025-06-28T07:49:03.927Z,1751096943927039079
2025-06-28T07:49:05.436Z,1751096945436985225
2025-06-28T07:49:05.815Z,1751096945815428706
2025-06-28T07:49:05.890Z,1751096945890309957
2025-06-28T07:49:06.310Z,1751096946310245069
2025-06-28T07:49:06.458Z,1751096946458034834
2025-06-28T07:49:07.189Z,1751096947189099680
2025-06-28T07:49:07.220Z,1751096947220374909
2025-06-28T07:49:09.514Z,1751096949514831619
2025-06-28T07:49:09.762Z,1751096949762507332
2025-06-28T07:49:09.801Z,1751096949801681925
2025-06-28T07:49:10.055Z,1751096950055960579
2025-06-28T07:49:14.812Z,1751096954812910620
2025-06-28T07:49:15.347Z,1751096955347054555
2025-06-28T07:49:15.962Z,1751096955962390524
2025-06-28T07:49:18.849Z,1751096958849373297
2025-06-28T07:49:21.846Z,1751096961846345874
2025-06-28T07:49:21.951Z,1751096961951811938
2025-06-28T07:49:23.589Z,1751096963589653424
2025-06-28T07:49:24.093Z,1751096964093665011
2025-06-28T07:49:24.724Z,1751096964724070438
2025-06-28T07:49:25.557Z,1751096965557619450
2025-06-28T07:49:25.792Z,1751096965792577168
2025-06-28T07:49:26.430Z,1751096966430862546
2025-06-28T07:49:28.484Z,1751096968484786136
2025-06-28T07:49:28.546Z,1751096968546486965
2025-06-28T07:49:28.637Z,1751096968637627317
2025-06-28T07:49:29.278Z,1751096969278294507
2025-06-28T07:49:32.374Z,1751096972374474999
2025-06-28T07:49:32.580Z,1751096972580763865
2025-06-28T07:49:34.675Z,1751096974675003496
2025-06-28T07:49:37.545Z,1751096977545194006
2025-06-28T07:49:39.632Z,1751096979632461086
2025-06-28T07:49:40.073Z,1751096980073663488
2025-06-28T07:49:40.286Z,1751096980286466394
2025-06-28T07:49:42.761Z,1751096982761025746
2025-06-28T07:49:43.253Z,1751096983253906509
2025-06-28T07:49:43.375Z,1751096983375726049
2025-06-28T07:49:43.635Z,1751096983635673676
2025-06-28T07:49:44.300Z,1751096984300861979
2025-06-28T07:49:44.335Z,1751096984335934655
2025-06-28T07:49:46.166Z,1751096986166674712
2025-06-28T07:49:47.476Z,1751096987476406947
2025-06-28T07:49:48.066Z,1751096988066278167
2025-06-28T07:49:50.205Z,1751096990205025784
2025-06-28T07:49:54.645Z,1751096994645712071
2025-06-28T07:49:58.318Z,1751096998318749882
2025-06-28T07:50:00.509Z,1751097000509369671
2025-06-28T07:50:00.902Z,1751097000902487823
2025-06-28T07:50:00.970Z,1751097000970696943
2025-06-28T07:50:01.901Z,1751097001901967553
2025-06-28T07:50:03.491Z,1751097003491600918
2025-06-28T07:50:04.838Z,1751097004838759996
2025-06-28T07:50:05.333Z,1751097005333943200
2025-06-28T07:50:07.101Z,1751097007101994893
2025-06-28T07:50:08.903Z,1751097008903205805
2025-06-28T07:50:08.913Z,1751097008913908855
2025-06-28T07:50:09.269Z,1751097009269493873
2025-06-28T07:50:09.827Z,1751097009827955374
2025-06-28T07:50:09.893Z,1751097009893463056
2025-06-28T07:50:09.951Z,1751097009951628130
2025-06-28T07:50:10.226Z,1751097010226964221
2025-06-28T07:50:11.885Z,1751097011885023475
2025-06-28T07:50:14.667Z,1751097014667901724
2025-06-28T07:50:15.757Z,1751097015757569564
2025-06-28T07:50:15.949Z,1751097015949876213
2025-06-28T07:50:21.730Z,1751097021730052974
2025-06-28T07:50:24.635Z,1751097024635598835
2025-06-28T07:50:28.024Z,1751097028024037830
2025-06-28T07:50:28.092Z,1751097028092088701
2025-06-28T07:50:28.110Z,1751097028110646667
2025-06-28T07:50:31.730Z,1751097031730330694
2025-06-28T07:50:31.743Z,1751097031743591885
2025-06-28T07:50:31.957Z,1751097031957346637
2025-06-28T07:50:33.549Z,1751097033549315685
2025-06-28T07:50:37.249Z,1751097037249759124
2025-06-28T07:50:37.850Z,1751097037850697564
2025-06-28T07:50:38.130Z,1751097038130370337
2025-06-28T07:50:38.238Z,1751097038238164484
2025-06-28T07:50:38.566Z,1751097038566512910
2025-06-28T07:50:42.586Z,1751097042586967599
2025-06-28T07:50:44.588Z,1751097044588944345
2025-06-28T07:50:44.633Z,1751097044633126190
2025-06-28T07:50:48.288Z,1751097048288450888
2025-06-28T07:50:49.375Z,1751097049375699134
2025-06-28T07:50:50.175Z,1751097050175351743
2025-06-28T07:50:52.255Z,1751097052255102734
2025-06-28T07:50:52.751Z,1751097052751417008
2025-06-28T07:50:53.512Z,1751097053512943091
2025-06-28T07:50:54.756Z,1751097054756432301
2025-06-28T07:51:00.211Z,1751097060211733719
2025-06-28T07:51:00.646Z,1751097060646352503
2025-06-28T07:51:00.915Z,1751097060915234362
2025-06-28T07:51:01.249Z,1751097061249886736
2025-06-28T07:51:02.380Z,1751097062380304414
2025-06-28T07:51:03.449Z,1751097063449374025
2025-06-28T07:51:03.591Z,1751097063591086031
2025-06-28T07:51:03.901Z,1751097063901716696
2025-06-28T07:51:05.768Z,1751097065768097328
2025-06-28T07:51:07.273Z,1751097067273734150
2025-06-28T07:51:07.420Z,1751097067420061618
2025-06-28T07:51:08.786Z,1751097068786097240
2025-06-28T07:51:10.935Z,1751097070935476290
2025-06-28T07:51:11.744Z,1751097071744401640
2025-06-28T07:51:12.862Z,1751097072862053177
2025-06-28T07:51:13.105Z,1751097073105802549
2025-06-28T07:51:16.644Z,1751097076644190859
2025-06-28T07:51:20.754Z,1751097080754610755
2025-06-28T07:51:21.545Z,1751097081545918292
2025-06-28T07:51:22.081Z,1751097082081557939
2025-06-28T07:51:22.352Z,1751097082352028520
2025-06-28T07:51:22.485Z,1751097082485719661
2025-06-28T07:51:22.930Z,1751097082930117657
2025-06-28T07:51:23.452Z,1751097083452491053
2025-06-28T07:51:25.176Z,1751097085176927001
2025-06-28T07:51:26.178Z,1751097086178708086
2025-06-28T07:51:29.116Z,1751097089116262011
2025-06-28T07:51:33.461Z,1751097093461615418
2025-06-28T07:51:33.492Z,1751097093492903295
2025-06-28T07:51:34.589Z,1751097094589258487
2025-06-28T07:51:34.719Z,1751097094719207547
2025-06-28T07:51:35.683Z,1751097095683907447
2025-06-28T07:51:35.695Z,1751097095695598156
2025-06-28T07:51:36.987Z,1751097096987774115
2025-06-28T07:51:37.007Z,1751097097007931904
2025-06-28T07:51:37.576Z,1751097097576312386
2025-06-28T07:51:37.729Z,1751097097729514229
2025-06-28T07:51:37.833Z,1751097097833300022
2025-06-28T07:51:38.685Z,1751097098685243287
2025-06-28T07:51:43.287Z,1751097103287295851
2025-06-28T07:51:43.457Z,1751097103457952330
2025-06-28T07:51:47.983Z,1751097107983320064
2025-06-28T07:51:48.763Z,1751097108763491861
2025-06-28T07:51:49.888Z,1751097109888661559
2025-06-28T07:51:50.412Z,1751097110412149997
2025-06-28T07:51:51.344Z,1751097111344390975
2025-06-28T07:51:53.034Z,1751097113034495261
2025-06-28T07:51:53.240Z,1751097113240411242
2025-06-28T07:51:54.875Z,1751097114875304454
2025-06-28T07:51:55.092Z,1751097115092451085
2025-06-28T07:51:56.762Z,1751097116762765932
2025-06-28T07:51:56.889Z,1751097116889802080
2025-06-28T07:51:57.747Z,1751097117747482337
2025-06-28T07:51:58.363Z,1751097118363051167
2025-06-28T07:51:59.240Z,1751097119240394314
2025-06-28T07:52:00.750Z,1751097120750448876
2025-06-28T07:52:01.045Z,1751097121045654207
2025-06-28T07:52:02.760Z,1751097122760050342
2025-06-28T07:52:03.471Z,1751097123471636085
2025-06-28T07:52:04.471Z,1751097124471839863
2025-06-28T07:52:05.722Z,1751097125722603596
2025-06-28T07:52:07.652Z,1751097127652767991
2025-06-28T07:52:09.736Z,1751097129736916551
2025-06-28T07:52:10.612Z,1751097130612838183
2025-06-28T07:52:12.681Z,1751097132681128391
2025-06-28T07:52:14.846Z,1751097134846308501
2025-06-28T07:52:19.646Z,1751097139646125512
2025-06-28T07:52:21.159Z,1751097141159748145
2025-06-28T07:52:21.252Z,1751097141252164424
2025-06-28T07:52:21.818Z,1751097141818253763
2025-06-28T07:52:21.872Z,1751097141872913889
2025-06-28T07:52:24.094Z,1751097144094199267
2025-06-28T07:52:24.826Z,1751097144826128889
2025-06-28T07:52:25.034Z,1751097145034439660
2025-06-28T07:52:25.122Z,1751097145122312179
2025-06-28T07:52:25.253Z,1751097145253351203
2025-06-28T07:52:26.906Z,1751097146906391526
2025-06-28T07:52:29.026Z,1751097149026862587
2025-06-28T07:52:29.402Z,1751097149402707670
2025-06-28T07:52:30.103Z,1751097150103218393
2025-06-28T07:52:30.446Z,1751097150446330488
2025-06-28T07:52:30.654Z,1751097150654881247
2025-06-28T07:52:33.314Z,1751097153314685578
2025-06-28T07:52:34.994Z,1751097154994413194
2025-06-28T07:52:35.337Z,1751097155337365742
2025-06-28T07:52:37.755Z,1751097157755068784
2025-06-28T07:52:39.255Z,1751097159255184678
2025-06-28T07:52:39.469Z,1751097159469470496
2025-06-28T07:52:39.980Z,1751097159980712135
2025-06-28T07:52:42.072Z,1751097162072608590
2025-06-28T07:52:43.014Z,1751097163014383779
2025-06-28T07:52:43.913Z,1751097163913790680
2025-06-28T07:52:44.663Z,1751097164663522225
2025-06-28T07:52:45.671Z,1751097165671770138
2025-06-28T07:52:48.090Z,1751097168090328677
2025-06-28T07:52:49.069Z,1751097169069966458
2025-06-28T07:52:49.089Z,1751097169089092665
2025-06-28T07:52:53.385Z,1751097173385491656
2025-06-28T07:52:55.067Z,1751097175067271916
2025-06-28T07:52:55.400Z,1751097175400085280
2025-06-28T07:52:56.373Z,1751097176373476957
2025-06-28T07:52:57.530Z,1751097177530912015
2025-06-28T07:52:57.889Z,1751097177889721088
2025-06-28T07:52:58.948Z,1751097178948995241
2025-06-28T07:52:59.272Z,1751097179272127793
2025-06-28T07:53:01.062Z,1751097181062946812
2025-06-28T07:53:01.318Z,1751097181318455294
2025-06-28T07:53:03.134Z,1751097183134267679
2025-06-28T07:53:05.495Z,1751097185495084966
2025-06-28T07:53:08.532Z,1751097188532178970
2025-06-28T07:53:11.019Z,1751097191019949210
2025-06-28T07:53:11.084Z,1751097191084151241
2025-06-28T07:53:12.003Z,1751097192003909534
2025-06-28T07:53:17.501Z,1751097197501975450
2025-06-28T07:53:18.431Z,1751097198431590807
2025-06-28T07:53:18.443Z,1751097198443570467
2025-06-28T07:53:18.895Z,1751097198895815652
2025-06-28T07:53:19.000Z,1751097199000888456
2025-06-28T07:53:20.502Z,1751097200502719777
2025-06-28T07:53:21.462Z,1751097201462200180
2025-06-28T07:53:21.599Z,1751097201599073490
2025-06-28T07:53:22.703Z,1751097202703597973
2025-06-28T07:53:26.871Z,1751097206871710137
2025-06-28T07:53:29.376Z,1751097209376948607
2025-06-28T07:53:30.010Z,1751097210010552052
2025-06-28T07:53:30.084Z,1751097210084134769
2025-06-28T07:53:31.050Z,1751097211050320483
2025-06-28T07:53:31.803Z,1751097211803882161
2025-06-28T07:53:33.451Z,1751097213451590254
2025-06-28T07:53:33.814Z,1751097213814553038
2025-06-28T07:53:33.928Z,1751097213928712749
2025-06-28T07:53:34.068Z,1751097214068408155
2025-06-28T07:53:34.862Z,1751097214862901532
2025-06-28T07:53:35.762Z,1751097215762377140
2025-06-28T07:53:36.356Z,1751097216356404675
2025-06-28T07:53:36.783Z,1751097216783865780
2025-06-28T07:53:36.857Z,1751097216857238026
2025-06-28T07:53:37.614Z,1751097217614206554
2025-06-28T07:53:37.853Z,1751097217853803638
2025-06-28T07:53:38.439Z,1751097218439705128
2025-06-28T07:53:38.572Z,1751097218572371791
2025-06-28T07:53:42.387Z,1751097222387222230
2025-06-28T07:53:42.883Z,1751097222883262699
2025-06-28T07:53:43.030Z,1751097223030233143
2025-06-28T07:53:44.876Z,1751097224876314833
2025-06-28T07:53:44.970Z,1751097224970295573
2025-06-28T07:53:45.873Z,1751097225873787898
2025-06-28T07:53:48.065Z,1751097228065553972
2025-06-28T07:53:48.585Z,1751097228585884106
2025-06-28T07:53:48.899Z,1751097228899172846
2025-06-28T07:53:49.559Z,1751097229559059136
2025-06-28T07:53:50.270Z,1751097230270842908
2025-06-28T07:53:50.522Z,1751097230522733345
2025-06-28T07:53:50.737Z,1751097230737499764
2025-06-28T07:53:51.521Z,1751097231521123802
2025-06-28T07:53:52.560Z,1751097232560666419
2025-06-28T07:53:53.082Z,1751097233082165301
2025-06-28T07:53:54.920Z,1751097234920132946
2025-06-28T07:53:55.393Z,1751097235393368504
2025-06-28T07:53:58.553Z,1751097238553533625
2025-06-28T07:54:00.484Z,1751097240484849375
2025-06-28T07:54:00.653Z,1751097240653400815
2025-06-28T07:54:00.722Z,1751097240722327130
2025-06-28T07:54:00.765Z,1751097240765910444
2025-06-28T07:54:01.227Z,1751097241227589970
2025-06-28T07:54:03.647Z,1751097243647253310
2025-06-28T07:54:03.659Z,1751097243659118489
2025-06-28T07:54:04.044Z,1751097244044210784
2025-06-28T07:54:05.479Z,1751097245479472790
2025-06-28T07:54:07.267Z,1751097247267295691
2025-06-28T07:54:07.640Z,1751097247640975411
2025-06-28T07:54:12.311Z,1751097252311949039
2025-06-28T07:54:12.407Z,1751097252407207634
2025-06-28T07:54:13.131Z,1751097253131786435
2025-06-28T07:54:13.375Z,1751097253375616849
2025-06-28T07:54:13.680Z,1751097253680382632
2025-06-28T07:54:13.787Z,1751097253787190373
2025-06-28T07:54:14.219Z,1751097254219916944
2025-06-28T07:54:15.450Z,1751097255450493040
2025-06-28T07:54:16.686Z,1751097256686930603
2025-06-28T07:54:17.817Z,1751097257817185577
2025-06-28T07:54:18.184Z,1751097258184385180
2025-06-28T07:54:19.185Z,1751097259185192693
2025-06-28T07:54:20.240Z,1751097260240240728
2025-06-28T07:54:22.547Z,1751097262547269445
2025-06-28T07:54:22.835Z,1751097262835346403
2025-06-28T07:54:23.392Z,1751097263392075778
2025-06-28T07:54:24.398Z,1751097264398005635
2025-06-28T07:54:24.591Z,1751097264591618317
2025-06-28T07:54:28.794Z,1751097268794606526
2025-06-28T07:54:29.537Z,1751097269537697143
2025-06-28T07:54:30.498Z,1751097270498124732
2025-06-28T07:54:31.083Z,1751097271083308156
2025-06-28T07:54:31.682Z,1751097271682412158
2025-06-28T07:54:32.399Z,1751097272399542010
2025-06-28T07:54:33.196Z,1751097273196832330
2025-06-28T07:54:33.354Z,1751097273354191235
2025-06-28T07:54:33.743Z,1751097273743832646
2025-06-28T07:54:36.996Z,1751097276996279332
2025-06-28T07:54:37.683Z,1751097277683384654
2025-06-28T07:54:38.952Z,1751097278952721908
2025-06-28T07:54:40.168Z,1751097280168010389
2025-06-28T07:54:40.249Z,1751097280249710224
2025-06-28T07:54:40.257Z,1751097280257866770
2025-06-28T07:54:41.554Z,1751097281554985371
2025-06-28T07:54:46.015Z,1751097286015984736
2025-06-28T07:54:46.805Z,1751097286805674460
2025-06-28T07:54:49.372Z,1751097289372057037
2025-06-28T07:54:49.867Z,1751097289867922927
2025-06-28T07:54:50.735Z,1751097290735827959
2025-06-28T07:54:53.241Z,1751097293241392041
2025-06-28T07:54:53.719Z,1751097293719449727
2025-06-28T07:54:54.477Z,1751097294477457315
2025-06-28T07:54:54.500Z,1751097294500724912
2025-06-28T07:54:54.945Z,1751097294945555717
2025-06-28T07:54:55.299Z,1751097295299676427
2025-06-28T07:54:57.320Z,1751097297320260476
2025-06-28T07:54:57.322Z,1751097297322137803
2025-06-28T07:54:57.538Z,1751097297538803229
2025-06-28T07:54:58.495Z,1751097298495940014
2025-06-28T07:55:01.393Z,1751097301393345156
2025-06-28T07:55:01.741Z,1751097301741335063
2025-06-28T07:55:03.280Z,1751097303280656116
2025-06-28T07:55:03.384Z,1751097303384826285
2025-06-28T07:55:04.432Z,1751097304432547570
2025-06-28T07:55:04.961Z,1751097304961790913
2025-06-28T07:55:05.639Z,1751097305639389005
2025-06-28T07:55:06.446Z,1751097306446059123
2025-06-28T07:55:06.479Z,1751097306479719242
2025-06-28T07:55:07.164Z,1751097307164024448
2025-06-28T07:55:08.569Z,1751097308569980372
2025-06-28T07:55:09.471Z,1751097309471635220
2025-06-28T07:55:10.342Z,1751097310342442584
2025-06-28T07:55:10.421Z,1751097310421259106
2025-06-28T07:55:13.114Z,1751097313114758261
2025-06-28T07:55:13.389Z,1751097313389174270
2025-06-28T07:55:16.026Z,1751097316026528504
2025-06-28T07:55:18.433Z,1751097318433540335
2025-06-28T07:55:21.869Z,1751097321869429334
2025-06-28T07:55:22.905Z,1751097322905626811
2025-06-28T07:55:23.365Z,1751097323365508296
2025-06-28T07:55:23.745Z,1751097323745060212
2025-06-28T07:55:25.292Z,1751097325292434106
2025-06-28T07:55:26.162Z,1751097326162054733
2025-06-28T07:55:27.249Z,1751097327249150747
2025-06-28T07:55:27.285Z,1751097327285080000
2025-06-28T07:55:29.469Z,1751097329469471039
2025-06-28T07:55:30.180Z,1751097330180934413
2025-06-28T07:55:31.223Z,1751097331223206686
2025-06-28T07:55:33.410Z,1751097333410071192
2025-06-28T07:55:34.916Z,1751097334916183610
2025-06-28T07:55:35.848Z,1751097335848519555
2025-06-28T07:55:35.939Z,1751097335939301015
2025-06-28T07:55:36.257Z,1751097336257484947
2025-06-28T07:55:36.480Z,1751097336480443270
2025-06-28T07:55:37.245Z,1751097337245368479
2025-06-28T07:55:38.421Z,1751097338421744375
2025-06-28T07:55:40.043Z,1751097340043088644
2025-06-28T07:55:42.094Z,1751097342094109818
2025-06-28T07:55:44.443Z,1751097344443877616
2025-06-28T07:55:44.488Z,1751097344488839318
2025-06-28T07:55:45.577Z,1751097345577959847
2025-06-28T07:55:45.915Z,1751097345915043902
2025-06-28T07:55:46.583Z,1751097346583796954
2025-06-28T07:55:48.322Z,1751097348322968956
2025-06-28T07:55:49.048Z,1751097349048413303
2025-06-28T07:55:49.909Z,1751097349909474276
2025-06-28T07:55:52.473Z,1751097352473397259
2025-06-28T07:55:56.250Z,1751097356250106876
2025-06-28T07:55:57.701Z,1751097357701379457
2025-06-28T07:56:00.378Z,1751097360378214978
2025-06-28T07:56:01.380Z,1751097361380072911
2025-06-28T07:56:01.443Z,1751097361443549855
2025-06-28T07:56:01.985Z,1751097361985515447
2025-06-28T07:56:02.173Z,1751097362173953449
2025-06-28T07:56:03.111Z,1751097363111970155
2025-06-28T07:56:04.970Z,1751097364970570343
2025-06-28T07:56:06.586Z,1751097366586525021
2025-06-28T07:56:11.294Z,1751097371294118339
2025-06-28T07:56:11.824Z,1751097371824532776
2025-06-28T07:56:11.978Z,1751097371978768138
2025-06-28T07:56:13.861Z,1751097373861950214
2025-06-28T07:56:15.185Z,1751097375185449938
2025-06-28T07:56:15.361Z,1751097375361109982
2025-06-28T07:56:15.442Z,1751097375442075746
2025-06-28T07:56:18.168Z,1751097378168852936
2025-06-28T07:56:18.187Z,1751097378187895133
2025-06-28T07:56:19.091Z,1751097379091814920
2025-06-28T07:56:23.329Z,1751097383329243578
2025-06-28T07:56:24.653Z,1751097384653492961
2025-06-28T07:56:25.674Z,1751097385674136656
2025-06-28T07:56:27.626Z,1751097387626338710
2025-06-28T07:56:27.744Z,1751097387744940367
2025-06-28T07:56:30.364Z,1751097390364120410
2025-06-28T07:56:32.198Z,1751097392198175934
2025-06-28T07:56:32.772Z,1751097392772358580
2025-06-28T07:56:33.574Z,1751097393574873261
2025-06-28T07:56:34.710Z,1751097394710624840
2025-06-28T07:56:36.578Z,1751097396578988742
2025-06-28T07:56:37.295Z,1751097397295079044
2025-06-28T07:56:37.342Z,1751097397342222521
2025-06-28T07:56:37.392Z,1751097397392617973
2025-06-28T07:56:39.139Z,1751097399139609476
2025-06-28T07:56:40.269Z,1751097400269931054
2025-06-28T07:56:43.003Z,1751097403003658813
2025-06-28T07:56:43.115Z,1751097403115316203
2025-06-28T07:56:44.589Z,1751097404589309714
2025-06-28T07:56:48.412Z,1751097408412306912
2025-06-28T07:56:48.486Z,1751097408486620041
2025-06-28T07:56:50.085Z,1751097410085793180
2025-06-28T07:56:50.769Z,1751097410769066947
2025-06-28T07:56:50.987Z,1751097410987177914
2025-06-28T07:56:51.784Z,1751097411784397822
2025-06-28T07:56:51.844Z,1751097411844091812
2025-06-28T07:56:53.688Z,1751097413688595267
2025-06-28T07:56:53.775Z,1751097413775613822
2025-06-28T07:56:56.754Z,1751097416754134032
2025-06-28T07:56:57.699Z,1751097417699019176
2025-06-28T07:56:58.248Z,1751097418248148798
2025-06-28T07:57:00.521Z,1751097420521319629
2025-06-28T07:57:01.333Z,1751097421333332743
2025-06-28T07:57:02.964Z,1751097422964061082
2025-06-28T07:57:05.635Z,1751097425635131838
2025-06-28T07:57:05.683Z,1751097425683940327
2025-06-28T07:57:07.683Z,1751097427683357900
2025-06-28T07:57:09.607Z,1751097429607491608
2025-06-28T07:57:11.647Z,1751097431647530046
2025-06-28T07:57:11.947Z,1751097431947499104
2025-06-28T07:57:12.210Z,1751097432210093909
2025-06-28T07:57:12.251Z,1751097432251100194
2025-06-28T07:57:12.279Z,1751097432279020608
2025-06-28T07:57:13.493Z,1751097433493652391
2025-06-28T07:57:14.800Z,1751097434800661681
2025-06-28T07:57:18.104Z,1751097438104894183
2025-06-28T07:57:19.034Z,1751097439034459775
2025-06-28T07:57:21.918Z,1751097441918890362
2025-06-28T07:57:23.369Z,1751097443369743735
2025-06-28T07:57:26.492Z,1751097446492351364
2025-06-28T07:57:26.535Z,1751097446535229598
2025-06-28T07:57:28.121Z,1751097448121872659
2025-06-28T07:57:29.124Z,1751097449124343803
2025-06-28T07:57:30.116Z,1751097450116806365
2025-06-28T07:57:32.366Z,1751097452366043310
2025-06-28T07:57:33.666Z,1751097453666835747
2025-06-28T07:57:34.302Z,1751097454302408970
2025-06-28T07:57:35.548Z,1751097455548454486
2025-06-28T07:57:36.346Z,1751097456346992050
2025-06-28T07:57:36.875Z,1751097456875269794
2025-06-28T07:57:38.672Z,1751097458672697778
2025-06-28T07:57:40.686Z,1751097460686142914
2025-06-28T07:57:42.196Z,1751097462196409682
2025-06-28T07:57:42.591Z,1751097462591068305
2025-06-28T07:57:43.968Z,1751097463968015057
2025-06-28T07:57:44.777Z,1751097464777606579
2025-06-28T07:57:50.864Z,1751097470864285441
2025-06-28T07:57:51.093Z,1751097471093042545
2025-06-28T07:57:51.318Z,1751097471318475300
2025-06-28T07:57:51.769Z,1751097471769881512
2025-06-28T07:57:52.280Z,1751097472280601752
2025-06-28T07:57:54.869Z,1751097474869383307
2025-06-28T07:57:55.260Z,1751097475260226179
2025-06-28T07:57:56.893Z,1751097476893636008
2025-06-28T07:57:57.126Z,1751097477126537193
2025-06-28T07:57:59.496Z,1751097479496068853
2025-06-28T07:58:00.144Z,1751097480144550815
2025-06-28T07:58:01.411Z,1751097481411807409
2025-06-28T07:58:01.804Z,1751097481804077639
2025-06-28T07:58:01.868Z,1751097481868826427
2025-06-28T07:58:02.964Z,1751097482964565879
2025-06-28T07:58:07.581Z,1751097487581385386
2025-06-28T07:58:08.531Z,1751097488531935012
2025-06-28T07:58:09.102Z,1751097489102726252
2025-06-28T07:58:13.098Z,1751097493098763586
2025-06-28T07:58:13.885Z,1751097493885654666
2025-06-28T07:58:15.981Z,1751097495981303740
2025-06-28T07:58:16.126Z,1751097496126318390
2025-06-28T07:58:17.008Z,1751097497008881921
2025-06-28T07:58:18.085Z,1751097498085272237
2025-06-28T07:58:19.350Z,1751097499350396689
2025-06-28T07:58:20.088Z,1751097500088036549
2025-06-28T07:58:21.501Z,1751097501501086734
2025-06-28T07:58:21.578Z,1751097501578789234
2025-06-28T07:58:21.724Z,1751097501724900836
2025-06-28T07:58:21.763Z,1751097501763862490
2025-06-28T07:58:24.615Z,1751097504615031327
2025-06-28T07:58:27.786Z,1751097507786327464
2025-06-28T07:58:28.047Z,1751097508047333239
2025-06-28T07:58:29.798Z,1751097509798618911
2025-06-28T07:58:29.952Z,1751097509952608032
2025-06-28T07:58:32.615Z,1751097512615467716
2025-06-28T07:58:33.178Z,1751097513178445724
2025-06-28T07:58:34.262Z,1751097514262830798
2025-06-28T07:58:34.817Z,1751097514817797974
2025-06-28T07:58:34.848Z,1751097514848410579
2025-06-28T07:58:38.786Z,1751097518786256368
2025-06-28T07:58:39.081Z,1751097519081349733
2025-06-28T07:58:39.252Z,1751097519252467580
2025-06-28T07:58:43.450Z,1751097523450136250
2025-06-28T07:58:44.869Z,1751097524869238624
2025-06-28T07:58:45.483Z,1751097525483330418
2025-06-28T07:58:45.594Z,1751097525594552789
2025-06-28T07:58:46.693Z,1751097526693608031
2025-06-28T07:58:48.521Z,1751097528521865379
2025-06-28T07:58:49.980Z,1751097529980427889
2025-06-28T07:58:50.955Z,1751097530955223235
2025-06-28T07:58:51.927Z,1751097531927576634
2025-06-28T07:58:53.983Z,1751097533983290830
2025-06-28T07:58:54.673Z,1751097534673206788
2025-06-28T07:58:54.747Z,1751097534747958070
2025-06-28T07:58:57.719Z,1751097537719569615
2025-06-28T07:58:58.237Z,1751097538237922612
2025-06-28T07:58:59.260Z,1751097539260084743
2025-06-28T07:59:00.013Z,1751097540013216625
2025-06-28T07:59:02.107Z,1751097542107144705
2025-06-28T07:59:02.390Z,1751097542390183497
2025-06-28T07:59:02.878Z,1751097542878955440
2025-06-28T07:59:03.800Z,1751097543800475090
2025-06-28T07:59:04.272Z,1751097544272692046
2025-06-28T07:59:04.577Z,1751097544577650306
2025-06-28T07:59:05.148Z,1751097545148156205
2025-06-28T07:59:07.098Z,1751097547098593127
2025-06-28T07:59:08.695Z,1751097548695444327
2025-06-28T07:59:11.012Z,1751097551012475830
2025-06-28T07:59:11.159Z,1751097551159639434
2025-06-28T07:59:11.223Z,1751097551223456274
2025-06-28T07:59:12.299Z,1751097552299163156
2025-06-28T07:59:12.348Z,1751097552348468930
2025-06-28T07:59:12.352Z,1751097552352579106
2025-06-28T07:59:15.842Z,1751097555842244612
2025-06-28T07:59:16.011Z,1751097556011353452
2025-06-28T07:59:16.738Z,1751097556738988762
2025-06-28T07:59:17.499Z,1751097557499232057
2025-06-28T07:59:19.188Z,1751097559188821426
2025-06-28T07:59:19.217Z,1751097559217513296
2025-06-28T07:59:19.253Z,1751097559253766429
2025-06-28T07:59:19.597Z,1751097559597806350
2025-06-28T07:59:20.204Z,1751097560204866770
2025-06-28T07:59:20.350Z,1751097560350175122
2025-06-28T07:59:20.925Z,1751097560925382015
2025-06-28T07:59:23.142Z,1751097563142466166
2025-06-28T07:59:23.459Z,1751097563459805048
2025-06-28T07:59:23.606Z,1751097563606074781
2025-06-28T07:59:23.676Z,1751097563676571322
2025-06-28T07:59:26.862Z,1751097566862207343
2025-06-28T07:59:29.350Z,1751097569350057159
2025-06-28T07:59:29.556Z,1751097569556131414
2025-06-28T07:59:31.549Z,1751097571549150255
2025-06-28T07:59:32.118Z,1751097572118285512
2025-06-28T07:59:32.187Z,1751097572187353860
2025-06-28T07:59:32.483Z,1751097572483791553
2025-06-28T07:59:33.952Z,1751097573952924720
2025-06-28T07:59:34.443Z,1751097574443083738
2025-06-28T07:59:34.608Z,1751097574608897244
2025-06-28T07:59:35.538Z,1751097575538210943
2025-06-28T07:59:36.486Z,1751097576486129115
2025-06-28T07:59:36.505Z,1751097576505529345
2025-06-28T07:59:36.849Z,1751097576849164637
2025-06-28T07:59:41.065Z,1751097581065591831
2025-06-28T07:59:43.057Z,1751097583057071973
2025-06-28T07:59:43.671Z,1751097583671219345
2025-06-28T07:59:44.603Z,1751097584603111313
2025-06-28T07:59:45.020Z,1751097585020577721
2025-06-28T07:59:45.153Z,1751097585153180944
2025-06-28T07:59:46.329Z,1751097586329331294
2025-06-28T07:59:49.196Z,1751097589196227729
2025-06-28T07:59:51.109Z,1751097591109706204
2025-06-28T07:59:51.637Z,1751097591637650640
2025-06-28T07:59:53.754Z,1751097593754829601
2025-06-28T07:59:56.344Z,1751097596344636353
2025-06-28T07:59:56.994Z,1751097596994392335
2025-06-28T07:59:59.243Z,1751097599243356671
2025-06-28T08:00:00.518Z,1751097600518742378
2025-06-28T08:00:01.295Z,1751097601295235714
2025-06-28T08:00:02.742Z,1751097602742910830
2025-06-28T08:00:04.577Z,1751097604577992087
2025-06-28T08:00:06.373Z,1751097606373821631
2025-06-28T08:00:09.075Z,1751097609075193896
2025-06-28T08:00:10.965Z,1751097610965615391
2025-06-28T08:00:11.590Z,1751097611590752501
2025-06-28T08:00:12.260Z,1751097612260951205
2025-06-28T08:00:13.281Z,1751097613281277852
2025-06-28T08:00:15.680Z,1751097615680607437
2025-06-28T08:00:16.454Z,1751097616454839563
2025-06-28T08:00:16.867Z,1751097616867263035
2025-06-28T08:00:17.897Z,1751097617897846229
2025-06-28T08:00:21.588Z,1751097621588350841
2025-06-28T08:00:21.935Z,1751097621935391518
2025-06-28T08:00:24.227Z,1751097624227666353
2025-06-28T08:00:24.256Z,1751097624256938698
2025-06-28T08:00:24.893Z,1751097624893775634
2025-06-28T08:00:27.672Z,1751097627672805560
2025-06-28T08:00:27.679Z,1751097627679902842
2025-06-28T08:00:28.466Z,1751097628466361964
2025-06-28T08:00:29.602Z,1751097629602186287
2025-06-28T08:00:30.170Z,1751097630170688727
2025-06-28T08:00:31.063Z,1751097631063618770
2025-06-28T08:00:31.112Z,1751097631112332087
2025-06-28T08:00:31.782Z,1751097631782671403
2025-06-28T08:00:32.124Z,1751097632124485960
2025-06-28T08:00:32.628Z,1751097632628294479
2025-06-28T08:00:33.274Z,1751097633274576607
2025-06-28T08:00:35.360Z,1751097635360142746
2025-06-28T08:00:35.669Z,1751097635669496384
2025-06-28T08:00:37.406Z,1751097637406686299
2025-06-28T08:00:37.555Z,1751097637555159030
2025-06-28T08:00:37.954Z,1751097637954582871
2025-06-28T08:00:39.334Z,1751097639334106443
2025-06-28T08:00:39.564Z,1751097639564440663
2025-06-28T08:00:39.723Z,1751097639723459586
2025-06-28T08:00:40.124Z,1751097640124175440
2025-06-28T08:00:40.247Z,1751097640247211555
2025-06-28T08:00:40.286Z,1751097640286498656
2025-06-28T08:00:42.636Z,1751097642636062598
2025-06-28T08:00:42.952Z,1751097642952275115
2025-06-28T08:00:44.341Z,1751097644341826633
2025-06-28T08:00:45.002Z,1751097645002938689
2025-06-28T08:00:45.020Z,1751097645020780104
2025-06-28T08:00:46.350Z,1751097646350232051
2025-06-28T08:00:46.604Z,1751097646604529579
2025-06-28T08:00:46.921Z,1751097646921067137
2025-06-28T08:00:47.671Z,1751097647671549735
2025-06-28T08:00:49.738Z,1751097649738887413
2025-06-28T08:00:49.791Z,1751097649791207286
2025-06-28T08:00:51.728Z,1751097651728374792
2025-06-28T08:00:52.150Z,1751097652150978650
2025-06-28T08:00:54.423Z,1751097654423730244
2025-06-28T08:00:55.795Z,1751097655795010251
2025-06-28T08:00:56.404Z,1751097656404058045
2025-06-28T08:00:57.467Z,1751097657467373262
2025-06-28T08:00:59.091Z,1751097659091100702
2025-06-28T08:01:00.129Z,1751097660129208445
2025-06-28T08:01:01.120Z,1751097661120747692
2025-06-28T08:01:02.467Z,1751097662467405273
2025-06-28T08:01:02.602Z,1751097662602635616
2025-06-28T08:01:02.712Z,1751097662712733283
2025-06-28T08:01:03.376Z,1751097663376979375
2025-06-28T08:01:04.258Z,1751097664258492812
2025-06-28T08:01:08.189Z,1751097668189231897
2025-06-28T08:01:08.577Z,1751097668577681605
2025-06-28T08:01:11.089Z,1751097671089037735
2025-06-28T08:01:11.990Z,1751097671990931372
2025-06-28T08:01:12.374Z,1751097672374433094
2025-06-28T08:01:14.999Z,1751097674999296959
2025-06-28T08:01:15.016Z,1751097675016955467
2025-06-28T08:01:15.037Z,1751097675037226623
2025-06-28T08:01:18.433Z,1751097678433729893
2025-06-28T08:01:18.591Z,1751097678591148764
2025-06-28T08:01:18.629Z,1751097678629088407
2025-06-28T08:01:19.096Z,1751097679096616704
2025-06-28T08:01:19.720Z,1751097679720503839
2025-06-28T08:01:19.754Z,1751097679754089343
2025-06-28T08:01:22.487Z,1751097682487927882
2025-06-28T08:01:22.975Z,1751097682975430691
2025-06-28T08:01:23.060Z,1751097683060825646
2025-06-28T08:01:23.631Z,1751097683631026028
2025-06-28T08:01:23.741Z,1751097683741432424
2025-06-28T08:01:27.231Z,1751097687231607326
2025-06-28T08:01:27.692Z,1751097687692598669
2025-06-28T08:01:30.609Z,1751097690609946050
2025-06-28T08:01:30.716Z,1751097690716631642
2025-06-28T08:01:30.909Z,1751097690909364628
2025-06-28T08:01:32.410Z,1751097692410779144
2025-06-28T08:01:32.706Z,1751097692706039591
2025-06-28T08:01:33.149Z,1751097693149692949
2025-06-28T08:01:35.307Z,1751097695307093865
2025-06-28T08:01:35.862Z,1751097695862068874
2025-06-28T08:01:37.456Z,1751097697456890751
2025-06-28T08:01:39.014Z,1751097699014215497
2025-06-28T08:01:40.886Z,1751097700886267894
2025-06-28T08:01:42.778Z,1751097702778798464
2025-06-28T08:01:44.749Z,1751097704749388636
2025-06-28T08:01:44.925Z,1751097704925381480
2025-06-28T08:01:45.197Z,1751097705197446730
2025-06-28T08:01:45.264Z,1751097705264960000
2025-06-28T08:01:45.562Z,1751097705562751472
2025-06-28T08:01:47.463Z,1751097707463123085
2025-06-28T08:01:49.904Z,1751097709904369109
2025-06-28T08:01:51.777Z,1751097711777569840
2025-06-28T08:01:53.271Z,1751097713271001920
2025-06-28T08:01:53.529Z,1751097713529577420
2025-06-28T08:01:53.608Z,1751097713608763983
2025-06-28T08:01:55.135Z,1751097715135661649
2025-06-28T08:01:55.465Z,1751097715465678798
2025-06-28T08:01:55.483Z,1751097715483012129
2025-06-28T08:01:57.216Z,1751097717216365653
2025-06-28T08:01:58.806Z,1751097718806117540
2025-06-28T08:01:59.049Z,1751097719049378456
2025-06-28T08:01:59.188Z,1751097719188815623
2025-06-28T08:02:00.225Z,1751097720225164798
2025-06-28T08:02:00.659Z,1751097720659836422
2025-06-28T08:02:01.111Z,1751097721111625559
2025-06-28T08:02:01.172Z,1751097721172363365
2025-06-28T08:02:01.830Z,1751097721830223278
2025-06-28T08:02:02.186Z,1751097722186365771
2025-06-28T08:02:02.213Z,1751097722213549692
2025-06-28T08:02:04.324Z,1751097724324254433
2025-06-28T08:02:04.571Z,1751097724571225077
2025-06-28T08:02:04.761Z,1751097724761475487
2025-06-28T08:02:04.864Z,1751097724864119490
2025-06-28T08:02:06.343Z,1751097726343312501
2025-06-28T08:02:07.285Z,1751097727285046892
2025-06-28T08:02:07.888Z,1751097727888384361
2025-06-28T08:02:10.012Z,1751097730012436570
2025-06-28T08:02:11.755Z,1751097731755717654
2025-06-28T08:02:13.297Z,1751097733297746669
2025-06-28T08:02:14.602Z,1751097734602954251
2025-06-28T08:02:15.379Z,1751097735379563182
2025-06-28T08:02:17.635Z,1751097737635406676
2025-06-28T08:02:17.837Z,1751097737837979036
2025-06-28T08:02:18.137Z,1751097738137671339
2025-06-28T08:02:20.107Z,1751097740107783022
2025-06-28T08:02:22.310Z,1751097742310936386
2025-06-28T08:02:22.569Z,1751097742569075493
2025-06-28T08:02:25.470Z,1751097745470541092
2025-06-28T08:02:25.674Z,1751097745674210753
2025-06-28T08:02:26.589Z,1751097746589016174
2025-06-28T08:02:27.423Z,1751097747423494738
2025-06-28T08:02:27.787Z,1751097747787056287
2025-06-28T08:02:29.669Z,1751097749669522710
2025-06-28T08:02:30.215Z,1751097750215244471
2025-06-28T08:02:31.247Z,1751097751247045352
2025-06-28T08:02:32.184Z,1751097752184542165
2025-06-28T08:02:32.372Z,1751097752372440129
2025-06-28T08:02:32.947Z,1751097752947996228
2025-06-28T08:02:33.370Z,1751097753370939097
2025-06-28T08:02:33.485Z,1751097753485139049
2025-06-28T08:02:33.593Z,1751097753593233863
2025-06-28T08:02:33.982Z,1751097753982668854
2025-06-28T08:02:34.218Z,1751097754218316633
2025-06-28T08:02:34.268Z,1751097754268079991
2025-06-28T08:02:35.051Z,1751097755051873547
2025-06-28T08:02:35.183Z,1751097755183354388
2025-06-28T08:02:35.512Z,1751097755512836278
2025-06-28T08:02:36.684Z,1751097756684131656
2025-06-28T08:02:38.395Z,1751097758395052814
2025-06-28T08:02:39.143Z,1751097759143420441
2025-06-28T08:02:40.254Z,1751097760254973024
2025-06-28T08:02:40.515Z,1751097760515865028
2025-06-28T08:02:41.839Z,1751097761839033820
2025-06-28T08:02:42.848Z,1751097762848229884
2025-06-28T08:02:43.474Z,1751097763474077171
2025-06-28T08:02:44.982Z,1751097764982245643
2025-06-28T08:02:45.159Z,1751097765159164654
2025-06-28T08:02:45.559Z,1751097765559568748
2025-06-28T08:02:46.998Z,1751097766998923755
2025-06-28T08:02:48.461Z,1751097768461761995
2025-06-28T08:02:49.122Z,1751097769122795219
2025-06-28T08:02:50.116Z,1751097770116280568
2025-06-28T08:02:51.105Z,1751097771105985584
2025-06-28T08:02:51.268Z,1751097771268554355
2025-06-28T08:02:52.762Z,1751097772762087375
2025-06-28T08:02:53.230Z,1751097773230525566
2025-06-28T08:02:53.292Z,1751097773292002536
2025-06-28T08:02:54.687Z,1751097774687442859
2025-06-28T08:02:57.541Z,1751097777541986267
2025-06-28T08:02:59.149Z,1751097779149028583
2025-06-28T08:02:59.273Z,1751097779273319010
2025-06-28T08:02:59.573Z,1751097779573344398
2025-06-28T08:03:01.869Z,1751097781869602740
2025-06-28T08:03:03.788Z,1751097783788992807
2025-06-28T08:03:07.115Z,1751097787115039387
2025-06-28T08:03:09.686Z,1751097789686348261
2025-06-28T08:03:12.339Z,1751097792339165147
2025-06-28T08:03:12.650Z,1751097792650677486
2025-06-28T08:03:13.955Z,1751097793955996288
2025-06-28T08:03:14.112Z,1751097794112559813
2025-06-28T08:03:14.637Z,1751097794637887054
2025-06-28T08:03:14.649Z,1751097794649764541
2025-06-28T08:03:14.828Z,1751097794828561330
2025-06-28T08:03:15.094Z,1751097795094658165
2025-06-28T08:03:15.834Z,1751097795834247656
2025-06-28T08:03:16.349Z,1751097796349944782
2025-06-28T08:03:16.356Z,1751097796356287736
2025-06-28T08:03:16.656Z,1751097796656869113
2025-06-28T08:03:16.971Z,1751097796971199365
2025-06-28T08:03:21.233Z,1751097801233446920
2025-06-28T08:03:21.660Z,1751097801660873638
2025-06-28T08:03:22.696Z,1751097802696882208
2025-06-28T08:03:22.812Z,1751097802812676460
2025-06-28T08:03:23.456Z,1751097803456522326
2025-06-28T08:03:23.690Z,1751097803690545188
2025-06-28T08:03:23.711Z,1751097803711859669
2025-06-28T08:03:24.242Z,1751097804242790672
2025-06-28T08:03:24.293Z,1751097804293452380
2025-06-28T08:03:24.507Z,1751097804507004153
2025-06-28T08:03:24.990Z,1751097804990470153
2025-06-28T08:03:25.180Z,1751097805180326636
2025-06-28T08:03:27.346Z,1751097807346784546
2025-06-28T08:03:27.926Z,1751097807926619163
2025-06-28T08:03:28.035Z,1751097808035836121
2025-06-28T08:03:28.064Z,1751097808064705945
2025-06-28T08:03:28.093Z,1751097808093936713
2025-06-28T08:03:31.073Z,1751097811073662271
2025-06-28T08:03:32.779Z,1751097812779120612
2025-06-28T08:03:35.708Z,1751097815708624529
2025-06-28T08:03:36.920Z,1751097816920229420
2025-06-28T08:03:36.950Z,1751097816950876483
2025-06-28T08:03:37.116Z,1751097817116334284
2025-06-28T08:03:39.329Z,1751097819329046501
2025-06-28T08:03:39.423Z,1751097819423784240
2025-06-28T08:03:39.456Z,1751097819456516851
2025-06-28T08:03:39.807Z,1751097819807241335
2025-06-28T08:03:40.400Z,1751097820400513019
2025-06-28T08:03:40.440Z,1751097820440890740
2025-06-28T08:03:41.637Z,1751097821637021362
2025-06-28T08:03:42.058Z,1751097822058003162
2025-06-28T08:03:42.680Z,1751097822680719230
2025-06-28T08:03:43.445Z,1751097823445424682
2025-06-28T08:03:43.554Z,1751097823554041564
2025-06-28T08:03:45.347Z,1751097825347041073
2025-06-28T08:03:46.711Z,1751097826711535081
2025-06-28T08:03:46.713Z,1751097826713349218
2025-06-28T08:03:47.127Z,1751097827127885893
2025-06-28T08:03:48.769Z,1751097828769954043
2025-06-28T08:03:49.427Z,1751097829427524503
2025-06-28T08:03:50.082Z,1751097830082771698
2025-06-28T08:03:52.935Z,1751097832935477694
2025-06-28T08:03:53.492Z,1751097833492371993
2025-06-28T08:03:54.585Z,1751097834585422226
2025-06-28T08:03:54.649Z,1751097834649514564
2025-06-28T08:03:57.214Z,1751097837214228754
2025-06-28T08:03:57.346Z,1751097837346615161
2025-06-28T08:03:57.683Z,1751097837683651423
2025-06-28T08:04:00.477Z,1751097840477991392
2025-06-28T08:04:02.172Z,1751097842172384462
2025-06-28T08:04:05.111Z,1751097845111668582
2025-06-28T08:04:05.264Z,1751097845264542672
2025-06-28T08:04:05.497Z,1751097845497939562
2025-06-28T08:04:06.044Z,1751097846044565041
2025-06-28T08:04:06.332Z,1751097846332008022
2025-06-28T08:04:08.440Z,1751097848440626230
2025-06-28T08:04:08.570Z,1751097848570274276
2025-06-28T08:04:11.093Z,1751097851093307087
2025-06-28T08:04:12.244Z,1751097852244434364
2025-06-28T08:04:16.576Z,1751097856576888537
2025-06-28T08:04:18.484Z,1751097858484483070
2025-06-28T08:04:19.136Z,1751097859136476262
2025-06-28T08:04:20.226Z,1751097860226177532
2025-06-28T08:04:20.536Z,1751097860536734187
2025-06-28T08:04:21.472Z,1751097861472219311
2025-06-28T08:04:22.780Z,1751097862780827537
2025-06-28T08:04:23.651Z,1751097863651174326
2025-06-28T08:04:25.998Z,1751097865998142873
2025-06-28T08:04:28.440Z,1751097868440638904
2025-06-28T08:04:31.563Z,1751097871563823609
2025-06-28T08:04:31.908Z,1751097871908761848
2025-06-28T08:04:32.242Z,1751097872242289332
2025-06-28T08:04:33.906Z,1751097873906579875
2025-06-28T08:04:36.289Z,1751097876289612935
2025-06-28T08:04:36.359Z,1751097876359487868
2025-06-28T08:04:36.664Z,1751097876664983198
2025-06-28T08:04:37.007Z,1751097877007696234
2025-06-28T08:04:38.652Z,1751097878652317631
2025-06-28T08:04:38.682Z,1751097878682118164
2025-06-28T08:04:40.568Z,1751097880568766972
2025-06-28T08:04:40.987Z,1751097880987719639
2025-06-28T08:04:41.897Z,1751097881897359114
2025-06-28T08:04:42.787Z,1751097882787004233
2025-06-28T08:04:46.116Z,1751097886116278532
2025-06-28T08:04:46.511Z,1751097886511460506
2025-06-28T08:04:46.803Z,1751097886803835796
2025-06-28T08:04:50.952Z,1751097890952411996
2025-06-28T08:04:51.332Z,1751097891332076354
2025-06-28T08:04:51.911Z,1751097891911449917
2025-06-28T08:04:52.201Z,1751097892201858260
2025-06-28T08:04:53.622Z,1751097893622068598
2025-06-28T08:04:54.093Z,1751097894093212190
2025-06-28T08:04:54.167Z,1751097894167574365
2025-06-28T08:04:56.382Z,1751097896382215561
2025-06-28T08:04:56.954Z,1751097896954231466
2025-06-28T08:04:57.659Z,1751097897659923364
2025-06-28T08:04:59.951Z,1751097899951084183
2025-06-28T08:05:00.539Z,1751097900539217906
2025-06-28T08:05:03.134Z,1751097903134100450
2025-06-28T08:05:07.743Z,1751097907743362970
2025-06-28T08:05:08.899Z,1751097908899029145
2025-06-28T08:05:09.753Z,1751097909753562196
2025-06-28T08:05:12.956Z,1751097912956001818
2025-06-28T08:05:13.428Z,1751097913428962436
2025-06-28T08:05:13.446Z,1751097913446303165
2025-06-28T08:05:16.264Z,1751097916264390514
2025-06-28T08:05:16.620Z,1751097916620808432
2025-06-28T08:05:16.898Z,1751097916898916124
2025-06-28T08:05:17.024Z,1751097917024296215
2025-06-28T08:05:17.415Z,1751097917415035564
2025-06-28T08:05:19.564Z,1751097919564670026
2025-06-28T08:05:20.250Z,1751097920250069814
2025-06-28T08:05:22.958Z,1751097922958394416
2025-06-28T08:05:25.286Z,1751097925286305217
2025-06-28T08:05:25.793Z,1751097925793140053
2025-06-28T08:05:27.423Z,1751097927423440891
2025-06-28T08:05:27.428Z,1751097927428354014
2025-06-28T08:05:28.554Z,1751097928554923875
2025-06-28T08:05:33.584Z,1751097933584966504
2025-06-28T08:05:33.947Z,1751097933947555040
2025-06-28T08:05:38.729Z,1751097938729023531
2025-06-28T08:05:39.207Z,1751097939207750650
2025-06-28T08:05:40.253Z,1751097940253319368
2025-06-28T08:05:41.497Z,1751097941497194691
2025-06-28T08:05:42.576Z,1751097942576212634
2025-06-28T08:05:42.612Z,1751097942612509693
2025-06-28T08:05:43.515Z,1751097943515452163
2025-06-28T08:05:45.558Z,1751097945558473769
2025-06-28T08:05:45.833Z,1751097945833776145
2025-06-28T08:05:49.387Z,1751097949387121214
2025-06-28T08:05:49.630Z,1751097949630763122
2025-06-28T08:05:50.653Z,1751097950653303549
2025-06-28T08:05:52.342Z,1751097952342921497
2025-06-28T08:05:52.369Z,1751097952369139271
2025-06-28T08:05:52.772Z,1751097952772395728
2025-06-28T08:05:52.965Z,1751097952965689827
2025-06-28T08:05:53.166Z,1751097953166146051
2025-06-28T08:05:54.791Z,1751097954791713055
2025-06-28T08:05:55.270Z,1751097955270594336
2025-06-28T08:05:58.443Z,1751097958443365454
2025-06-28T08:06:01.276Z,1751097961276435120
2025-06-28T08:06:02.219Z,1751097962219969678
2025-06-28T08:06:02.351Z,1751097962351898184
2025-06-28T08:06:03.902Z,1751097963902828201
2025-06-28T08:06:06.287Z,1751097966287214259
2025-06-28T08:06:07.452Z,1751097967452043056
2025-06-28T08:06:07.747Z,1751097967747072221
2025-06-28T08:06:09.174Z,1751097969174467945
2025-06-28T08:06:12.235Z,1751097972235129019
2025-06-28T08:06:13.548Z,1751097973548547314
2025-06-28T08:06:15.731Z,1751097975731455530
2025-06-28T08:06:20.549Z,1751097980549217082
2025-06-28T08:06:20.752Z,1751097980752282495
2025-06-28T08:06:22.218Z,1751097982218795937
2025-06-28T08:06:22.292Z,1751097982292021337
2025-06-28T08:06:25.751Z,1751097985751515550
2025-06-28T08:06:29.222Z,1751097989222395610
2025-06-28T08:06:31.032Z,1751097991032343151
2025-06-28T08:06:33.355Z,1751097993355208108
2025-06-28T08:06:33.959Z,1751097993959773393
2025-06-28T08:06:34.525Z,1751097994525075949
2025-06-28T08:06:34.709Z,1751097994709698725
2025-06-28T08:06:35.343Z,1751097995343301059
2025-06-28T08:06:37.258Z,1751097997258413199
2025-06-28T08:06:37.693Z,1751097997693202770
2025-06-28T08:06:39.738Z,1751097999738297392
2025-06-28T08:06:40.388Z,1751098000388770248
2025-06-28T08:06:41.177Z,1751098001177289697
2025-06-28T08:06:41.716Z,1751098001716771345
2025-06-28T08:06:43.093Z,1751098003093416063
2025-06-28T08:06:44.248Z,1751098004248125370
2025-06-28T08:06:46.477Z,1751098006477351797
2025-06-28T08:06:46.834Z,1751098006834257755
2025-06-28T08:06:46.929Z,1751098006929070180
2025-06-28T08:06:47.508Z,1751098007508471031
2025-06-28T08:06:47.894Z,1751098007894713116
2025-06-28T08:06:50.082Z,1751098010082784030
2025-06-28T08:06:50.186Z,1751098010186691419
2025-06-28T08:06:51.465Z,1751098011465751649
2025-06-28T08:06:53.044Z,1751098013044872838
2025-06-28T08:06:53.156Z,1751098013156480590
2025-06-28T08:06:54.144Z,1751098014144452001
2025-06-28T08:06:57.163Z,1751098017163519900
2025-06-28T08:07:01.922Z,1751098021922586041
2025-06-28T08:07:08.656Z,1751098028656477574
2025-06-28T08:07:12.442Z,1751098032442898106
2025-06-28T08:07:12.842Z,1751098032842108269
2025-06-28T08:07:17.116Z,1751098037116984882
2025-06-28T08:07:17.811Z,1751098037811110789
2025-06-28T08:07:18.177Z,1751098038177347068
2025-06-28T08:07:19.432Z,1751098039432192982
2025-06-28T08:07:22.192Z,1751098042192971137
2025-06-28T08:07:24.351Z,1751098044351265076
2025-06-28T08:07:24.580Z,1751098044580683045
2025-06-28T08:07:24.636Z,1751098044636196214
2025-06-28T08:07:24.798Z,1751098044798548386
2025-06-28T08:07:26.203Z,1751098046203811315
2025-06-28T08:07:26.610Z,1751098046610983862
2025-06-28T08:07:27.229Z,1751098047229093169
2025-06-28T08:07:28.522Z,1751098048522037764
2025-06-28T08:07:28.662Z,1751098048662088105
2025-06-28T08:07:29.421Z,1751098049421085923
2025-06-28T08:07:33.997Z,1751098053997547001
2025-06-28T08:07:34.725Z,1751098054725717945
2025-06-28T08:07:37.668Z,1751098057668926503
2025-06-28T08:07:37.716Z,1751098057716736141
2025-06-28T08:07:40.557Z,1751098060557526373
2025-06-28T08:07:42.381Z,1751098062381088589
2025-06-28T08:07:43.224Z,1751098063224101215
2025-06-28T08:07:43.424Z,1751098063424689110
2025-06-28T08:07:44.042Z,1751098064042686116
2025-06-28T08:07:44.093Z,1751098064093001045
2025-06-28T08:07:44.771Z,1751098064771632981
2025-06-28T08:07:45.327Z,1751098065327023710
2025-06-28T08:07:47.046Z,1751098067046891999
2025-06-28T08:07:48.216Z,1751098068216428419
2025-06-28T08:07:48.406Z,1751098068406422428
2025-06-28T08:07:48.407Z,1751098068407223108
2025-06-28T08:07:48.546Z,1751098068546764566
2025-06-28T08:07:51.146Z,1751098071146171280
2025-06-28T08:07:52.189Z,1751098072189952229
2025-06-28T08:07:53.010Z,1751098073010113633
2025-06-28T08:07:53.583Z,1751098073583119824
2025-06-28T08:07:53.994Z,1751098073994615933
2025-06-28T08:07:54.582Z,1751098074582234282
2025-06-28T08:07:54.863Z,1751098074863971208
2025-06-28T08:07:57.545Z,1751098077545619966
2025-06-28T08:07:57.895Z,1751098077895796854
2025-06-28T08:07:58.493Z,1751098078493086905
2025-06-28T08:07:58.915Z,1751098078915670371
2025-06-28T08:08:00.161Z,1751098080161279831
2025-06-28T08:08:05.053Z,1751098085053872577
2025-06-28T08:08:06.394Z,1751098086394823710
2025-06-28T08:08:07.423Z,1751098087423611699
2025-06-28T08:08:07.997Z,1751098087997745952
2025-06-28T08:08:08.017Z,1751098088017145861
2025-06-28T08:08:09.644Z,1751098089644489582
2025-06-28T08:08:09.819Z,1751098089819057399
2025-06-28T08:08:11.726Z,1751098091726894263
2025-06-28T08:08:12.814Z,1751098092814437087
2025-06-28T08:08:14.367Z,1751098094367259872
2025-06-28T08:08:14.988Z,1751098094988244014
2025-06-28T08:08:15.127Z,1751098095127486435
2025-06-28T08:08:16.937Z,1751098096937957745
2025-06-28T08:08:17.419Z,1751098097419512258
2025-06-28T08:08:17.545Z,1751098097545753437
2025-06-28T08:08:17.614Z,1751098097614488194
2025-06-28T08:08:17.696Z,1751098097696544134
2025-06-28T08:08:18.078Z,1751098098078118835
2025-06-28T08:08:22.316Z,1751098102316413660
2025-06-28T08:08:22.729Z,1751098102729205117
2025-06-28T08:08:25.667Z,1751098105667194480
2025-06-28T08:08:26.904Z,1751098106904698500
2025-06-28T08:08:27.607Z,1751098107607806962
2025-06-28T08:08:27.924Z,1751098107924747106
2025-06-28T08:08:28.563Z,1751098108563331143
2025-06-28T08:08:28.591Z,1751098108591736183
2025-06-28T08:08:28.617Z,1751098108617270799
2025-06-28T08:08:28.852Z,1751098108852929691
2025-06-28T08:08:30.345Z,1751098110345336354
2025-06-28T08:08:31.207Z,1751098111207790243
2025-06-28T08:08:31.388Z,1751098111388301192
2025-06-28T08:08:31.409Z,1751098111409082373
2025-06-28T08:08:34.785Z,1751098114785048632
2025-06-28T08:08:34.857Z,1751098114857845457
2025-06-28T08:08:35.380Z,1751098115380717841
2025-06-28T08:08:37.023Z,1751098117023018316
2025-06-28T08:08:37.424Z,1751098117424216375
2025-06-28T08:08:38.165Z,1751098118165147556
2025-06-28T08:08:39.233Z,1751098119233670230
2025-06-28T08:08:41.565Z,1751098121565984937
2025-06-28T08:08:42.551Z,1751098122551434194
2025-06-28T08:08:42.762Z,1751098122762851631
2025-06-28T08:08:42.871Z,1751098122871509629
2025-06-28T08:08:42.946Z,1751098122946938469
2025-06-28T08:08:43.242Z,1751098123242777089
2025-06-28T08:08:45.259Z,1751098125259835233
2025-06-28T08:08:45.761Z,1751098125761988682
2025-06-28T08:08:45.815Z,1751098125815785493
2025-06-28T08:08:47.706Z,1751098127706572967
2025-06-28T08:08:48.789Z,1751098128789795392
2025-06-28T08:08:48.879Z,1751098128879700727
2025-06-28T08:08:50.432Z,1751098130432450052
2025-06-28T08:08:50.891Z,1751098130891255953
2025-06-28T08:08:51.243Z,1751098131243656633
2025-06-28T08:08:53.235Z,1751098133235548656
2025-06-28T08:08:53.578Z,1751098133578537086
2025-06-28T08:08:54.304Z,1751098134304544314
2025-06-28T08:08:57.409Z,1751098137409345671
2025-06-28T08:08:58.742Z,1751098138742342290
2025-06-28T08:08:58.940Z,1751098138940416455
2025-06-28T08:08:59.583Z,1751098139583089293
2025-06-28T08:09:00.045Z,1751098140045184526
2025-06-28T08:09:01.398Z,1751098141398243279
2025-06-28T08:09:01.654Z,1751098141654164624
2025-06-28T08:09:04.892Z,1751098144892684240
2025-06-28T08:09:05.916Z,1751098145916885449
2025-06-28T08:09:08.015Z,1751098148015600038
2025-06-28T08:09:08.363Z,1751098148363352620
2025-06-28T08:09:08.583Z,1751098148583604843
2025-06-28T08:09:13.099Z,1751098153099196941
2025-06-28T08:09:13.792Z,1751098153792200915
2025-06-28T08:09:14.665Z,1751098154665187978
2025-06-28T08:09:15.111Z,1751098155111125704
2025-06-28T08:09:15.195Z,1751098155195666360
2025-06-28T08:09:16.245Z,1751098156245355409
2025-06-28T08:09:16.420Z,1751098156420536130
2025-06-28T08:09:18.187Z,1751098158187884225
2025-06-28T08:09:18.322Z,1751098158322816708
2025-06-28T08:09:18.413Z,1751098158413613837
2025-06-28T08:09:21.466Z,1751098161466534378
2025-06-28T08:09:21.683Z,1751098161683119325
2025-06-28T08:09:24.868Z,1751098164868080224
2025-06-28T08:09:26.665Z,1751098166665178226
2025-06-28T08:09:27.335Z,1751098167335612185
2025-06-28T08:09:29.700Z,1751098169700839989
2025-06-28T08:09:30.617Z,1751098170617251111
2025-06-28T08:09:31.133Z,1751098171133269120
2025-06-28T08:09:31.795Z,1751098171795483360
2025-06-28T08:09:31.864Z,1751098171864512064
2025-06-28T08:09:32.673Z,1751098172673037961
2025-06-28T08:09:36.951Z,1751098176951635289
2025-06-28T08:09:39.428Z,1751098179428894191
2025-06-28T08:09:39.895Z,1751098179895398402
2025-06-28T08:09:40.011Z,1751098180011045742
2025-06-28T08:09:41.805Z,1751098181805976427
2025-06-28T08:09:44.600Z,1751098184600314144
2025-06-28T08:09:46.088Z,1751098186088325800
2025-06-28T08:09:46.264Z,1751098186264564814
2025-06-28T08:09:46.467Z,1751098186467838274
2025-06-28T08:09:47.203Z,1751098187203715576
2025-06-28T08:09:56.596Z,1751098196596697715
2025-06-28T08:09:56.927Z,1751098196927366215
2025-06-28T08:09:58.290Z,1751098198290635488
2025-06-28T08:09:59.228Z,1751098199228282369
2025-06-28T08:10:00.629Z,1751098200629466242
2025-06-28T08:10:01.205Z,1751098201205566930
2025-06-28T08:10:01.233Z,1751098201233605787
2025-06-28T08:10:01.857Z,1751098201857811389
2025-06-28T08:10:03.364Z,1751098203364749447
2025-06-28T08:10:05.493Z,1751098205493788842
2025-06-28T08:10:08.037Z,1751098208037388883
2025-06-28T08:10:09.457Z,1751098209457901622
2025-06-28T08:10:09.855Z,1751098209855870364
2025-06-28T08:10:11.700Z,1751098211700618416
2025-06-28T08:10:13.807Z,1751098213807272097
2025-06-28T08:10:14.631Z,1751098214631073685
2025-06-28T08:10:15.063Z,1751098215063245626
2025-06-28T08:10:15.121Z,1751098215121793182
2025-06-28T08:10:16.996Z,1751098216996762862
2025-06-28T08:10:17.419Z,1751098217419035360
2025-06-28T08:10:17.430Z,1751098217430640115
2025-06-28T08:10:21.669Z,1751098221669780113
2025-06-28T08:10:23.684Z,1751098223684145430
2025-06-28T08:10:24.219Z,1751098224219710881
2025-06-28T08:10:25.191Z,1751098225191557547
2025-06-28T08:10:25.540Z,1751098225540503847
2025-06-28T08:10:25.710Z,1751098225710068180
2025-06-28T08:10:26.430Z,1751098226430697098
2025-06-28T08:10:29.945Z,1751098229945843192
2025-06-28T08:10:30.350Z,1751098230350355060
2025-06-28T08:10:30.572Z,1751098230572884450
2025-06-28T08:10:30.814Z,1751098230814683153
2025-06-28T08:10:31.190Z,1751098231190288252
2025-06-28T08:10:32.684Z,1751098232684906470
2025-06-28T08:10:35.208Z,1751098235208237634
2025-06-28T08:10:37.082Z,1751098237082320049
2025-06-28T08:10:38.730Z,1751098238730381627
2025-06-28T08:10:38.939Z,1751098238939703773
2025-06-28T08:10:39.451Z,1751098239451434384
2025-06-28T08:10:40.755Z,1751098240755376916
2025-06-28T08:10:44.436Z,1751098244436457307
2025-06-28T08:10:45.087Z,1751098245087126817
2025-06-28T08:10:45.379Z,1751098245379342068
2025-06-28T08:10:45.505Z,1751098245505024215
2025-06-28T08:10:47.190Z,1751098247190164118
2025-06-28T08:10:47.368Z,1751098247368487186
2025-06-28T08:10:50.241Z,1751098250241216147
2025-06-28T08:10:50.302Z,1751098250302247327
2025-06-28T08:10:51.254Z,1751098251254020550
2025-06-28T08:10:53.665Z,1751098253665698646
2025-06-28T08:10:53.945Z,1751098253945041348
2025-06-28T08:10:55.463Z,1751098255463081117
2025-06-28T08:10:57.016Z,1751098257016953714
2025-06-28T08:10:58.930Z,1751098258930521577
2025-06-28T08:10:59.200Z,1751098259200505588
2025-06-28T08:11:01.005Z,1751098261005423706
2025-06-28T08:11:01.354Z,1751098261354635482
2025-06-28T08:11:04.243Z,1751098264243885963
2025-06-28T08:11:04.320Z,1751098264320211473
2025-06-28T08:11:04.484Z,1751098264484379456
2025-06-28T08:11:05.237Z,1751098265237085171
2025-06-28T08:11:06.789Z,1751098266789902083
2025-06-28T08:11:10.272Z,1751098270272660052
2025-06-28T08:11:10.632Z,1751098270632834748
2025-06-28T08:11:10.815Z,1751098270815229879
2025-06-28T08:11:11.834Z,1751098271834847058
2025-06-28T08:11:11.956Z,1751098271956384920
2025-06-28T08:11:12.753Z,1751098272753583932
2025-06-28T08:11:13.244Z,1751098273244343509
2025-06-28T08:11:15.237Z,1751098275237338109
2025-06-28T08:11:16.258Z,1751098276258405385
2025-06-28T08:11:18.573Z,1751098278573572495
2025-06-28T08:11:18.624Z,1751098278624005627
2025-06-28T08:11:19.092Z,1751098279092170160
2025-06-28T08:11:21.218Z,1751098281218684570
2025-06-28T08:11:22.778Z,1751098282778824774
2025-06-28T08:11:22.912Z,1751098282912674604
2025-06-28T08:11:26.273Z,1751098286273468855
2025-06-28T08:11:26.629Z,1751098286629405127
2025-06-28T08:11:29.377Z,1751098289377816768
2025-06-28T08:11:30.067Z,1751098290067802195
2025-06-28T08:11:30.823Z,1751098290823403705
2025-06-28T08:11:31.010Z,1751098291010518782
2025-06-28T08:11:33.936Z,1751098293936148894
2025-06-28T08:11:34.579Z,1751098294579671546
2025-06-28T08:11:35.623Z,1751098295623153000
2025-06-28T08:11:37.317Z,1751098297317956067
2025-06-28T08:11:37.567Z,1751098297567880830
2025-06-28T08:11:38.371Z,1751098298371893195
2025-06-28T08:11:41.429Z,1751098301429092240
2025-06-28T08:11:42.526Z,1751098302526876892
2025-06-28T08:11:42.788Z,1751098302788223392
2025-06-28T08:11:43.423Z,1751098303423839799
2025-06-28T08:11:44.001Z,1751098304001307075
2025-06-28T08:11:44.723Z,1751098304723838292
2025-06-28T08:11:47.728Z,1751098307728026150
2025-06-28T08:11:47.994Z,1751098307994940880
2025-06-28T08:11:48.400Z,1751098308400437189
2025-06-28T08:11:49.362Z,1751098309362383858
2025-06-28T08:11:49.443Z,1751098309443134391
2025-06-28T08:11:50.611Z,1751098310611888167
2025-06-28T08:11:52.151Z,1751098312151109810
2025-06-28T08:11:52.754Z,1751098312754166939
2025-06-28T08:11:54.147Z,1751098314147712169
2025-06-28T08:11:54.364Z,1751098314364079950
2025-06-28T08:11:54.456Z,1751098314456462012
2025-06-28T08:11:54.864Z,1751098314864171958
2025-06-28T08:11:55.740Z,1751098315740930561
2025-06-28T08:11:55.744Z,1751098315744641026
2025-06-28T08:11:57.936Z,1751098317936250110
2025-06-28T08:11:58.322Z,1751098318322284260
2025-06-28T08:12:02.037Z,1751098322037213370
2025-06-28T08:12:03.027Z,1751098323027176909
2025-06-28T08:12:04.182Z,1751098324182627675
2025-06-28T08:12:04.564Z,1751098324564191905
2025-06-28T08:12:04.678Z,1751098324678829011
2025-06-28T08:12:06.492Z,1751098326492607764
2025-06-28T08:12:07.363Z,1751098327363573842
2025-06-28T08:12:08.028Z,1751098328028165148
2025-06-28T08:12:08.709Z,1751098328709291445
2025-06-28T08:12:09.569Z,1751098329569615467
2025-06-28T08:12:10.923Z,1751098330923857994
2025-06-28T08:12:12.237Z,1751098332237518486
2025-06-28T08:12:13.411Z,1751098333411948671
2025-06-28T08:12:15.753Z,1751098335753268570
2025-06-28T08:12:16.532Z,1751098336532961182
2025-06-28T08:12:17.348Z,1751098337348275832
2025-06-28T08:12:17.908Z,1751098337908725371
2025-06-28T08:12:20.073Z,1751098340073452238
2025-06-28T08:12:21.217Z,1751098341217190458
2025-06-28T08:12:21.520Z,1751098341520262931
2025-06-28T08:12:25.068Z,1751098345068405341
2025-06-28T08:12:25.261Z,1751098345261322664
2025-06-28T08:12:25.440Z,1751098345440477439
2025-06-28T08:12:28.360Z,1751098348360524704
2025-06-28T08:12:29.035Z,1751098349035828040
2025-06-28T08:12:30.022Z,1751098350022520531
2025-06-28T08:12:31.448Z,1751098351448701051
2025-06-28T08:12:32.692Z,1751098352692719433
2025-06-28T08:12:32.737Z,1751098352737096776
2025-06-28T08:12:32.904Z,1751098352904698216
2025-06-28T08:12:35.479Z,1751098355479261516
2025-06-28T08:12:35.723Z,1751098355723610170
2025-06-28T08:12:36.672Z,1751098356672929660
2025-06-28T08:12:37.764Z,1751098357764546759
2025-06-28T08:12:38.554Z,1751098358554375277
2025-06-28T08:12:40.873Z,1751098360873484313
2025-06-28T08:12:41.105Z,1751098361105885622
2025-06-28T08:12:41.680Z,1751098361680898591
2025-06-28T08:12:41.689Z,1751098361689742604
2025-06-28T08:12:41.749Z,1751098361749412190
2025-06-28T08:12:42.282Z,1751098362282466882
2025-06-28T08:12:42.420Z,1751098362420936812
2025-06-28T08:12:43.483Z,1751098363483197628
2025-06-28T08:12:44.952Z,1751098364952080473
2025-06-28T08:12:46.109Z,1751098366109964781
2025-06-28T08:12:46.904Z,1751098366904656825
2025-06-28T08:12:46.928Z,1751098366928856266
2025-06-28T08:12:47.010Z,1751098367010658331
2025-06-28T08:12:47.965Z,1751098367965875694
2025-06-28T08:12:48.162Z,1751098368162644506
2025-06-28T08:12:48.200Z,1751098368200539933
2025-06-28T08:12:49.786Z,1751098369786368525
2025-06-28T08:12:53.610Z,1751098373610924312
2025-06-28T08:12:56.030Z,1751098376030899574
2025-06-28T08:12:56.397Z,1751098376397502194
2025-06-28T08:12:56.847Z,1751098376847246841
2025-06-28T08:12:57.041Z,1751098377041581558
2025-06-28T08:12:57.979Z,1751098377979890216
2025-06-28T08:12:59.373Z,1751098379373786719
2025-06-28T08:12:59.735Z,1751098379735251677
2025-06-28T08:13:00.286Z,1751098380286094470
2025-06-28T08:13:00.669Z,1751098380669251875
2025-06-28T08:13:01.548Z,1751098381548398925
2025-06-28T08:13:02.072Z,1751098382072935679
2025-06-28T08:13:02.193Z,1751098382193880247
2025-06-28T08:13:03.384Z,1751098383384809127
2025-06-28T08:13:03.492Z,1751098383492498224
2025-06-28T08:13:04.522Z,1751098384522257701
2025-06-28T08:13:08.229Z,1751098388229596491
2025-06-28T08:13:10.649Z,1751098390649744705
2025-06-28T08:13:11.520Z,1751098391520531726
2025-06-28T08:13:13.957Z,1751098393957416513
2025-06-28T08:13:14.631Z,1751098394631945377
2025-06-28T08:13:19.548Z,1751098399548549226
2025-06-28T08:13:23.362Z,1751098403362468085
2025-06-28T08:13:24.206Z,1751098404206937806
2025-06-28T08:13:24.467Z,1751098404467696610
2025-06-28T08:13:25.267Z,1751098405267667613
2025-06-28T08:13:28.914Z,1751098408914507843
2025-06-28T08:13:30.580Z,1751098410580161408
2025-06-28T08:13:31.145Z,1751098411145674232
2025-06-28T08:13:31.323Z,1751098411323817054
2025-06-28T08:13:32.101Z,1751098412101026726
2025-06-28T08:13:33.783Z,1751098413783024855
2025-06-28T08:13:35.567Z,1751098415567945590
2025-06-28T08:13:37.260Z,1751098417260767956
2025-06-28T08:13:37.319Z,1751098417319497248
2025-06-28T08:13:39.522Z,1751098419522500594
2025-06-28T08:13:39.685Z,1751098419685801978
2025-06-28T08:13:40.900Z,1751098420900954429
2025-06-28T08:13:41.013Z,1751098421013690144
2025-06-28T08:13:41.484Z,1751098421484201480
2025-06-28T08:13:44.144Z,1751098424144275449
2025-06-28T08:13:44.532Z,1751098424532884121
2025-06-28T08:13:47.895Z,1751098427895813612
2025-06-28T08:13:48.552Z,1751098428552663838
2025-06-28T08:13:49.643Z,1751098429643518630
2025-06-28T08:13:49.686Z,1751098429686509054
2025-06-28T08:13:49.966Z,1751098429966701139
2025-06-28T08:13:50.660Z,1751098430660238972
2025-06-28T08:13:51.308Z,1751098431308636168
2025-06-28T08:13:51.492Z,1751098431492518796
2025-06-28T08:13:51.864Z,1751098431864099183
2025-06-28T08:13:53.084Z,1751098433084550089
2025-06-28T08:13:53.285Z,1751098433285226665
2025-06-28T08:13:53.740Z,1751098433740634892
2025-06-28T08:13:54.022Z,1751098434022216760
2025-06-28T08:13:54.087Z,1751098434087872132
2025-06-28T08:13:54.336Z,1751098434336276125
2025-06-28T08:13:55.035Z,1751098435035829716
2025-06-28T08:13:55.570Z,1751098435570459457
2025-06-28T08:13:58.002Z,1751098438002953750
2025-06-28T08:13:58.199Z,1751098438199280600
2025-06-28T08:13:59.326Z,1751098439326331840
2025-06-28T08:13:59.337Z,1751098439337553032
2025-06-28T08:13:59.395Z,1751098439395476455
2025-06-28T08:14:01.059Z,1751098441059749443
2025-06-28T08:14:01.514Z,1751098441514669139
2025-06-28T08:14:01.935Z,1751098441935652559
2025-06-28T08:14:02.507Z,1751098442507264002
2025-06-28T08:14:02.643Z,1751098442643318181
2025-06-28T08:14:07.457Z,1751098447457576216
2025-06-28T08:14:08.211Z,1751098448211742727
2025-06-28T08:14:08.618Z,1751098448618398584
2025-06-28T08:14:08.655Z,1751098448655858241
2025-06-28T08:14:10.355Z,1751098450355855327
2025-06-28T08:14:10.582Z,1751098450582177828
2025-06-28T08:14:14.397Z,1751098454397226881
2025-06-28T08:14:16.940Z,1751098456940232864
2025-06-28T08:14:18.729Z,1751098458729635189
2025-06-28T08:14:21.808Z,1751098461808439705
2025-06-28T08:14:21.827Z,1751098461827729030
2025-06-28T08:14:22.172Z,1751098462172033483
2025-06-28T08:14:22.652Z,1751098462652770605
2025-06-28T08:14:23.050Z,1751098463050726605
2025-06-28T08:14:25.403Z,1751098465403037996
2025-06-28T08:14:27.893Z,1751098467893025391
2025-06-28T08:14:28.503Z,1751098468503677513
2025-06-28T08:14:30.426Z,1751098470426078646
2025-06-28T08:14:36.151Z,1751098476151861086
2025-06-28T08:14:36.370Z,1751098476370764755
2025-06-28T08:14:36.622Z,1751098476622874694
2025-06-28T08:14:36.638Z,1751098476638197295
2025-06-28T08:14:37.386Z,1751098477386069651
2025-06-28T08:14:39.649Z,1751098479649527590
2025-06-28T08:14:40.520Z,1751098480520293042
2025-06-28T08:14:41.108Z,1751098481108964802
2025-06-28T08:14:42.488Z,1751098482488209894
2025-06-28T08:14:43.098Z,1751098483098328042
2025-06-28T08:14:43.376Z,1751098483376061352
2025-06-28T08:14:44.109Z,1751098484109499129
2025-06-28T08:14:48.028Z,1751098488028551293
2025-06-28T08:14:48.047Z,1751098488047602831
2025-06-28T08:14:49.068Z,1751098489068705119
2025-06-28T08:14:50.338Z,1751098490338702930
2025-06-28T08:14:51.459Z,1751098491459217185
2025-06-28T08:14:52.935Z,1751098492935755054
2025-06-28T08:14:54.799Z,1751098494799282030
2025-06-28T08:14:56.945Z,1751098496945534130
2025-06-28T08:14:58.192Z,1751098498192514687
2025-06-28T08:14:59.307Z,1751098499307795218
2025-06-28T08:15:00.301Z,1751098500301120640
2025-06-28T08:15:01.173Z,1751098501173172185
2025-06-28T08:15:01.713Z,1751098501713261461
2025-06-28T08:15:04.890Z,1751098504890734008
2025-06-28T08:15:06.976Z,1751098506976475320
2025-06-28T08:15:07.396Z,1751098507396221195
2025-06-28T08:15:08.617Z,1751098508617090448
2025-06-28T08:15:10.578Z,1751098510578041618
2025-06-28T08:15:12.633Z,1751098512633889478
2025-06-28T08:15:13.228Z,1751098513228048162
2025-06-28T08:15:14.532Z,1751098514532731732
2025-06-28T08:15:15.608Z,1751098515608048587
2025-06-28T08:15:16.474Z,1751098516474575885
2025-06-28T08:15:16.545Z,1751098516545017962
2025-06-28T08:15:17.602Z,1751098517602179632
2025-06-28T08:15:19.126Z,1751098519126026547
2025-06-28T08:15:19.931Z,1751098519931650409
2025-06-28T08:15:20.988Z,1751098520988223262
2025-06-28T08:15:21.487Z,1751098521487363245
2025-06-28T08:15:22.169Z,1751098522169252665
2025-06-28T08:15:22.753Z,1751098522753778306
2025-06-28T08:15:23.792Z,1751098523792773313
2025-06-28T08:15:25.870Z,1751098525870925743
2025-06-28T08:15:26.979Z,1751098526979516748
2025-06-28T08:15:27.373Z,1751098527373293704
2025-06-28T08:15:28.176Z,1751098528176449743
2025-06-28T08:15:32.189Z,1751098532189883383
2025-06-28T08:15:32.364Z,1751098532364879394
2025-06-28T08:15:33.113Z,1751098533113750512
2025-06-28T08:15:34.302Z,1751098534302629511
2025-06-28T08:15:34.607Z,1751098534607129309
2025-06-28T08:15:35.540Z,1751098535540475306
2025-06-28T08:15:35.655Z,1751098535655452033
2025-06-28T08:15:35.947Z,1751098535947547619
2025-06-28T08:15:37.144Z,1751098537144010322
2025-06-28T08:15:37.693Z,1751098537693952364
2025-06-28T08:15:40.317Z,1751098540317203887
2025-06-28T08:15:41.888Z,1751098541888370223
2025-06-28T08:15:42.161Z,1751098542161302643
2025-06-28T08:15:43.348Z,1751098543348081032
2025-06-28T08:15:44.164Z,1751098544164398954
2025-06-28T08:15:44.182Z,1751098544182134200
2025-06-28T08:15:44.543Z,1751098544543236822
2025-06-28T08:15:45.367Z,1751098545367745951
2025-06-28T08:15:47.792Z,1751098547792826911
2025-06-28T08:15:47.988Z,1751098547988056040
2025-06-28T08:15:49.061Z,1751098549061856442
2025-06-28T08:15:50.092Z,1751098550092019894
2025-06-28T08:15:51.873Z,1751098551873812407
2025-06-28T08:15:55.219Z,1751098555219303688
2025-06-28T08:15:55.776Z,1751098555776479455
2025-06-28T08:15:56.631Z,1751098556631742828
2025-06-28T08:15:56.805Z,1751098556805779717
2025-06-28T08:15:56.923Z,1751098556923401245
2025-06-28T08:15:57.011Z,1751098557011291262
2025-06-28T08:15:58.261Z,1751098558261530040
2025-06-28T08:16:00.240Z,1751098560240076524
2025-06-28T08:16:01.437Z,1751098561437830077
2025-06-28T08:16:03.932Z,1751098563932047189
2025-06-28T08:16:05.196Z,1751098565196025001
2025-06-28T08:16:06.008Z,1751098566008857058
2025-06-28T08:16:06.534Z,1751098566534076888
2025-06-28T08:16:06.648Z,1751098566648668603
2025-06-28T08:16:07.606Z,1751098567606759616
2025-06-28T08:16:07.621Z,1751098567621897455
2025-06-28T08:16:10.106Z,1751098570106938484
2025-06-28T08:16:10.769Z,1751098570769329551
2025-06-28T08:16:11.483Z,1751098571483201316
2025-06-28T08:16:11.492Z,1751098571492475566
2025-06-28T08:16:12.279Z,1751098572279873662
2025-06-28T08:16:14.434Z,1751098574434043072
2025-06-28T08:16:16.149Z,1751098576149488984
2025-06-28T08:16:17.232Z,1751098577232092265
2025-06-28T08:16:17.662Z,1751098577662270845
2025-06-28T08:16:18.599Z,1751098578599672251
2025-06-28T08:16:19.847Z,1751098579847581735
2025-06-28T08:16:20.953Z,1751098580953983647
2025-06-28T08:16:21.341Z,1751098581341538193
2025-06-28T08:16:21.884Z,1751098581884423663
2025-06-28T08:16:22.206Z,1751098582206554589
2025-06-28T08:16:22.276Z,1751098582276323882
2025-06-28T08:16:22.347Z,1751098582347197815
2025-06-28T08:16:22.602Z,1751098582602118972
2025-06-28T08:16:27.805Z,1751098587805172488
2025-06-28T08:16:28.112Z,1751098588112814091
2025-06-28T08:16:28.119Z,1751098588119654889
2025-06-28T08:16:29.064Z,1751098589064723836
2025-06-28T08:16:29.751Z,1751098589751564969
2025-06-28T08:16:30.258Z,1751098590258187568
2025-06-28T08:16:31.107Z,1751098591107192585
2025-06-28T08:16:31.817Z,1751098591817202649
2025-06-28T08:16:32.350Z,1751098592350504617
2025-06-28T08:16:33.157Z,1751098593157644140
2025-06-28T08:16:33.446Z,1751098593446120424
2025-06-28T08:16:33.928Z,1751098593928922642
2025-06-28T08:16:34.247Z,1751098594247561519
2025-06-28T08:16:34.803Z,1751098594803081322
2025-06-28T08:16:37.995Z,1751098597995358325
2025-06-28T08:16:39.357Z,1751098599357125866
2025-06-28T08:16:39.434Z,1751098599434803520
2025-06-28T08:16:41.543Z,1751098601543818253
2025-06-28T08:16:42.600Z,1751098602600012610
2025-06-28T08:16:44.058Z,1751098604058990692
2025-06-28T08:16:44.072Z,1751098604072053548
2025-06-28T08:16:44.598Z,1751098604598283982
2025-06-28T08:16:44.869Z,1751098604869442660
2025-06-28T08:16:46.783Z,1751098606783854357
2025-06-28T08:16:47.365Z,1751098607365860813
2025-06-28T08:16:47.392Z,1751098607392083672
2025-06-28T08:16:47.914Z,1751098607914257179
2025-06-28T08:16:52.467Z,1751098612467725604
2025-06-28T08:16:53.598Z,1751098613598876447
2025-06-28T08:16:53.720Z,1751098613720305443
2025-06-28T08:16:57.101Z,1751098617101521031
2025-06-28T08:16:57.126Z,1751098617126767830
2025-06-28T08:16:57.263Z,1751098617263318471
2025-06-28T08:16:57.980Z,1751098617980273872
2025-06-28T08:16:59.347Z,1751098619347490496
2025-06-28T08:16:59.802Z,1751098619802055928
2025-06-28T08:16:59.950Z,1751098619950841339
2025-06-28T08:17:00.294Z,1751098620294249054
2025-06-28T08:17:00.538Z,1751098620538183681
2025-06-28T08:17:01.084Z,1751098621084085560
2025-06-28T08:17:01.819Z,1751098621819609032
2025-06-28T08:17:03.541Z,1751098623541362574
2025-06-28T08:17:04.505Z,1751098624505451212
2025-06-28T08:17:06.159Z,1751098626159762502
2025-06-28T08:17:06.224Z,1751098626224973163
2025-06-28T08:17:06.995Z,1751098626995679647
2025-06-28T08:17:08.319Z,1751098628319043410
2025-06-28T08:17:11.743Z,1751098631743493365
2025-06-28T08:17:12.622Z,1751098632622549953
2025-06-28T08:17:13.328Z,1751098633328196222
2025-06-28T08:17:13.604Z,1751098633604549287
2025-06-28T08:17:16.616Z,1751098636616167350
2025-06-28T08:17:16.913Z,1751098636913046896
2025-06-28T08:17:17.297Z,1751098637297442728
2025-06-28T08:17:17.954Z,1751098637954685701
2025-06-28T08:17:18.226Z,1751098638226338104
2025-06-28T08:17:18.839Z,1751098638839027482
2025-06-28T08:17:19.887Z,1751098639887406524
2025-06-28T08:17:20.720Z,1751098640720239602
2025-06-28T08:17:20.994Z,1751098640994996671
2025-06-28T08:17:21.212Z,1751098641212643961
2025-06-28T08:17:21.589Z,1751098641589341262
2025-06-28T08:17:22.202Z,1751098642202411478
2025-06-28T08:17:28.564Z,1751098648564022351
2025-06-28T08:17:29.035Z,1751098649035821931
2025-06-28T08:17:30.052Z,1751098650052819798
2025-06-28T08:17:30.841Z,1751098650841752423
2025-06-28T08:17:31.282Z,1751098651282879368
2025-06-28T08:17:32.673Z,1751098652673935563
2025-06-28T08:17:32.990Z,1751098652990401682
2025-06-28T08:17:33.632Z,1751098653632554266
2025-06-28T08:17:34.042Z,1751098654042402814
2025-06-28T08:17:34.094Z,1751098654094630724
2025-06-28T08:17:34.602Z,1751098654602428345
2025-06-28T08:17:37.019Z,1751098657019872343
2025-06-28T08:17:37.338Z,1751098657338762345
2025-06-28T08:17:37.551Z,1751098657551422388
2025-06-28T08:17:37.595Z,1751098657595280475
2025-06-28T08:17:38.302Z,1751098658302693786
2025-06-28T08:17:38.707Z,1751098658707140471
2025-06-28T08:17:39.634Z,1751098659634836239
2025-06-28T08:17:43.291Z,1751098663291511577
2025-06-28T08:17:43.619Z,1751098663619445690
2025-06-28T08:17:43.630Z,1751098663630167418
2025-06-28T08:17:44.218Z,1751098664218044800
2025-06-28T08:17:44.283Z,1751098664283390644
2025-06-28T08:17:45.412Z,1751098665412484655
2025-06-28T08:17:45.659Z,1751098665659158919
2025-06-28T08:17:48.583Z,1751098668583677402
2025-06-28T08:17:49.322Z,1751098669322310385
2025-06-28T08:17:50.474Z,1751098670474674730
2025-06-28T08:17:52.069Z,1751098672069735496
2025-06-28T08:17:53.921Z,1751098673921476436
2025-06-28T08:17:54.049Z,1751098674049979709
2025-06-28T08:17:56.240Z,1751098676240026665
2025-06-28T08:18:01.333Z,1751098681333494086
2025-06-28T08:18:01.882Z,1751098681882230915
2025-06-28T08:18:01.884Z,1751098681884729162
2025-06-28T08:18:01.992Z,1751098681992331999
2025-06-28T08:18:02.082Z,1751098682082525223
2025-06-28T08:18:03.909Z,1751098683909722131
2025-06-28T08:18:04.094Z,1751098684094993316
2025-06-28T08:18:06.440Z,1751098686440138713
2025-06-28T08:18:06.492Z,1751098686492953576
2025-06-28T08:18:07.865Z,1751098687865765025
2025-06-28T08:18:08.259Z,1751098688259102828
2025-06-28T08:18:08.722Z,1751098688722479787
2025-06-28T08:18:09.180Z,1751098689180679469
2025-06-28T08:18:11.918Z,1751098691918769246
2025-06-28T08:18:12.005Z,1751098692005573916
2025-06-28T08:18:12.233Z,1751098692233587252
2025-06-28T08:18:14.478Z,1751098694478812482
2025-06-28T08:18:15.643Z,1751098695643264142
2025-06-28T08:18:16.450Z,1751098696450049246
2025-06-28T08:18:17.987Z,1751098697987210293
2025-06-28T08:18:19.554Z,1751098699554318229
2025-06-28T08:18:21.189Z,1751098701189117067
2025-06-28T08:18:21.459Z,1751098701459403713
2025-06-28T08:18:22.787Z,1751098702787817919
2025-06-28T08:18:24.036Z,1751098704036912051
2025-06-28T08:18:24.291Z,1751098704291329950
2025-06-28T08:18:27.431Z,1751098707431531517
2025-06-28T08:18:27.448Z,1751098707448688798
2025-06-28T08:18:29.372Z,1751098709372653573
2025-06-28T08:18:29.405Z,1751098709405557377
2025-06-28T08:18:30.075Z,1751098710075052249
2025-06-28T08:18:30.605Z,1751098710605731194
2025-06-28T08:18:30.695Z,1751098710695225475
2025-06-28T08:18:30.722Z,1751098710722613979
2025-06-28T08:18:33.200Z,1751098713200626371
2025-06-28T08:18:33.243Z,1751098713243509399
2025-06-28T08:18:33.271Z,1751098713271514253
2025-06-28T08:18:33.718Z,1751098713718291657
2025-06-28T08:18:33.944Z,1751098713944981992
2025-06-28T08:18:36.936Z,1751098716936045361
2025-06-28T08:18:37.375Z,1751098717375465694
2025-06-28T08:18:38.082Z,1751098718082338370
2025-06-28T08:18:40.061Z,1751098720061872722
2025-06-28T08:18:40.695Z,1751098720695678555
2025-06-28T08:18:41.671Z,1751098721671059029
2025-06-28T08:18:41.724Z,1751098721724571952
2025-06-28T08:18:41.993Z,1751098721993865893
2025-06-28T08:18:42.075Z,1751098722075765968
2025-06-28T08:18:43.371Z,1751098723371091964
2025-06-28T08:18:43.630Z,1751098723630052176
2025-06-28T08:18:43.772Z,1751098723772572237
2025-06-28T08:18:45.680Z,1751098725680792870
2025-06-28T08:18:46.719Z,1751098726719030146
2025-06-28T08:18:46.952Z,1751098726952358747
2025-06-28T08:18:48.916Z,1751098728916162245
2025-06-28T08:18:49.191Z,1751098729191895517
2025-06-28T08:18:49.952Z,1751098729952888833
2025-06-28T08:18:52.411Z,1751098732411169901
2025-06-28T08:18:52.802Z,1751098732802718402
2025-06-28T08:18:55.846Z,1751098735846738622
2025-06-28T08:18:56.300Z,1751098736300708480
2025-06-28T08:18:56.360Z,1751098736360916124
2025-06-28T08:18:56.400Z,1751098736400416853
2025-06-28T08:18:56.419Z,1751098736419178714
2025-06-28T08:18:58.001Z,1751098738001589225
2025-06-28T08:18:58.146Z,1751098738146412522
2025-06-28T08:18:59.440Z,1751098739440523608
2025-06-28T08:18:59.924Z,1751098739924411537
2025-06-28T08:19:03.439Z,1751098743439553805
2025-06-28T08:19:04.326Z,1751098744326833089
2025-06-28T08:19:04.794Z,1751098744794482418
2025-06-28T08:19:07.040Z,1751098747040057008
2025-06-28T08:19:10.371Z,1751098750371538842
2025-06-28T08:19:10.548Z,1751098750548390187
2025-06-28T08:19:11.039Z,1751098751039835591
2025-06-28T08:19:14.280Z,1751098754280107204
2025-06-28T08:19:15.037Z,1751098755037463119
2025-06-28T08:19:15.872Z,1751098755872191920
2025-06-28T08:19:16.210Z,1751098756210524178
2025-06-28T08:19:16.231Z,1751098756231479429
2025-06-28T08:19:18.612Z,1751098758612630343
2025-06-28T08:19:19.656Z,1751098759656556939
2025-06-28T08:19:19.805Z,1751098759805888931
2025-06-28T08:19:20.697Z,1751098760697668954
2025-06-28T08:19:21.076Z,1751098761076990255
2025-06-28T08:19:21.742Z,1751098761742003527
2025-06-28T08:19:22.054Z,1751098762054346217
2025-06-28T08:19:23.080Z,1751098763080508939
2025-06-28T08:19:23.109Z,1751098763109863746
2025-06-28T08:19:25.370Z,1751098765370454231
2025-06-28T08:19:26.030Z,1751098766030133602
2025-06-28T08:19:26.080Z,1751098766080277590
2025-06-28T08:19:26.268Z,1751098766268237471
2025-06-28T08:19:27.153Z,1751098767153903424
2025-06-28T08:19:27.878Z,1751098767878056284
2025-06-28T08:19:33.015Z,1751098773015161637
2025-06-28T08:19:34.586Z,1751098774586117224
2025-06-28T08:19:36.080Z,1751098776080804472
2025-06-28T08:19:37.913Z,1751098777913541411
2025-06-28T08:19:37.924Z,1751098777924528744
2025-06-28T08:19:37.993Z,1751098777993186346
2025-06-28T08:19:40.002Z,1751098780002821230
2025-06-28T08:19:40.570Z,1751098780570312420
2025-06-28T08:19:42.265Z,1751098782265688935
2025-06-28T08:19:42.604Z,1751098782604636217
2025-06-28T08:19:43.471Z,1751098783471720799
2025-06-28T08:19:44.850Z,1751098784850070389
2025-06-28T08:19:45.037Z,1751098785037868030
2025-06-28T08:19:46.042Z,1751098786042134842
2025-06-28T08:19:50.639Z,1751098790639147131
2025-06-28T08:19:50.816Z,1751098790816905136
2025-06-28T08:19:51.962Z,1751098791962240894
2025-06-28T08:19:54.786Z,1751098794786490844
2025-06-28T08:19:55.025Z,1751098795025489477
2025-06-28T08:19:56.994Z,1751098796994815857
2025-06-28T08:19:58.621Z,1751098798621576853
2025-06-28T08:19:58.951Z,1751098798951364440
2025-06-28T08:20:01.369Z,1751098801369873781
2025-06-28T08:20:01.649Z,1751098801649779519
2025-06-28T08:20:07.650Z,1751098807650609036
2025-06-28T08:20:10.894Z,1751098810894521198
2025-06-28T08:20:11.655Z,1751098811655040383
2025-06-28T08:20:12.055Z,1751098812055653553
2025-06-28T08:20:13.078Z,1751098813078741373
2025-06-28T08:20:13.152Z,1751098813152656955
2025-06-28T08:20:13.378Z,1751098813378139408
2025-06-28T08:20:14.040Z,1751098814040419330
2025-06-28T08:20:15.321Z,1751098815321440650
2025-06-28T08:20:21.186Z,1751098821186432552
2025-06-28T08:20:21.841Z,1751098821841388964
2025-06-28T08:20:22.552Z,1751098822552714218
2025-06-28T08:20:24.891Z,1751098824891318805
2025-06-28T08:20:25.070Z,1751098825070609677
2025-06-28T08:20:27.826Z,1751098827826938562
2025-06-28T08:20:28.738Z,1751098828738881504
2025-06-28T08:20:28.880Z,1751098828880865564
2025-06-28T08:20:31.530Z,1751098831530528312
2025-06-28T08:20:31.940Z,1751098831940912575
2025-06-28T08:20:32.221Z,1751098832221763469
2025-06-28T08:20:32.711Z,1751098832711911117
2025-06-28T08:20:33.816Z,1751098833816154994
2025-06-28T08:20:37.771Z,1751098837771711668
2025-06-28T08:20:40.356Z,1751098840356831085
2025-06-28T08:20:41.980Z,1751098841980533581
2025-06-28T08:20:42.261Z,1751098842261944008
2025-06-28T08:20:46.123Z,1751098846123553122
2025-06-28T08:20:47.860Z,1751098847860021534
2025-06-28T08:20:51.664Z,1751098851664975402
2025-06-28T08:20:53.467Z,1751098853467437486
2025-06-28T08:20:56.330Z,1751098856330112216
2025-06-28T08:20:56.363Z,1751098856363184827
2025-06-28T08:20:59.478Z,1751098859478782996
2025-06-28T08:21:01.315Z,1751098861315118638
2025-06-28T08:21:01.699Z,1751098861699006116
2025-06-28T08:21:02.443Z,1751098862443753307
2025-06-28T08:21:03.726Z,1751098863726539355
2025-06-28T08:21:04.757Z,1751098864757934068
2025-06-28T08:21:07.628Z,1751098867628763939
2025-06-28T08:21:08.476Z,1751098868476201977
2025-06-28T08:21:13.732Z,1751098873732995417
2025-06-28T08:21:13.744Z,1751098873744791656
2025-06-28T08:21:13.983Z,1751098873983849474
2025-06-28T08:21:13.999Z,1751098873999632528
2025-06-28T08:21:14.089Z,1751098874089886335
2025-06-28T08:21:15.178Z,1751098875178079431
2025-06-28T08:21:16.529Z,1751098876529626190
2025-06-28T08:21:16.638Z,1751098876638997107
2025-06-28T08:21:17.408Z,1751098877408927053
2025-06-28T08:21:17.569Z,1751098877569558821
2025-06-28T08:21:18.073Z,1751098878073246370
2025-06-28T08:21:18.393Z,1751098878393490519
2025-06-28T08:21:18.721Z,1751098878721777268
2025-06-28T08:21:19.644Z,1751098879644593784
2025-06-28T08:21:20.764Z,1751098880764386856
2025-06-28T08:21:22.033Z,1751098882033140687
2025-06-28T08:21:22.174Z,1751098882174039795
2025-06-28T08:21:25.505Z,1751098885505111502
2025-06-28T08:21:26.013Z,1751098886013091599
2025-06-28T08:21:26.400Z,1751098886400180194
2025-06-28T08:21:26.929Z,1751098886929554336
2025-06-28T08:21:27.115Z,1751098887115217559
2025-06-28T08:21:27.207Z,1751098887207095336
2025-06-28T08:21:28.574Z,1751098888574149219
2025-06-28T08:21:29.620Z,1751098889620507054
2025-06-28T08:21:30.115Z,1751098890115648033
2025-06-28T08:21:32.671Z,1751098892671771970
2025-06-28T08:21:33.013Z,1751098893013323242
2025-06-28T08:21:34.065Z,1751098894065929628
2025-06-28T08:21:34.868Z,1751098894868965574
2025-06-28T08:21:36.087Z,1751098896087736562
2025-06-28T08:21:37.515Z,1751098897515142718
2025-06-28T08:21:38.705Z,1751098898705536272
2025-06-28T08:21:42.122Z,1751098902122858016
2025-06-28T08:21:42.942Z,1751098902942041208
2025-06-28T08:21:43.055Z,1751098903055013861
2025-06-28T08:21:43.177Z,1751098903177249722
2025-06-28T08:21:44.843Z,1751098904843973795
2025-06-28T08:21:45.636Z,1751098905636381161
2025-06-28T08:21:45.905Z,1751098905905579165
2025-06-28T08:21:46.301Z,1751098906301941515
2025-06-28T08:21:47.056Z,1751098907056380907
2025-06-28T08:21:47.302Z,1751098907302843712
2025-06-28T08:21:50.678Z,1751098910678711060
2025-06-28T08:21:50.808Z,1751098910808603118
2025-06-28T08:21:51.602Z,1751098911602729530
2025-06-28T08:21:54.915Z,1751098914915955669
2025-06-28T08:21:55.459Z,1751098915459311481
2025-06-28T08:21:56.337Z,1751098916337834004
2025-06-28T08:21:58.434Z,1751098918434197826
2025-06-28T08:21:58.470Z,1751098918470372318
2025-06-28T08:21:59.550Z,1751098919550736472
2025-06-28T08:21:59.579Z,1751098919579866672
2025-06-28T08:21:59.998Z,1751098919998794842
2025-06-28T08:22:00.990Z,1751098920990665826
2025-06-28T08:22:02.831Z,1751098922831001187
2025-06-28T08:22:05.477Z,1751098925477915908
2025-06-28T08:22:06.595Z,1751098926595026767
2025-06-28T08:22:09.582Z,1751098929582104587
2025-06-28T08:22:12.335Z,1751098932335662612
2025-06-28T08:22:15.489Z,1751098935489393039
2025-06-28T08:22:15.657Z,1751098935657748781
2025-06-28T08:22:16.499Z,1751098936499725716
2025-06-28T08:22:16.864Z,1751098936864114161
2025-06-28T08:22:16.986Z,1751098936986733691
2025-06-28T08:22:17.327Z,1751098937327529092
2025-06-28T08:22:18.297Z,1751098938297428494
2025-06-28T08:22:20.804Z,1751098940804766098
2025-06-28T08:22:21.866Z,1751098941866943384
2025-06-28T08:22:22.087Z,1751098942087345399
2025-06-28T08:22:22.712Z,1751098942712952422
2025-06-28T08:22:23.970Z,1751098943970582091
2025-06-28T08:22:24.999Z,1751098944999234341
2025-06-28T08:22:25.504Z,1751098945504695719
2025-06-28T08:22:27.326Z,1751098947326053170
2025-06-28T08:22:27.713Z,1751098947713132436
2025-06-28T08:22:28.475Z,1751098948475114817
2025-06-28T08:22:30.085Z,1751098950085548313
2025-06-28T08:22:31.457Z,1751098951457351842
2025-06-28T08:22:33.865Z,1751098953865549859
2025-06-28T08:22:35.586Z,1751098955586977438
2025-06-28T08:22:40.991Z,1751098960991201398
2025-06-28T08:22:41.147Z,1751098961147626531
2025-06-28T08:22:41.391Z,1751098961391879830
2025-06-28T08:22:42.179Z,1751098962179121310
2025-06-28T08:22:45.582Z,1751098965582243906
2025-06-28T08:22:45.706Z,1751098965706172636
2025-06-28T08:22:49.070Z,1751098969070726610
2025-06-28T08:22:49.429Z,1751098969429116200
2025-06-28T08:22:49.786Z,1751098969786485931
2025-06-28T08:22:50.388Z,1751098970388186604
2025-06-28T08:22:52.405Z,1751098972405511786
2025-06-28T08:22:52.932Z,1751098972932732441
2025-06-28T08:22:56.241Z,1751098976241315626
2025-06-28T08:22:56.673Z,1751098976673811918
2025-06-28T08:22:58.158Z,1751098978158417504
2025-06-28T08:22:58.391Z,1751098978391595230
2025-06-28T08:23:00.344Z,1751098980344759875
2025-06-28T08:23:00.974Z,1751098980974687357
2025-06-28T08:23:01.061Z,1751098981061244344
2025-06-28T08:23:03.756Z,1751098983756523128
2025-06-28T08:23:06.656Z,1751098986656087813
2025-06-28T08:23:07.382Z,1751098987382354054
2025-06-28T08:23:10.319Z,1751098990319022480
2025-06-28T08:23:10.886Z,1751098990886524072
2025-06-28T08:23:14.694Z,1751098994694302201
2025-06-28T08:23:17.475Z,1751098997475207960
2025-06-28T08:23:22.906Z,1751099002906569361
2025-06-28T08:23:23.357Z,1751099003357028681
2025-06-28T08:23:24.066Z,1751099004066269892
2025-06-28T08:23:24.592Z,1751099004592696677
2025-06-28T08:23:25.849Z,1751099005849072112
2025-06-28T08:23:28.335Z,1751099008335289227
2025-06-28T08:23:30.050Z,1751099010050042833
2025-06-28T08:23:31.207Z,1751099011207918387
2025-06-28T08:23:31.996Z,1751099011996212444
2025-06-28T08:23:32.855Z,1751099012855519776
2025-06-28T08:23:32.878Z,1751099012878205585
2025-06-28T08:23:33.360Z,1751099013360271041
2025-06-28T08:23:33.542Z,1751099013542967762
2025-06-28T08:23:37.020Z,1751099017020375270
2025-06-28T08:23:37.711Z,1751099017711469091
2025-06-28T08:23:38.262Z,1751099018262664852
2025-06-28T08:23:38.464Z,1751099018464037858
2025-06-28T08:23:38.553Z,1751099018553831833
2025-06-28T08:23:40.549Z,1751099020549286987
2025-06-28T08:23:46.159Z,1751099026159455775
2025-06-28T08:23:46.234Z,1751099026234590339
2025-06-28T08:23:46.410Z,1751099026410105709
2025-06-28T08:23:48.609Z,1751099028609636772
2025-06-28T08:23:48.753Z,1751099028753250796
2025-06-28T08:23:50.000Z,1751099030000012343
2025-06-28T08:23:51.740Z,1751099031740127054
2025-06-28T08:23:51.826Z,1751099031826318969
2025-06-28T08:23:55.322Z,1751099035322878644
2025-06-28T08:23:55.922Z,1751099035922639329
2025-06-28T08:23:55.959Z,1751099035959920799
2025-06-28T08:23:56.527Z,1751099036527133566
2025-06-28T08:23:56.534Z,1751099036534571491
2025-06-28T08:23:58.086Z,1751099038086365266
2025-06-28T08:23:58.623Z,1751099038623753504
2025-06-28T08:23:58.656Z,1751099038656131516
2025-06-28T08:23:58.807Z,1751099038807358355
2025-06-28T08:24:00.643Z,1751099040643786101
2025-06-28T08:24:01.921Z,1751099041921453824
2025-06-28T08:24:03.885Z,1751099043885797222
2025-06-28T08:24:05.954Z,1751099045954398504
2025-06-28T08:24:08.866Z,1751099048866984845
2025-06-28T08:24:10.336Z,1751099050336915212
2025-06-28T08:24:11.850Z,1751099051850695245
2025-06-28T08:24:14.441Z,1751099054441470555
2025-06-28T08:24:16.149Z,1751099056149320974
2025-06-28T08:24:17.758Z,1751099057758373750
2025-06-28T08:24:18.556Z,1751099058556248494
2025-06-28T08:24:19.501Z,1751099059501989512
2025-06-28T08:24:20.697Z,1751099060697461131
2025-06-28T08:24:22.840Z,1751099062840083967
2025-06-28T08:24:23.333Z,1751099063333981870
2025-06-28T08:24:24.937Z,1751099064937675898
2025-06-28T08:24:25.147Z,1751099065147163638
2025-06-28T08:24:25.486Z,1751099065486458133
2025-06-28T08:24:26.457Z,1751099066457555779
2025-06-28T08:24:27.057Z,1751099067057027093
2025-06-28T08:24:27.078Z,1751099067078920519
2025-06-28T08:24:27.593Z,1751099067593293627
2025-06-28T08:24:28.113Z,1751099068113793165
2025-06-28T08:24:29.979Z,1751099069979818549
2025-06-28T08:24:30.026Z,1751099070026966183
2025-06-28T08:24:32.527Z,1751099072527214367
2025-06-28T08:24:32.529Z,1751099072529425145
2025-06-28T08:24:34.201Z,1751099074201396820
2025-06-28T08:24:34.637Z,1751099074637444266
2025-06-28T08:24:39.755Z,1751099079755652571
2025-06-28T08:24:39.771Z,1751099079771839862
2025-06-28T08:24:40.065Z,1751099080065446176
2025-06-28T08:24:40.087Z,1751099080087679931
2025-06-28T08:24:40.240Z,1751099080240550880
2025-06-28T08:24:41.902Z,1751099081902188547
2025-06-28T08:24:43.559Z,1751099083559721150
2025-06-28T08:24:43.644Z,1751099083644732462
2025-06-28T08:24:45.062Z,1751099085062781677
2025-06-28T08:24:46.523Z,1751099086523835299
2025-06-28T08:24:46.703Z,1751099086703925854
2025-06-28T08:24:51.865Z,1751099091865676668
2025-06-28T08:24:52.450Z,1751099092450654355
2025-06-28T08:24:53.121Z,1751099093121012898
2025-06-28T08:24:54.069Z,1751099094069230099
2025-06-28T08:24:56.601Z,1751099096601758432
2025-06-28T08:24:56.770Z,1751099096770230827
2025-06-28T08:24:56.794Z,1751099096794602337
2025-06-28T08:24:57.540Z,1751099097540057074
2025-06-28T08:24:58.378Z,1751099098378138018
2025-06-28T08:25:00.004Z,1751099100004490432
2025-06-28T08:25:01.688Z,1751099101688271473
2025-06-28T08:25:03.094Z,1751099103094309008
2025-06-28T08:25:03.153Z,1751099103153933089
2025-06-28T08:25:03.691Z,1751099103691611172
2025-06-28T08:25:04.139Z,1751099104139754633
2025-06-28T08:25:04.548Z,1751099104548473632
2025-06-28T08:25:05.958Z,1751099105958831615
2025-06-28T08:25:06.195Z,1751099106195188813
2025-06-28T08:25:07.565Z,1751099107565676613
2025-06-28T08:25:07.941Z,1751099107941500399
2025-06-28T08:25:09.120Z,1751099109120920903
2025-06-28T08:25:09.180Z,1751099109180689302
2025-06-28T08:25:09.237Z,1751099109237828520
2025-06-28T08:25:09.493Z,1751099109493584629
2025-06-28T08:25:09.560Z,1751099109560621892
2025-06-28T08:25:10.081Z,1751099110081826096
2025-06-28T08:25:10.216Z,1751099110216475182
2025-06-28T08:25:10.383Z,1751099110383938567
2025-06-28T08:25:10.755Z,1751099110755229820
2025-06-28T08:25:11.642Z,1751099111642953064
2025-06-28T08:25:11.922Z,1751099111922638632
2025-06-28T08:25:12.344Z,1751099112344918799
2025-06-28T08:25:12.433Z,1751099112433513825
2025-06-28T08:25:12.466Z,1751099112466044697
2025-06-28T08:25:13.092Z,1751099113092524887
2025-06-28T08:25:13.417Z,1751099113417253131
2025-06-28T08:25:13.990Z,1751099113990129729
2025-06-28T08:25:16.793Z,1751099116793340448
2025-06-28T08:25:17.147Z,1751099117147884154
2025-06-28T08:25:17.219Z,1751099117219012541
2025-06-28T08:25:17.580Z,1751099117580409250
2025-06-28T08:25:18.184Z,1751099118184593381
2025-06-28T08:25:19.233Z,1751099119233039191
2025-06-28T08:25:19.652Z,1751099119652016812
2025-06-28T08:25:19.812Z,1751099119812139733
2025-06-28T08:25:23.573Z,1751099123573227640
2025-06-28T08:25:23.576Z,1751099123576114569
2025-06-28T08:25:24.021Z,1751099124021734894
2025-06-28T08:25:26.078Z,1751099126078167168
2025-06-28T08:25:27.742Z,1751099127742714116
2025-06-28T08:25:29.572Z,1751099129572237060
2025-06-28T08:25:32.836Z,1751099132836396077
2025-06-28T08:25:32.951Z,1751099132951764156
2025-06-28T08:25:34.734Z,1751099134734767702
2025-06-28T08:25:35.855Z,1751099135855533711
2025-06-28T08:25:37.713Z,1751099137713661740
2025-06-28T08:25:39.059Z,1751099139059390998
2025-06-28T08:25:39.154Z,1751099139154056169
2025-06-28T08:25:40.193Z,1751099140193641049
2025-06-28T08:25:41.668Z,1751099141668478170
2025-06-28T08:25:44.431Z,1751099144431165768
2025-06-28T08:25:50.991Z,1751099150991357851
2025-06-28T08:25:55.539Z,1751099155539026956
2025-06-28T08:25:58.366Z,1751099158366769058
2025-06-28T08:25:58.498Z,1751099158498463691
2025-06-28T08:25:59.036Z,1751099159036888045
2025-06-28T08:25:59.329Z,1751099159329483865
2025-06-28T08:25:59.890Z,1751099159890156574
2025-06-28T08:26:00.410Z,1751099160410927098
2025-06-28T08:26:01.271Z,1751099161271418480
2025-06-28T08:26:01.766Z,1751099161766753905
2025-06-28T08:26:02.242Z,1751099162242601467
2025-06-28T08:26:02.443Z,1751099162443834627
2025-06-28T08:26:02.455Z,1751099162455282054
2025-06-28T08:26:03.909Z,1751099163909824309
2025-06-28T08:26:04.450Z,1751099164450065684
2025-06-28T08:26:04.666Z,1751099164666372196
2025-06-28T08:26:04.868Z,1751099164868277217
2025-06-28T08:26:06.506Z,1751099166506516600
2025-06-28T08:26:08.086Z,1751099168086308907
2025-06-28T08:26:09.853Z,1751099169853406503
2025-06-28T08:26:10.240Z,1751099170240063932
2025-06-28T08:26:10.316Z,1751099170316774044
2025-06-28T08:26:11.637Z,1751099171637928723
2025-06-28T08:26:12.905Z,1751099172905521712
2025-06-28T08:26:16.452Z,1751099176452650199
2025-06-28T08:26:17.711Z,1751099177711449447
2025-06-28T08:26:20.717Z,1751099180717967316
2025-06-28T08:26:20.886Z,1751099180886004440
2025-06-28T08:26:21.605Z,1751099181605751106
2025-06-28T08:26:21.849Z,1751099181849558222
2025-06-28T08:26:24.107Z,1751099184107810043
2025-06-28T08:26:24.420Z,1751099184420452899
2025-06-28T08:26:27.947Z,1751099187947094308
2025-06-28T08:26:30.294Z,1751099190294539313
2025-06-28T08:26:31.023Z,1751099191023752265
2025-06-28T08:26:31.198Z,1751099191198289637
2025-06-28T08:26:33.903Z,1751099193903642725
2025-06-28T08:26:34.797Z,1751099194797341681
2025-06-28T08:26:36.169Z,1751099196169141998
2025-06-28T08:26:36.530Z,1751099196530304045
2025-06-28T08:26:37.662Z,1751099197662266876
2025-06-28T08:26:37.853Z,1751099197853799501
2025-06-28T08:26:38.420Z,1751099198420296517
2025-06-28T08:26:39.094Z,1751099199094604042
2025-06-28T08:26:40.581Z,1751099200581178871
2025-06-28T08:26:41.836Z,1751099201836455878
2025-06-28T08:26:41.904Z,1751099201904200125
2025-06-28T08:26:42.420Z,1751099202420397942
2025-06-28T08:26:43.324Z,1751099203324810774
2025-06-28T08:26:44.111Z,1751099204111015717
2025-06-28T08:26:44.444Z,1751099204444704627
2025-06-28T08:26:45.632Z,1751099205632435686
2025-06-28T08:26:45.983Z,1751099205983474907
2025-06-28T08:26:46.620Z,1751099206620309619
2025-06-28T08:26:47.297Z,1751099207297575563
2025-06-28T08:26:49.423Z,1751099209423141581
2025-06-28T08:26:50.593Z,1751099210593838429
2025-06-28T08:26:51.396Z,1751099211396327825
2025-06-28T08:26:51.631Z,1751099211631966844
2025-06-28T08:26:54.776Z,1751099214776335917
2025-06-28T08:26:56.129Z,1751099216129273557
2025-06-28T08:26:58.295Z,1751099218295194741
2025-06-28T08:26:58.671Z,1751099218671105233
2025-06-28T08:26:59.309Z,1751099219309444082
2025-06-28T08:27:02.432Z,1751099222432155895
2025-06-28T08:27:03.709Z,1751099223709192430
2025-06-28T08:27:04.159Z,1751099224159674677
2025-06-28T08:27:05.881Z,1751099225881886368
2025-06-28T08:27:05.974Z,1751099225974254928
2025-06-28T08:27:06.002Z,1751099226002842296
2025-06-28T08:27:10.722Z,1751099230722187230
2025-06-28T08:27:12.340Z,1751099232340050831
2025-06-28T08:27:14.728Z,1751099234728950047
2025-06-28T08:27:14.914Z,1751099234914567119
2025-06-28T08:27:16.080Z,1751099236080542755
2025-06-28T08:27:16.743Z,1751099236743213766
2025-06-28T08:27:16.993Z,1751099236993305894
2025-06-28T08:27:17.822Z,1751099237822424615
2025-06-28T08:27:19.050Z,1751099239050880319
2025-06-28T08:27:19.992Z,1751099239992658935
2025-06-28T08:27:21.995Z,1751099241995173099
2025-06-28T08:27:24.166Z,1751099244166471822
2025-06-28T08:27:24.623Z,1751099244623593406
2025-06-28T08:27:25.918Z,1751099245918960299
2025-06-28T08:27:26.581Z,1751099246581857097
2025-06-28T08:27:29.978Z,1751099249978635757
2025-06-28T08:27:30.085Z,1751099250085036710
2025-06-28T08:27:30.410Z,1751099250410519107
2025-06-28T08:27:31.595Z,1751099251595394526
2025-06-28T08:27:32.050Z,1751099252050891984
2025-06-28T08:27:32.095Z,1751099252095855327
2025-06-28T08:27:33.083Z,1751099253083675136
2025-06-28T08:27:35.591Z,1751099255591074419
2025-06-28T08:27:39.215Z,1751099259215560166
2025-06-28T08:27:42.042Z,1751099262042795139
2025-06-28T08:27:42.865Z,1751099262865561375
2025-06-28T08:27:43.579Z,1751099263579845904
2025-06-28T08:27:43.719Z,1751099263719348982
2025-06-28T08:27:43.871Z,1751099263871158703
2025-06-28T08:27:45.419Z,1751099265419947555
2025-06-28T08:27:47.516Z,1751099267516879009
2025-06-28T08:27:47.678Z,1751099267678313364
2025-06-28T08:27:50.043Z,1751099270043571744
2025-06-28T08:27:52.522Z,1751099272522993069
2025-06-28T08:27:53.016Z,1751099273016763778
2025-06-28T08:27:53.366Z,1751099273366488030
2025-06-28T08:27:57.494Z,1751099277494763220
2025-06-28T08:27:57.504Z,1751099277504741738
2025-06-28T08:27:58.807Z,1751099278807153634
2025-06-28T08:27:59.542Z,1751099279542280353
2025-06-28T08:28:00.776Z,1751099280776054830
2025-06-28T08:28:03.094Z,1751099283094275184
2025-06-28T08:28:06.043Z,1751099286043679664
2025-06-28T08:28:06.640Z,1751099286640656405
2025-06-28T08:28:08.021Z,1751099288021394164
2025-06-28T08:28:10.057Z,1751099290057444440
2025-06-28T08:28:10.807Z,1751099290807950675
2025-06-28T08:28:11.235Z,1751099291235073560
2025-06-28T08:28:14.428Z,1751099294428531450
2025-06-28T08:28:14.913Z,1751099294913712744
2025-06-28T08:28:16.853Z,1751099296853279813
2025-06-28T08:28:17.690Z,1751099297690179594
2025-06-28T08:28:21.344Z,1751099301344506157
2025-06-28T08:28:22.982Z,1751099302982417864
2025-06-28T08:28:25.478Z,1751099305478097396
2025-06-28T08:28:25.807Z,1751099305807794199
2025-06-28T08:28:26.139Z,1751099306139589142
2025-06-28T08:28:28.712Z,1751099308712047603
2025-06-28T08:28:28.712Z,1751099308712493332
2025-06-28T08:28:29.141Z,1751099309141189284
2025-06-28T08:28:30.905Z,1751099310905322737
2025-06-28T08:28:31.914Z,1751099311914160124
2025-06-28T08:28:32.406Z,1751099312406541004
2025-06-28T08:28:32.808Z,1751099312808005600
2025-06-28T08:28:34.130Z,1751099314130793041
2025-06-28T08:28:34.278Z,1751099314278239800
2025-06-28T08:28:35.721Z,1751099315721543910
2025-06-28T08:28:37.009Z,1751099317009789623
2025-06-28T08:28:37.246Z,1751099317246876709
2025-06-28T08:28:39.235Z,1751099319235917304
2025-06-28T08:28:41.069Z,1751099321069977461
2025-06-28T08:28:43.206Z,1751099323206586596
2025-06-28T08:28:46.310Z,1751099326310727572
2025-06-28T08:28:52.207Z,1751099332207485355
2025-06-28T08:28:55.489Z,1751099335489268435
2025-06-28T08:28:55.817Z,1751099335817661738
2025-06-28T08:28:59.409Z,1751099339409814206
2025-06-28T08:29:01.229Z,1751099341229801521
2025-06-28T08:29:03.991Z,1751099343991846117
2025-06-28T08:29:04.995Z,1751099344995251280
2025-06-28T08:29:05.599Z,1751099345599687099
2025-06-28T08:29:07.242Z,1751099347242581270
2025-06-28T08:29:08.249Z,1751099348249998848
2025-06-28T08:29:10.359Z,1751099350359812654
2025-06-28T08:29:10.900Z,1751099350900857478
2025-06-28T08:29:11.067Z,1751099351067680187
2025-06-28T08:29:11.663Z,1751099351663336570
2025-06-28T08:29:11.804Z,1751099351804496850
2025-06-28T08:29:12.150Z,1751099352150368518
2025-06-28T08:29:13.200Z,1751099353200716427
2025-06-28T08:29:13.240Z,1751099353240254542
2025-06-28T08:29:13.616Z,1751099353616168814
2025-06-28T08:29:15.211Z,1751099355211959290
2025-06-28T08:29:17.854Z,1751099357854740634
2025-06-28T08:29:20.642Z,1751099360642584188
2025-06-28T08:29:21.932Z,1751099361932748572
2025-06-28T08:29:22.086Z,1751099362086514394
2025-06-28T08:29:22.526Z,1751099362526454722
2025-06-28T08:29:22.904Z,1751099362904337923
2025-06-28T08:29:24.231Z,1751099364231022383
2025-06-28T08:29:25.548Z,1751099365548500491
2025-06-28T08:29:30.240Z,1751099370240898313
2025-06-28T08:29:31.432Z,1751099371432499279
2025-06-28T08:29:31.845Z,1751099371845817503
2025-06-28T08:29:32.022Z,1751099372022099289
2025-06-28T08:29:32.278Z,1751099372278273588
2025-06-28T08:29:34.423Z,1751099374423443429
2025-06-28T08:29:35.264Z,1751099375264117869
2025-06-28T08:29:35.644Z,1751099375644872892
2025-06-28T08:29:35.648Z,1751099375648975582
2025-06-28T08:29:37.002Z,1751099377002092167
2025-06-28T08:29:40.522Z,1751099380522514127
2025-06-28T08:29:41.352Z,1751099381352171110
2025-06-28T08:29:42.929Z,1751099382929547385
2025-06-28T08:29:42.965Z,1751099382965848746
2025-06-28T08:29:43.284Z,1751099383284459438
2025-06-28T08:29:43.518Z,1751099383518611842
2025-06-28T08:29:45.022Z,1751099385022968619
2025-06-28T08:29:47.492Z,1751099387492209065
2025-06-28T08:29:48.659Z,1751099388659262942
2025-06-28T08:29:48.942Z,1751099388942461406
2025-06-28T08:29:49.296Z,1751099389296757447
2025-06-28T08:29:50.720Z,1751099390720687942
2025-06-28T08:29:52.958Z,1751099392958045878
2025-06-28T08:29:55.113Z,1751099395113236784
2025-06-28T08:29:55.416Z,1751099395416040274
2025-06-28T08:29:59.988Z,1751099399988485826
2025-06-28T08:30:00.560Z,1751099400560231568
2025-06-28T08:30:00.949Z,1751099400949547869
2025-06-28T08:30:02.464Z,1751099402464746272
2025-06-28T08:30:02.924Z,1751099402924288403
2025-06-28T08:30:04.078Z,1751099404078149196
2025-06-28T08:30:04.083Z,1751099404083622512
2025-06-28T08:30:04.882Z,1751099404882364978
2025-06-28T08:30:06.685Z,1751099406685787128
2025-06-28T08:30:07.361Z,1751099407361677078
2025-06-28T08:30:14.193Z,1751099414193572907
2025-06-28T08:30:14.755Z,1751099414755313538
2025-06-28T08:30:15.123Z,1751099415123323281
2025-06-28T08:30:17.384Z,1751099417384975110
2025-06-28T08:30:18.349Z,1751099418349016060
2025-06-28T08:30:18.593Z,1751099418593977487
2025-06-28T08:30:18.700Z,1751099418700450196
2025-06-28T08:30:18.904Z,1751099418904973742
2025-06-28T08:30:19.417Z,1751099419417165847
2025-06-28T08:30:19.922Z,1751099419922145928
2025-06-28T08:30:20.467Z,1751099420467350657
2025-06-28T08:30:20.938Z,1751099420938611997
2025-06-28T08:30:22.765Z,1751099422765525044
2025-06-28T08:30:23.558Z,1751099423558676814
2025-06-28T08:30:23.560Z,1751099423560637603
2025-06-28T08:30:23.805Z,1751099423805867663
2025-06-28T08:30:23.828Z,1751099423828809914
2025-06-28T08:30:25.346Z,1751099425346427426
2025-06-28T08:30:28.216Z,1751099428216559371
2025-06-28T08:30:28.488Z,1751099428488749294
2025-06-28T08:30:28.530Z,1751099428530938939
2025-06-28T08:30:29.431Z,1751099429431288433
2025-06-28T08:30:31.432Z,1751099431432893420
2025-06-28T08:30:31.840Z,1751099431840359355
2025-06-28T08:30:32.338Z,1751099432338352802
2025-06-28T08:30:32.355Z,1751099432355212918
2025-06-28T08:30:32.798Z,1751099432798213870
2025-06-28T08:30:35.474Z,1751099435474451155
2025-06-28T08:30:36.708Z,1751099436708534504
2025-06-28T08:30:38.069Z,1751099438069061040
2025-06-28T08:30:39.966Z,1751099439966009664
2025-06-28T08:30:42.087Z,1751099442087307802
2025-06-28T08:30:42.125Z,1751099442125678577
2025-06-28T08:30:43.681Z,1751099443681427708
2025-06-28T08:30:44.709Z,1751099444709968906
2025-06-28T08:30:45.342Z,1751099445342194675
2025-06-28T08:30:45.506Z,1751099445506528333
2025-06-28T08:30:48.131Z,1751099448131063172
2025-06-28T08:30:49.444Z,1751099449444958047
2025-06-28T08:30:51.465Z,1751099451465362756
2025-06-28T08:30:52.147Z,1751099452147785114
2025-06-28T08:30:52.524Z,1751099452524139048
2025-06-28T08:30:52.531Z,1751099452531610480
2025-06-28T08:30:57.665Z,1751099457665339507
2025-06-28T08:30:59.029Z,1751099459029002192
2025-06-28T08:30:59.841Z,1751099459841788990
2025-06-28T08:31:01.029Z,1751099461029126538
2025-06-28T08:31:01.511Z,1751099461511997938
2025-06-28T08:31:02.073Z,1751099462073652849
2025-06-28T08:31:03.567Z,1751099463567393837
2025-06-28T08:31:04.084Z,1751099464084997125
2025-06-28T08:31:04.210Z,1751099464210512332
2025-06-28T08:31:04.447Z,1751099464447113244
2025-06-28T08:31:05.094Z,1751099465094155212
2025-06-28T08:31:06.848Z,1751099466848911071
2025-06-28T08:31:08.416Z,1751099468416189300
2025-06-28T08:31:08.685Z,1751099468685260816
2025-06-28T08:31:09.588Z,1751099469588182873
2025-06-28T08:31:09.916Z,1751099469916375959
2025-06-28T08:31:10.090Z,1751099470090465106
2025-06-28T08:31:10.789Z,1751099470789877333
2025-06-28T08:31:12.631Z,1751099472631639371
2025-06-28T08:31:13.454Z,1751099473454130718
2025-06-28T08:31:15.190Z,1751099475190416422
2025-06-28T08:31:16.525Z,1751099476525878073
2025-06-28T08:31:18.500Z,1751099478500899534
2025-06-28T08:31:20.253Z,1751099480253090690
2025-06-28T08:31:20.576Z,1751099480576348687
2025-06-28T08:31:21.698Z,1751099481698077507
2025-06-28T08:31:21.841Z,1751099481841196520
2025-06-28T08:31:22.938Z,1751099482938314907
2025-06-28T08:31:25.718Z,1751099485718707129
2025-06-28T08:31:28.777Z,1751099488777848425
2025-06-28T08:31:28.880Z,1751099488880183273
2025-06-28T08:31:32.283Z,1751099492283809515
2025-06-28T08:31:32.332Z,1751099492332652367
2025-06-28T08:31:32.434Z,1751099492434970677
2025-06-28T08:31:34.178Z,1751099494178750671
2025-06-28T08:31:35.412Z,1751099495412150283
2025-06-28T08:31:36.635Z,1751099496635722960
2025-06-28T08:31:36.798Z,1751099496798168728
2025-06-28T08:31:38.076Z,1751099498076960621
2025-06-28T08:31:38.536Z,1751099498536995906
2025-06-28T08:31:39.156Z,1751099499156899693
2025-06-28T08:31:40.156Z,1751099500156923571
2025-06-28T08:31:40.696Z,1751099500696909516
2025-06-28T08:31:40.868Z,1751099500868259669
2025-06-28T08:31:43.200Z,1751099503200588857
2025-06-28T08:31:43.598Z,1751099503598157841
2025-06-28T08:31:44.039Z,1751099504039513031
2025-06-28T08:31:45.220Z,1751099505220258877
2025-06-28T08:31:46.194Z,1751099506194587443
2025-06-28T08:31:47.881Z,1751099507881467262
2025-06-28T08:31:48.047Z,1751099508047757903
2025-06-28T08:31:48.268Z,1751099508268556109
2025-06-28T08:31:53.195Z,1751099513195524312
2025-06-28T08:31:54.944Z,1751099514944653500
2025-06-28T08:31:55.796Z,1751099515796464534
2025-06-28T08:31:56.749Z,1751099516749192756
2025-06-28T08:31:58.116Z,1751099518116074150
2025-06-28T08:31:58.661Z,1751099518661628737
2025-06-28T08:31:59.646Z,1751099519646501120
2025-06-28T08:32:01.045Z,1751099521045529750
2025-06-28T08:32:01.669Z,1751099521669910934
2025-06-28T08:32:02.557Z,1751099522557495523
2025-06-28T08:32:03.865Z,1751099523865452189
2025-06-28T08:32:04.185Z,1751099524185939732
2025-06-28T08:32:05.820Z,1751099525820221173
2025-06-28T08:32:09.525Z,1751099529525287871
2025-06-28T08:32:10.162Z,1751099530162069304
2025-06-28T08:32:13.105Z,1751099533105735249
2025-06-28T08:32:13.894Z,1751099533894351219
2025-06-28T08:32:14.234Z,1751099534234384970
2025-06-28T08:32:14.875Z,1751099534875150871
2025-06-28T08:32:15.222Z,1751099535222248792
2025-06-28T08:32:16.075Z,1751099536075411556
2025-06-28T08:32:17.558Z,1751099537558666290
2025-06-28T08:32:19.507Z,1751099539507629199
2025-06-28T08:32:20.655Z,1751099540655034434
2025-06-28T08:32:21.638Z,1751099541638166484
2025-06-28T08:32:21.761Z,1751099541761258456
2025-06-28T08:32:21.888Z,1751099541888607489
2025-06-28T08:32:22.703Z,1751099542703290926
2025-06-28T08:32:23.534Z,1751099543534897936
2025-06-28T08:32:23.560Z,1751099543560785896
2025-06-28T08:32:24.053Z,1751099544053260936
2025-06-28T08:32:24.827Z,1751099544827631095
2025-06-28T08:32:24.916Z,1751099544916349641
2025-06-28T08:32:25.826Z,1751099545826958803
2025-06-28T08:32:28.349Z,1751099548349327265
2025-06-28T08:32:29.136Z,1751099549136250327
2025-06-28T08:32:29.239Z,1751099549239264879
2025-06-28T08:32:29.591Z,1751099549591023873
2025-06-28T08:32:29.746Z,1751099549746423813
2025-06-28T08:32:30.046Z,1751099550046514755
2025-06-28T08:32:30.064Z,1751099550064011033
2025-06-28T08:32:31.070Z,1751099551070015591
2025-06-28T08:32:32.329Z,1751099552329451955
2025-06-28T08:32:33.370Z,1751099553370460171
2025-06-28T08:32:34.144Z,1751099554144314543
2025-06-28T08:32:35.740Z,1751099555740542798
2025-06-28T08:32:36.483Z,1751099556483377678
2025-06-28T08:32:37.694Z,1751099557694428953
2025-06-28T08:32:41.576Z,1751099561576321025
2025-06-28T08:32:41.768Z,1751099561768083199
2025-06-28T08:32:43.599Z,1751099563599474893
2025-06-28T08:32:43.900Z,1751099563900833738
2025-06-28T08:32:47.348Z,1751099567348503772
2025-06-28T08:32:47.443Z,1751099567443562708
2025-06-28T08:32:49.610Z,1751099569610725114
2025-06-28T08:32:51.483Z,1751099571483354863
2025-06-28T08:32:53.387Z,1751099573387742093
2025-06-28T08:32:56.274Z,1751099576274311942
2025-06-28T08:32:57.085Z,1751099577085730708
2025-06-28T08:32:57.405Z,1751099577405091459
2025-06-28T08:32:57.862Z,1751099577862828053
2025-06-28T08:32:58.103Z,1751099578103939765
2025-06-28T08:32:58.195Z,1751099578195453902
2025-06-28T08:32:58.229Z,1751099578229293267
2025-06-28T08:32:58.288Z,1751099578288626231
2025-06-28T08:32:59.095Z,1751099579095454485
2025-06-28T08:32:59.984Z,1751099579984697000
2025-06-28T08:33:02.631Z,1751099582631566184
2025-06-28T08:33:03.002Z,1751099583002973260
2025-06-28T08:33:03.369Z,1751099583369117394
2025-06-28T08:33:03.421Z,1751099583421456907
2025-06-28T08:33:05.083Z,1751099585083547383
2025-06-28T08:33:05.590Z,1751099585590354713
2025-06-28T08:33:07.132Z,1751099587132339888
2025-06-28T08:33:07.890Z,1751099587890640172
2025-06-28T08:33:08.667Z,1751099588667827611
2025-06-28T08:33:08.959Z,1751099588959184561
2025-06-28T08:33:12.948Z,1751099592948157193
2025-06-28T08:33:14.086Z,1751099594086156290
2025-06-28T08:33:14.931Z,1751099594931736346
2025-06-28T08:33:16.999Z,1751099596999225173
2025-06-28T08:33:17.871Z,1751099597871438197
2025-06-28T08:33:18.182Z,1751099598182491579
2025-06-28T08:33:19.092Z,1751099599092752994
2025-06-28T08:33:19.409Z,1751099599409078503
2025-06-28T08:33:20.113Z,1751099600113048744
2025-06-28T08:33:21.597Z,1751099601597000546
2025-06-28T08:33:22.551Z,1751099602551626675
2025-06-28T08:33:25.567Z,1751099605567803291
2025-06-28T08:33:26.035Z,1751099606035818730
2025-06-28T08:33:27.529Z,1751099607529585307
2025-06-28T08:33:27.597Z,1751099607597719792
2025-06-28T08:33:27.684Z,1751099607684139395
2025-06-28T08:33:28.576Z,1751099608576814871
2025-06-28T08:33:29.963Z,1751099609963861118
2025-06-28T08:33:31.261Z,1751099611261722890
2025-06-28T08:33:32.100Z,1751099612100968730
2025-06-28T08:33:33.826Z,1751099613826553934
2025-06-28T08:33:34.129Z,1751099614129881673
2025-06-28T08:33:34.326Z,1751099614326741962
2025-06-28T08:33:34.922Z,1751099614922368363
2025-06-28T08:33:38.620Z,1751099618620479229
2025-06-28T08:33:38.943Z,1751099618943550463
2025-06-28T08:33:39.914Z,1751099619914515436
2025-06-28T08:33:40.273Z,1751099620273881576
2025-06-28T08:33:40.736Z,1751099620736948728
2025-06-28T08:33:41.247Z,1751099621247576922
2025-06-28T08:33:43.076Z,1751099623076328316
2025-06-28T08:33:44.336Z,1751099624336430633
2025-06-28T08:33:44.779Z,1751099624779849835
2025-06-28T08:33:46.271Z,1751099626271858198
2025-06-28T08:33:46.572Z,1751099626572985439
2025-06-28T08:33:49.011Z,1751099629011717075
2025-06-28T08:33:49.149Z,1751099629149683383
2025-06-28T08:33:50.703Z,1751099630703880784
2025-06-28T08:33:51.903Z,1751099631903092706
2025-06-28T08:33:52.856Z,1751099632856134432
2025-06-28T08:33:53.852Z,1751099633852751661
2025-06-28T08:33:55.864Z,1751099635864890667
2025-06-28T08:33:56.243Z,1751099636243487784
2025-06-28T08:33:57.195Z,1751099637195174534
2025-06-28T08:33:57.216Z,1751099637216990492
2025-06-28T08:33:58.173Z,1751099638173978291
2025-06-28T08:33:58.959Z,1751099638959702654
2025-06-28T08:34:01.667Z,1751099641667000794
2025-06-28T08:34:01.752Z,1751099641752364021
2025-06-28T08:34:05.767Z,1751099645767532092
2025-06-28T08:34:06.220Z,1751099646220616248
2025-06-28T08:34:06.958Z,1751099646958400016
2025-06-28T08:34:07.571Z,1751099647571281981
2025-06-28T08:34:07.977Z,1751099647977816902
2025-06-28T08:34:08.023Z,1751099648023937793
2025-06-28T08:34:14.535Z,1751099654535388919
2025-06-28T08:34:15.153Z,1751099655153053585
2025-06-28T08:34:16.294Z,1751099656294425436
2025-06-28T08:34:16.325Z,1751099656325392059
2025-06-28T08:34:19.199Z,1751099659199516785
2025-06-28T08:34:20.281Z,1751099660281917486
2025-06-28T08:34:23.286Z,1751099663286937749
2025-06-28T08:34:24.107Z,1751099664107139200
2025-06-28T08:34:26.310Z,1751099666310805324
2025-06-28T08:34:26.457Z,1751099666457170108
2025-06-28T08:34:26.466Z,1751099666466700800
2025-06-28T08:34:28.033Z,1751099668033572112
2025-06-28T08:34:28.059Z,1751099668059273045
2025-06-28T08:34:28.311Z,1751099668311408576
2025-06-28T08:34:29.117Z,1751099669117436493
2025-06-28T08:34:31.339Z,1751099671339504571
2025-06-28T08:34:32.475Z,1751099672475766460
2025-06-28T08:34:32.760Z,1751099672760161529
2025-06-28T08:34:34.136Z,1751099674136799921
2025-06-28T08:34:34.217Z,1751099674217109677
2025-06-28T08:34:34.469Z,1751099674469463084
2025-06-28T08:34:38.912Z,1751099678912829801
2025-06-28T08:34:39.202Z,1751099679202395293
2025-06-28T08:34:40.898Z,1751099680898330650
2025-06-28T08:34:42.145Z,1751099682145867088
2025-06-28T08:34:43.754Z,1751099683754765915
2025-06-28T08:34:45.399Z,1751099685399166148
2025-06-28T08:34:45.527Z,1751099685527885892
2025-06-28T08:34:46.679Z,1751099686679969235
2025-06-28T08:34:48.507Z,1751099688507500119
2025-06-28T08:34:50.916Z,1751099690916881450
2025-06-28T08:34:51.528Z,1751099691528580476
2025-06-28T08:34:51.727Z,1751099691727653037
2025-06-28T08:34:52.849Z,1751099692849998855
2025-06-28T08:34:55.194Z,1751099695194982130
2025-06-28T08:34:55.349Z,1751099695349936049
2025-06-28T08:34:56.566Z,1751099696566541739
2025-06-28T08:34:56.629Z,1751099696629430919
2025-06-28T08:34:57.073Z,1751099697073116250
2025-06-28T08:34:57.137Z,1751099697137923435
2025-06-28T08:34:57.455Z,1751099697455237893
2025-06-28T08:34:58.110Z,1751099698110296845
2025-06-28T08:34:58.767Z,1751099698767048744
2025-06-28T08:35:00.941Z,1751099700941605112
2025-06-28T08:35:01.418Z,1751099701418963459
2025-06-28T08:35:02.763Z,1751099702763065098
2025-06-28T08:35:03.131Z,1751099703131964899
2025-06-28T08:35:06.388Z,1751099706388536565
2025-06-28T08:35:06.792Z,1751099706792513787
2025-06-28T08:35:08.788Z,1751099708788840208
2025-06-28T08:35:10.649Z,1751099710649331034
2025-06-28T08:35:11.943Z,1751099711943245947
2025-06-28T08:35:11.985Z,1751099711985888313
2025-06-28T08:35:12.654Z,1751099712654065259
2025-06-28T08:35:16.253Z,1751099716253684808
2025-06-28T08:35:16.815Z,1751099716815548716
2025-06-28T08:35:20.035Z,1751099720035049930
2025-06-28T08:35:22.925Z,1751099722925580297
2025-06-28T08:35:23.872Z,1751099723872641322
2025-06-28T08:35:24.443Z,1751099724443894742
2025-06-28T08:35:26.916Z,1751099726916722322
2025-06-28T08:35:28.537Z,1751099728537715462
2025-06-28T08:35:29.833Z,1751099729833052927
2025-06-28T08:35:29.915Z,1751099729915585845
2025-06-28T08:35:30.267Z,1751099730267244311
2025-06-28T08:35:30.941Z,1751099730941364584
2025-06-28T08:35:32.968Z,1751099732968156862
2025-06-28T08:35:33.082Z,1751099733082101814
2025-06-28T08:35:35.501Z,1751099735501387448
2025-06-28T08:35:35.942Z,1751099735942668336
2025-06-28T08:35:37.036Z,1751099737036313232
2025-06-28T08:35:39.939Z,1751099739939832247
2025-06-28T08:35:43.015Z,1751099743015820881
2025-06-28T08:35:43.719Z,1751099743719225962
2025-06-28T08:35:43.885Z,1751099743885793690
2025-06-28T08:35:43.911Z,1751099743911019215
2025-06-28T08:35:45.913Z,1751099745913233349
2025-06-28T08:35:45.981Z,1751099745981673118
2025-06-28T08:35:54.498Z,1751099754498270535
2025-06-28T08:35:56.958Z,1751099756958073562
2025-06-28T08:35:59.677Z,1751099759677398256
2025-06-28T08:36:02.840Z,1751099762840100773
2025-06-28T08:36:02.875Z,1751099762875645202
2025-06-28T08:36:02.986Z,1751099762986677205
2025-06-28T08:36:04.038Z,1751099764038006263
2025-06-28T08:36:07.470Z,1751099767470030884
2025-06-28T08:36:09.327Z,1751099769327374685
2025-06-28T08:36:13.331Z,1751099773331108874
2025-06-28T08:36:13.661Z,1751099773661549027
2025-06-28T08:36:16.633Z,1751099776633857562
2025-06-28T08:36:17.929Z,1751099777929030154
2025-06-28T08:36:19.338Z,1751099779338808857
2025-06-28T08:36:20.411Z,1751099780411196997
2025-06-28T08:36:22.159Z,1751099782159315407
2025-06-28T08:36:23.681Z,1751099783681565012
2025-06-28T08:36:24.524Z,1751099784524734987
2025-06-28T08:36:26.486Z,1751099786486481816
2025-06-28T08:36:31.714Z,1751099791714612716
2025-06-28T08:36:32.358Z,1751099792358074400
2025-06-28T08:36:35.369Z,1751099795369762948
2025-06-28T08:36:36.155Z,1751099796155346946
2025-06-28T08:36:36.801Z,1751099796801246147
2025-06-28T08:36:37.372Z,1751099797372261090
2025-06-28T08:36:39.864Z,1751099799864781142
2025-06-28T08:36:40.171Z,1751099800171612624
2025-06-28T08:36:40.368Z,1751099800368505253
2025-06-28T08:36:41.430Z,1751099801430054031
2025-06-28T08:36:43.402Z,1751099803402900235
2025-06-28T08:36:44.950Z,1751099804950885524
2025-06-28T08:36:46.053Z,1751099806053266166
2025-06-28T08:36:46.157Z,1751099806157435260
2025-06-28T08:36:47.437Z,1751099807437914186
2025-06-28T08:36:47.581Z,1751099807581601219
2025-06-28T08:36:49.404Z,1751099809404476679
2025-06-28T08:36:49.572Z,1751099809572502442
2025-06-28T08:36:50.238Z,1751099810238434027
2025-06-28T08:36:51.625Z,1751099811625183945
2025-06-28T08:36:51.919Z,1751099811919201814
2025-06-28T08:36:52.100Z,1751099812100544281
2025-06-28T08:36:55.510Z,1751099815510649542
2025-06-28T08:36:56.042Z,1751099816042497067
2025-06-28T08:36:59.265Z,1751099819265737020
2025-06-28T08:37:00.253Z,1751099820253044153
2025-06-28T08:37:02.040Z,1751099822040945464
2025-06-28T08:37:02.166Z,1751099822166581349
2025-06-28T08:37:02.521Z,1751099822521857235
2025-06-28T08:37:03.181Z,1751099823181689575
2025-06-28T08:37:03.330Z,1751099823330335877
2025-06-28T08:37:03.590Z,1751099823590599323
2025-06-28T08:37:04.885Z,1751099824885776964
2025-06-28T08:37:06.011Z,1751099826011314557
2025-06-28T08:37:06.698Z,1751099826698524736
2025-06-28T08:37:07.934Z,1751099827934043873
2025-06-28T08:37:08.090Z,1751099828090168577
2025-06-28T08:37:08.634Z,1751099828634361184
2025-06-28T08:37:08.985Z,1751099828985044220
2025-06-28T08:37:09.888Z,1751099829888247049
2025-06-28T08:37:13.242Z,1751099833242883942
2025-06-28T08:37:13.449Z,1751099833449790100
2025-06-28T08:37:15.356Z,1751099835356999455
2025-06-28T08:37:17.492Z,1751099837492348943
2025-06-28T08:37:17.991Z,1751099837991740119
2025-06-28T08:37:18.194Z,1751099838194957297
2025-06-28T08:37:18.495Z,1751099838495693499
2025-06-28T08:37:18.567Z,1751099838567521983
2025-06-28T08:37:18.958Z,1751099838958499750
2025-06-28T08:37:19.335Z,1751099839335397676
2025-06-28T08:37:19.621Z,1751099839621342452
2025-06-28T08:37:19.796Z,1751099839796415888
2025-06-28T08:37:21.003Z,1751099841003232131
2025-06-28T08:37:21.616Z,1751099841616793684
2025-06-28T08:37:21.632Z,1751099841632560429
2025-06-28T08:37:23.195Z,1751099843195915713
2025-06-28T08:37:23.975Z,1751099843975204889
2025-06-28T08:37:24.041Z,1751099844041658079
2025-06-28T08:37:25.057Z,1751099845057023851
2025-06-28T08:37:25.591Z,1751099845591275300
2025-06-28T08:37:27.417Z,1751099847417735322
2025-06-28T08:37:28.478Z,1751099848478993462
2025-06-28T08:37:29.020Z,1751099849020978861
2025-06-28T08:37:29.807Z,1751099849807712658
2025-06-28T08:37:32.302Z,1751099852302417202
2025-06-28T08:37:33.311Z,1751099853311631732
2025-06-28T08:37:34.535Z,1751099854535979493
2025-06-28T08:37:35.370Z,1751099855370397509
2025-06-28T08:37:36.482Z,1751099856482450377
2025-06-28T08:37:36.687Z,1751099856687772042
2025-06-28T08:37:36.739Z,1751099856739921010
2025-06-28T08:37:37.370Z,1751099857370091084
2025-06-28T08:37:38.672Z,1751099858672454427
2025-06-28T08:37:39.914Z,1751099859914212030
2025-06-28T08:37:45.708Z,1751099865708264350
2025-06-28T08:37:46.258Z,1751099866258072234
2025-06-28T08:37:47.386Z,1751099867386841170
2025-06-28T08:37:47.785Z,1751099867785545353
2025-06-28T08:37:47.819Z,1751099867819145320
2025-06-28T08:37:49.276Z,1751099869276610172
2025-06-28T08:37:51.099Z,1751099871099266177
2025-06-28T08:37:51.585Z,1751099871585599341
2025-06-28T08:37:51.787Z,1751099871787512325
2025-06-28T08:37:52.563Z,1751099872563131761
2025-06-28T08:37:54.557Z,1751099874557630934
2025-06-28T08:37:56.510Z,1751099876510385793
2025-06-28T08:38:00.842Z,1751099880842854968
2025-06-28T08:38:01.511Z,1751099881511958473
2025-06-28T08:38:03.945Z,1751099883945404430
2025-06-28T08:38:04.146Z,1751099884146406909
2025-06-28T08:38:07.326Z,1751099887326246536
2025-06-28T08:38:07.612Z,1751099887612269442
2025-06-28T08:38:07.757Z,1751099887757445940
2025-06-28T08:38:10.187Z,1751099890187976570
2025-06-28T08:38:10.430Z,1751099890430464185
2025-06-28T08:38:10.871Z,1751099890871218115
2025-06-28T08:38:11.605Z,1751099891605464359
2025-06-28T08:38:12.494Z,1751099892494584564
2025-06-28T08:38:15.693Z,1751099895693331149
2025-06-28T08:38:18.726Z,1751099898726557987
2025-06-28T08:38:19.057Z,1751099899057583037
2025-06-28T08:38:19.990Z,1751099899990555195
2025-06-28T08:38:22.579Z,1751099902579933468
2025-06-28T08:38:27.844Z,1751099907844829777
2025-06-28T08:38:28.908Z,1751099908908731395
2025-06-28T08:38:29.510Z,1751099909510978770
2025-06-28T08:38:31.018Z,1751099911018010907
2025-06-28T08:38:32.384Z,1751099912384853555
2025-06-28T08:38:32.391Z,1751099912391942609
2025-06-28T08:38:32.541Z,1751099912541571323
2025-06-28T08:38:32.774Z,1751099912774036952
2025-06-28T08:38:34.189Z,1751099914189568236
2025-06-28T08:38:35.260Z,1751099915260684395
2025-06-28T08:38:37.125Z,1751099917125642791
2025-06-28T08:38:37.126Z,1751099917126062681
2025-06-28T08:38:37.343Z,1751099917343699513
2025-06-28T08:38:37.921Z,1751099917921017590
2025-06-28T08:38:39.267Z,1751099919267090116
2025-06-28T08:38:39.780Z,1751099919780567112
2025-06-28T08:38:41.352Z,1751099921352717590
2025-06-28T08:38:44.047Z,1751099924047207393
2025-06-28T08:38:46.886Z,1751099926886423454
2025-06-28T08:38:47.986Z,1751099927986183627
2025-06-28T08:38:48.051Z,1751099928051031957
2025-06-28T08:38:48.579Z,1751099928579965860
2025-06-28T08:38:49.793Z,1751099929793961473
2025-06-28T08:38:49.995Z,1751099929995082182
2025-06-28T08:38:50.199Z,1751099930199407615
2025-06-28T08:38:50.861Z,1751099930861681447
2025-06-28T08:38:51.064Z,1751099931064900624
2025-06-28T08:38:53.399Z,1751099933399162329
2025-06-28T08:38:55.998Z,1751099935998770643
2025-06-28T08:38:59.378Z,1751099939378307433
2025-06-28T08:38:59.829Z,1751099939829804065
2025-06-28T08:39:03.868Z,1751099943868806114
2025-06-28T08:39:04.680Z,1751099944680000335
2025-06-28T08:39:06.350Z,1751099946350626596
2025-06-28T08:39:07.411Z,1751099947411882618
2025-06-28T08:39:07.530Z,1751099947530321547
2025-06-28T08:39:07.765Z,1751099947765962275
2025-06-28T08:39:07.914Z,1751099947914737019
2025-06-28T08:39:12.101Z,1751099952101479471
2025-06-28T08:39:12.701Z,1751099952701043248
2025-06-28T08:39:16.195Z,1751099956195597688
2025-06-28T08:39:17.361Z,1751099957361860520
2025-06-28T08:39:19.799Z,1751099959799131825
2025-06-28T08:39:21.180Z,1751099961180930008
2025-06-28T08:39:21.769Z,1751099961769621593
2025-06-28T08:39:22.029Z,1751099962029787382
2025-06-28T08:39:23.976Z,1751099963976386368
2025-06-28T08:39:24.099Z,1751099964099704925
2025-06-28T08:39:24.245Z,1751099964245895303
2025-06-28T08:39:26.345Z,1751099966345323928
2025-06-28T08:39:27.213Z,1751099967213678902
2025-06-28T08:39:27.253Z,1751099967253505781
2025-06-28T08:39:28.612Z,1751099968612505442
2025-06-28T08:39:28.612Z,1751099968612660827
2025-06-28T08:39:30.344Z,1751099970344354320
2025-06-28T08:39:32.478Z,1751099972478508005
2025-06-28T08:39:33.591Z,1751099973591138609
2025-06-28T08:39:34.260Z,1751099974260136331
2025-06-28T08:39:35.918Z,1751099975918811981
2025-06-28T08:39:35.934Z,1751099975934227342
2025-06-28T08:39:37.370Z,1751099977370738022
2025-06-28T08:39:37.610Z,1751099977610918471
2025-06-28T08:39:38.442Z,1751099978442059511
2025-06-28T08:39:43.387Z,1751099983387312342
2025-06-28T08:39:45.205Z,1751099985205609389
2025-06-28T08:39:47.776Z,1751099987776358345
2025-06-28T08:39:49.975Z,1751099989975259577
2025-06-28T08:39:50.774Z,1751099990774164624
2025-06-28T08:39:53.411Z,1751099993411349489
2025-06-28T08:39:54.219Z,1751099994219541091
2025-06-28T08:39:54.607Z,1751099994607561175
2025-06-28T08:39:55.779Z,1751099995779482010
2025-06-28T08:39:57.980Z,1751099997980694848
2025-06-28T08:39:58.986Z,1751099998986706983
2025-06-28T08:40:01.635Z,1751100001635040570
2025-06-28T08:40:03.256Z,1751100003256744966
2025-06-28T08:40:03.472Z,1751100003472382531
2025-06-28T08:40:03.769Z,1751100003769298406
2025-06-28T08:40:04.441Z,1751100004441009238
2025-06-28T08:40:05.365Z,1751100005365158188
2025-06-28T08:40:08.321Z,1751100008321984788
2025-06-28T08:40:08.848Z,1751100008848555430
2025-06-28T08:40:09.344Z,1751100009344577362
2025-06-28T08:40:13.581Z,1751100013581163838
2025-06-28T08:40:15.276Z,1751100015276525212
2025-06-28T08:40:17.376Z,1751100017376266723
2025-06-28T08:40:17.810Z,1751100017810252816
2025-06-28T08:40:18.002Z,1751100018002221678
2025-06-28T08:40:18.537Z,1751100018537855465
2025-06-28T08:40:19.146Z,1751100019146770987
2025-06-28T08:40:19.693Z,1751100019693824318
2025-06-28T08:40:20.474Z,1751100020474359791
2025-06-28T08:40:20.759Z,1751100020759353148
2025-06-28T08:40:23.730Z,1751100023730077761
2025-06-28T08:40:24.555Z,1751100024555733510
2025-06-28T08:40:26.539Z,1751100026539242396
2025-06-28T08:40:27.692Z,1751100027692693121
2025-06-28T08:40:29.646Z,1751100029646272283
2025-06-28T08:40:31.435Z,1751100031435319455
2025-06-28T08:40:34.089Z,1751100034089578505
2025-06-28T08:40:37.918Z,1751100037918789342
2025-06-28T08:40:39.327Z,1751100039327618538
2025-06-28T08:40:41.721Z,1751100041721122462
2025-06-28T08:40:42.511Z,1751100042511767735
2025-06-28T08:40:43.013Z,1751100043013732365
2025-06-28T08:40:43.943Z,1751100043943837952
2025-06-28T08:40:45.598Z,1751100045598706287
2025-06-28T08:40:45.671Z,1751100045671581877
2025-06-28T08:40:46.323Z,1751100046323913473
2025-06-28T08:40:47.630Z,1751100047630631494
2025-06-28T08:40:48.034Z,1751100048034925995
2025-06-28T08:40:51.691Z,1751100051691148728
2025-06-28T08:40:52.212Z,1751100052212201180
2025-06-28T08:40:53.230Z,1751100053230303963
2025-06-28T08:40:54.062Z,1751100054062408344
2025-06-28T08:40:54.392Z,1751100054392975299
2025-06-28T08:40:58.274Z,1751100058274263167
2025-06-28T08:40:59.268Z,1751100059268271475
2025-06-28T08:41:01.178Z,1751100061178497250
2025-06-28T08:41:02.695Z,1751100062695214291
2025-06-28T08:41:04.825Z,1751100064825557841
2025-06-28T08:41:06.082Z,1751100066082556143
2025-06-28T08:41:06.732Z,1751100066732090654
2025-06-28T08:41:08.084Z,1751100068084276592
2025-06-28T08:41:10.381Z,1751100070381065193
2025-06-28T08:41:11.140Z,1751100071140619669
2025-06-28T08:41:11.691Z,1751100071691345003
2025-06-28T08:41:11.895Z,1751100071895404606
2025-06-28T08:41:11.988Z,1751100071988149084
2025-06-28T08:41:12.155Z,1751100072155583782
2025-06-28T08:41:12.675Z,1751100072675666121
2025-06-28T08:41:12.736Z,1751100072736013228
2025-06-28T08:41:13.209Z,1751100073209477022
2025-06-28T08:41:13.530Z,1751100073530032462
2025-06-28T08:41:17.549Z,1751100077549728502
2025-06-28T08:41:17.982Z,1751100077982644192
2025-06-28T08:41:18.239Z,1751100078239145016
2025-06-28T08:41:19.307Z,1751100079307771851
2025-06-28T08:41:20.854Z,1751100080854337183
2025-06-28T08:41:20.984Z,1751100080984198233
2025-06-28T08:41:22.136Z,1751100082136863572
2025-06-28T08:41:22.273Z,1751100082273139504
2025-06-28T08:41:28.110Z,1751100088110528487
2025-06-28T08:41:28.576Z,1751100088576353602
2025-06-28T08:41:29.077Z,1751100089077355068
2025-06-28T08:41:30.217Z,1751100090217516840
2025-06-28T08:41:32.404Z,1751100092404651932
2025-06-28T08:41:32.947Z,1751100092947163514
2025-06-28T08:41:35.943Z,1751100095943959288
2025-06-28T08:41:36.832Z,1751100096832812210
2025-06-28T08:41:38.314Z,1751100098314392376
2025-06-28T08:41:43.331Z,1751100103331941636
2025-06-28T08:41:46.030Z,1751100106030966294
2025-06-28T08:41:47.103Z,1751100107103724495
2025-06-28T08:41:47.641Z,1751100107641380051
2025-06-28T08:41:48.302Z,1751100108302376701
2025-06-28T08:41:50.734Z,1751100110734204375
2025-06-28T08:41:50.812Z,1751100110812454403
2025-06-28T08:41:54.857Z,1751100114857015498
2025-06-28T08:41:55.658Z,1751100115658422188
2025-06-28T08:41:55.766Z,1751100115766878351
2025-06-28T08:41:59.599Z,1751100119599087792
2025-06-28T08:42:01.586Z,1751100121586947181
2025-06-28T08:42:05.040Z,1751100125040023400
2025-06-28T08:42:05.296Z,1751100125296741708
2025-06-28T08:42:05.616Z,1751100125616587968
2025-06-28T08:42:09.658Z,1751100129658797598
2025-06-28T08:42:11.222Z,1751100131222221052
2025-06-28T08:42:13.325Z,1751100133325538446
2025-06-28T08:42:13.537Z,1751100133537258107
2025-06-28T08:42:14.215Z,1751100134215263822
2025-06-28T08:42:15.238Z,1751100135238022657
2025-06-28T08:42:15.573Z,1751100135573882393
2025-06-28T08:42:16.340Z,1751100136340819341
2025-06-28T08:42:17.248Z,1751100137248450392
2025-06-28T08:42:17.536Z,1751100137536573917
2025-06-28T08:42:18.391Z,1751100138391960348
2025-06-28T08:42:19.113Z,1751100139113940899
2025-06-28T08:42:19.300Z,1751100139300228069
2025-06-28T08:42:19.682Z,1751100139682462744
2025-06-28T08:42:19.792Z,1751100139792598424
2025-06-28T08:42:22.570Z,1751100142570473067
2025-06-28T08:42:24.524Z,1751100144524221951
2025-06-28T08:42:25.444Z,1751100145444029598
2025-06-28T08:42:25.780Z,1751100145780082782
2025-06-28T08:42:32.163Z,1751100152163843961
2025-06-28T08:42:32.658Z,1751100152658585291
2025-06-28T08:42:33.111Z,1751100153111820254
2025-06-28T08:42:35.907Z,1751100155907759319
2025-06-28T08:42:38.394Z,1751100158394600109
2025-06-28T08:42:39.239Z,1751100159239630372
2025-06-28T08:42:40.540Z,1751100160540896528
2025-06-28T08:42:42.928Z,1751100162928118521
2025-06-28T08:42:43.835Z,1751100163835709774
2025-06-28T08:42:44.129Z,1751100164129851849
2025-06-28T08:42:47.165Z,1751100167165286327
2025-06-28T08:42:52.708Z,1751100172708142700
2025-06-28T08:42:53.696Z,1751100173696039026
2025-06-28T08:42:53.936Z,1751100173936449796
2025-06-28T08:42:54.149Z,1751100174149308787
2025-06-28T08:42:56.008Z,1751100176008429243
2025-06-28T08:42:56.207Z,1751100176207435192
2025-06-28T08:42:56.281Z,1751100176281922470
2025-06-28T08:42:57.533Z,1751100177533198205
2025-06-28T08:42:58.431Z,1751100178431837169
2025-06-28T08:42:58.624Z,1751100178624385134
2025-06-28T08:43:01.845Z,1751100181845946276
2025-06-28T08:43:01.992Z,1751100181992921687
2025-06-28T08:43:03.111Z,1751100183111911468
2025-06-28T08:43:03.133Z,1751100183133335079
2025-06-28T08:43:04.624Z,1751100184624467471
2025-06-28T08:43:04.837Z,1751100184837251825
2025-06-28T08:43:05.583Z,1751100185583731922
2025-06-28T08:43:06.381Z,1751100186381867598
2025-06-28T08:43:07.171Z,1751100187171711996
2025-06-28T08:43:07.239Z,1751100187239373843
2025-06-28T08:43:07.337Z,1751100187337176935
2025-06-28T08:43:07.634Z,1751100187634216390
2025-06-28T08:43:09.077Z,1751100189077053927
2025-06-28T08:43:09.099Z,1751100189099854027
2025-06-28T08:43:09.111Z,1751100189111457816
2025-06-28T08:43:09.153Z,1751100189153302061
2025-06-28T08:43:09.247Z,1751100189247428619
2025-06-28T08:43:10.682Z,1751100190682333341
2025-06-28T08:43:13.245Z,1751100193245404396
2025-06-28T08:43:13.932Z,1751100193932050689
2025-06-28T08:43:15.068Z,1751100195068197393
2025-06-28T08:43:16.424Z,1751100196424908325
2025-06-28T08:43:18.161Z,1751100198161568458
2025-06-28T08:43:18.224Z,1751100198224016053
2025-06-28T08:43:20.280Z,1751100200280904559
2025-06-28T08:43:21.027Z,1751100201027132353
2025-06-28T08:43:22.574Z,1751100202574153726
2025-06-28T08:43:22.583Z,1751100202583329927
2025-06-28T08:43:24.009Z,1751100204009408028
2025-06-28T08:43:27.980Z,1751100207980428839
2025-06-28T08:43:29.176Z,1751100209176895744
2025-06-28T08:43:29.428Z,1751100209428431228
2025-06-28T08:43:29.463Z,1751100209463219739
2025-06-28T08:43:30.471Z,1751100210471609236
2025-06-28T08:43:31.989Z,1751100211989714782
2025-06-28T08:43:33.883Z,1751100213883040781
2025-06-28T08:43:35.029Z,1751100215029521511
2025-06-28T08:43:35.215Z,1751100215215429790
2025-06-28T08:43:35.745Z,1751100215745572068
2025-06-28T08:43:35.794Z,1751100215794640931
2025-06-28T08:43:35.993Z,1751100215993891001
2025-06-28T08:43:38.004Z,1751100218004007393
2025-06-28T08:43:38.194Z,1751100218194194209
2025-06-28T08:43:38.906Z,1751100218906636780
2025-06-28T08:43:41.897Z,1751100221897721789
2025-06-28T08:43:42.025Z,1751100222025427838
2025-06-28T08:43:43.690Z,1751100223690934714
2025-06-28T08:43:44.224Z,1751100224224663111
2025-06-28T08:43:45.174Z,1751100225174720985
2025-06-28T08:43:45.343Z,1751100225343317490
2025-06-28T08:43:45.711Z,1751100225711292493
2025-06-28T08:43:46.034Z,1751100226034486609
2025-06-28T08:43:47.351Z,1751100227351258904
2025-06-28T08:43:47.666Z,1751100227666164406
2025-06-28T08:43:50.001Z,1751100230001070825
2025-06-28T08:43:50.946Z,1751100230946840240
2025-06-28T08:43:50.984Z,1751100230984928071
2025-06-28T08:43:51.176Z,1751100231176381956
2025-06-28T08:43:51.220Z,1751100231220101993
2025-06-28T08:43:51.505Z,1751100231505384397
2025-06-28T08:43:51.610Z,1751100231610806038
2025-06-28T08:43:52.654Z,1751100232654187497
2025-06-28T08:43:54.951Z,1751100234951526373
2025-06-28T08:43:55.463Z,1751100235463110103
2025-06-28T08:43:55.541Z,1751100235541692067
2025-06-28T08:43:57.175Z,1751100237175461177
2025-06-28T08:43:57.624Z,1751100237624880241
2025-06-28T08:43:57.981Z,1751100237981066812
2025-06-28T08:43:58.139Z,1751100238139022758
2025-06-28T08:43:58.428Z,1751100238428019606
2025-06-28T08:43:59.076Z,1751100239076103981
2025-06-28T08:43:59.975Z,1751100239975662216
2025-06-28T08:44:01.667Z,1751100241667119453
2025-06-28T08:44:02.313Z,1751100242313583263
2025-06-28T08:44:02.729Z,1751100242729239300
2025-06-28T08:44:05.522Z,1751100245522353534
2025-06-28T08:44:06.421Z,1751100246421231778
2025-06-28T08:44:11.208Z,1751100251208436759
2025-06-28T08:44:12.562Z,1751100252562378997
2025-06-28T08:44:12.944Z,1751100252944117887
2025-06-28T08:44:13.982Z,1751100253982655011
2025-06-28T08:44:21.098Z,1751100261098264742
2025-06-28T08:44:21.148Z,1751100261148532519
2025-06-28T08:44:23.341Z,1751100263341075158
2025-06-28T08:44:24.927Z,1751100264927534078
2025-06-28T08:44:28.023Z,1751100268023614602
2025-06-28T08:44:28.265Z,1751100268265531212
2025-06-28T08:44:29.035Z,1751100269035066213
2025-06-28T08:44:29.782Z,1751100269782193233
2025-06-28T08:44:29.987Z,1751100269987151809
2025-06-28T08:44:30.482Z,1751100270482066148
2025-06-28T08:44:30.959Z,1751100270959361442
2025-06-28T08:44:33.522Z,1751100273522278205
2025-06-28T08:44:35.605Z,1751100275605816223
2025-06-28T08:44:36.750Z,1751100276750657905
2025-06-28T08:44:37.089Z,1751100277089992308
2025-06-28T08:44:37.245Z,1751100277245529643
2025-06-28T08:44:37.257Z,1751100277257809490
2025-06-28T08:44:39.058Z,1751100279058706314
2025-06-28T08:44:39.307Z,1751100279307297625
2025-06-28T08:44:39.970Z,1751100279970656080
2025-06-28T08:44:40.931Z,1751100280931899882
2025-06-28T08:44:42.248Z,1751100282248726517
2025-06-28T08:44:43.346Z,1751100283346658204
2025-06-28T08:44:43.678Z,1751100283678404991
2025-06-28T08:44:44.097Z,1751100284097906633
2025-06-28T08:44:44.290Z,1751100284290214668
2025-06-28T08:44:44.865Z,1751100284865401629
2025-06-28T08:44:46.470Z,1751100286470422446
2025-06-28T08:44:46.577Z,1751100286577125298
2025-06-28T08:44:49.729Z,1751100289729595004
2025-06-28T08:44:50.142Z,1751100290142576114
2025-06-28T08:44:50.355Z,1751100290355592839
2025-06-28T08:44:50.694Z,1751100290694422680
2025-06-28T08:44:55.160Z,1751100295160403839
2025-06-28T08:44:55.540Z,1751100295540663576
2025-06-28T08:44:56.309Z,1751100296309947782
2025-06-28T08:44:57.403Z,1751100297403057301
2025-06-28T08:44:57.509Z,1751100297509167579
2025-06-28T08:44:58.812Z,1751100298812278104
2025-06-28T08:45:00.388Z,1751100300388416781
2025-06-28T08:45:02.414Z,1751100302414560533
2025-06-28T08:45:03.943Z,1751100303943935335
2025-06-28T08:45:06.106Z,1751100306106678734
2025-06-28T08:45:06.588Z,1751100306588660775
2025-06-28T08:45:07.574Z,1751100307574575789
2025-06-28T08:45:08.492Z,1751100308492023050
2025-06-28T08:45:09.114Z,1751100309114993472
2025-06-28T08:45:12.135Z,1751100312135832677
2025-06-28T08:45:12.209Z,1751100312209152965
2025-06-28T08:45:12.359Z,1751100312359721974
2025-06-28T08:45:13.873Z,1751100313873903344
2025-06-28T08:45:15.564Z,1751100315564480003
2025-06-28T08:45:16.265Z,1751100316265122254
2025-06-28T08:45:21.409Z,1751100321409408906
2025-06-28T08:45:24.657Z,1751100324657827893
2025-06-28T08:45:24.705Z,1751100324705583230
2025-06-28T08:45:24.856Z,1751100324856822278
2025-06-28T08:45:24.925Z,1751100324925281695
2025-06-28T08:45:27.928Z,1751100327928554428
2025-06-28T08:45:28.103Z,1751100328103423487
2025-06-28T08:45:31.520Z,1751100331520011397
2025-06-28T08:45:31.547Z,1751100331547165097
2025-06-28T08:45:31.645Z,1751100331645211480
2025-06-28T08:45:33.438Z,1751100333438887011
2025-06-28T08:45:33.441Z,1751100333441481616
2025-06-28T08:45:33.847Z,1751100333847348430
2025-06-28T08:45:36.173Z,1751100336173742931
2025-06-28T08:45:37.054Z,1751100337054746541
2025-06-28T08:45:39.516Z,1751100339516581082
2025-06-28T08:45:40.635Z,1751100340635902280
2025-06-28T08:45:41.632Z,1751100341632306909
2025-06-28T08:45:42.627Z,1751100342627809850
2025-06-28T08:45:44.555Z,1751100344555941626
2025-06-28T08:45:44.556Z,1751100344556424618
2025-06-28T08:45:44.566Z,1751100344566747211
2025-06-28T08:45:44.900Z,1751100344900641386
2025-06-28T08:45:45.088Z,1751100345088020661
2025-06-28T08:45:45.814Z,1751100345814180519
2025-06-28T08:45:46.666Z,1751100346666787184
2025-06-28T08:45:46.970Z,1751100346970920890
2025-06-28T08:45:47.254Z,1751100347254389480
2025-06-28T08:45:48.363Z,1751100348363993257
2025-06-28T08:45:49.353Z,1751100349353111192
2025-06-28T08:45:49.423Z,1751100349423253778
2025-06-28T08:45:50.292Z,1751100350292746484
2025-06-28T08:45:52.077Z,1751100352077024631
2025-06-28T08:45:53.013Z,1751100353013509653
2025-06-28T08:45:55.675Z,1751100355675692244
2025-06-28T08:45:55.695Z,1751100355695671965
2025-06-28T08:45:55.938Z,1751100355938202804
2025-06-28T08:45:57.690Z,1751100357690382774
2025-06-28T08:45:58.318Z,1751100358318939784
2025-06-28T08:45:58.427Z,1751100358427199891
2025-06-28T08:45:58.446Z,1751100358446310970
2025-06-28T08:45:59.425Z,1751100359425677514
2025-06-28T08:46:01.377Z,1751100361377674840
2025-06-28T08:46:01.474Z,1751100361474162405
2025-06-28T08:46:03.782Z,1751100363782503580
2025-06-28T08:46:05.771Z,1751100365771742575
2025-06-28T08:46:06.162Z,1751100366162517549
2025-06-28T08:46:06.565Z,1751100366565686526
2025-06-28T08:46:09.270Z,1751100369270246810
2025-06-28T08:46:12.251Z,1751100372251317626
2025-06-28T08:46:13.521Z,1751100373521050378
2025-06-28T08:46:13.941Z,1751100373941114432
2025-06-28T08:46:15.030Z,1751100375030458959
2025-06-28T08:46:15.481Z,1751100375481377742
2025-06-28T08:46:15.689Z,1751100375689420654
2025-06-28T08:46:15.780Z,1751100375780043532
2025-06-28T08:46:15.807Z,1751100375807539874
2025-06-28T08:46:21.847Z,1751100381847188575
2025-06-28T08:46:22.288Z,1751100382288979922
2025-06-28T08:46:26.734Z,1751100386734799239
2025-06-28T08:46:26.839Z,1751100386839109504
2025-06-28T08:46:28.631Z,1751100388631347419
2025-06-28T08:46:29.064Z,1751100389064013549
2025-06-28T08:46:29.692Z,1751100389692531965
2025-06-28T08:46:30.440Z,1751100390440649128
2025-06-28T08:46:32.461Z,1751100392461893051
2025-06-28T08:46:32.976Z,1751100392976037572
2025-06-28T08:46:33.029Z,1751100393029112696
2025-06-28T08:46:33.785Z,1751100393785730426
2025-06-28T08:46:34.984Z,1751100394984435935
2025-06-28T08:46:35.730Z,1751100395730274465
2025-06-28T08:46:37.520Z,1751100397520047956
2025-06-28T08:46:38.605Z,1751100398605456937
2025-06-28T08:46:38.994Z,1751100398994735678
2025-06-28T08:46:39.985Z,1751100399985143747
2025-06-28T08:46:40.181Z,1751100400181229441
2025-06-28T08:46:41.264Z,1751100401264034747
2025-06-28T08:46:42.172Z,1751100402172600612
2025-06-28T08:46:42.180Z,1751100402180743306
2025-06-28T08:46:43.058Z,1751100403058711181
2025-06-28T08:46:43.087Z,1751100403087372511
2025-06-28T08:46:43.442Z,1751100403442965043
2025-06-28T08:46:43.533Z,1751100403533206993
2025-06-28T08:46:46.533Z,1751100406533996583
2025-06-28T08:46:50.343Z,1751100410343173557
2025-06-28T08:46:54.223Z,1751100414223983293
2025-06-28T08:46:54.334Z,1751100414334488732
2025-06-28T08:46:55.500Z,1751100415500883042
2025-06-28T08:46:56.326Z,1751100416326996385
2025-06-28T08:46:56.524Z,1751100416524664103
2025-06-28T08:46:56.587Z,1751100416587092444
2025-06-28T08:46:57.056Z,1751100417056486233
2025-06-28T08:47:00.011Z,1751100420011389836
2025-06-28T08:47:01.091Z,1751100421091407517
2025-06-28T08:47:01.134Z,1751100421134738106
2025-06-28T08:47:01.574Z,1751100421574360777
2025-06-28T08:47:04.646Z,1751100424646767034
2025-06-28T08:47:05.001Z,1751100425001453903
2025-06-28T08:47:06.022Z,1751100426022273587
2025-06-28T08:47:06.915Z,1751100426915960489
2025-06-28T08:47:07.490Z,1751100427490475589
2025-06-28T08:47:07.968Z,1751100427968536278
2025-06-28T08:47:08.595Z,1751100428595757823
2025-06-28T08:47:08.839Z,1751100428839619029
2025-06-28T08:47:10.588Z,1751100430588995047
2025-06-28T08:47:10.702Z,1751100430702482343
2025-06-28T08:47:11.783Z,1751100431783856601
2025-06-28T08:47:12.548Z,1751100432548466675
2025-06-28T08:47:12.698Z,1751100432698070448
2025-06-28T08:47:12.803Z,1751100432803224404
2025-06-28T08:47:13.481Z,1751100433481796852
2025-06-28T08:47:15.003Z,1751100435003514060
2025-06-28T08:47:15.865Z,1751100435865891855
2025-06-28T08:47:17.087Z,1751100437087264528
2025-06-28T08:47:19.188Z,1751100439188731042
2025-06-28T08:47:20.099Z,1751100440099705570
2025-06-28T08:47:20.459Z,1751100440459825578
2025-06-28T08:47:22.573Z,1751100442573567029
2025-06-28T08:47:24.834Z,1751100444834249319
2025-06-28T08:47:29.712Z,1751100449712414900
2025-06-28T08:47:30.123Z,1751100450123898046
2025-06-28T08:47:30.582Z,1751100450582674848
2025-06-28T08:47:30.966Z,1751100450966989120
2025-06-28T08:47:31.477Z,1751100451477068341
2025-06-28T08:47:33.649Z,1751100453649645778
2025-06-28T08:47:36.296Z,1751100456296135719
2025-06-28T08:47:37.061Z,1751100457061494539
2025-06-28T08:47:37.222Z,1751100457222189153
2025-06-28T08:47:37.905Z,1751100457905176429
2025-06-28T08:47:42.670Z,1751100462670999348
2025-06-28T08:47:43.416Z,1751100463416019629
2025-06-28T08:47:44.211Z,1751100464211508008
2025-06-28T08:47:49.448Z,1751100469448072297
2025-06-28T08:47:50.562Z,1751100470562276240
2025-06-28T08:47:51.181Z,1751100471181689894
2025-06-28T08:47:51.338Z,1751100471338963111
2025-06-28T08:47:51.877Z,1751100471877660008
2025-06-28T08:47:52.142Z,1751100472142680284
2025-06-28T08:47:52.295Z,1751100472295786127
2025-06-28T08:47:52.766Z,1751100472766128342
2025-06-28T08:47:53.271Z,1751100473271141787
2025-06-28T08:47:53.371Z,1751100473371281586
2025-06-28T08:47:53.575Z,1751100473575300740
2025-06-28T08:47:54.728Z,1751100474728393940
2025-06-28T08:47:56.244Z,1751100476244142112
2025-06-28T08:48:02.267Z,1751100482267544354
2025-06-28T08:48:02.709Z,1751100482709235183
2025-06-28T08:48:02.818Z,1751100482818236864
2025-06-28T08:48:03.753Z,1751100483753730205
2025-06-28T08:48:04.179Z,1751100484179445353
2025-06-28T08:48:06.991Z,1751100486991102633
2025-06-28T08:48:07.053Z,1751100487053108187
2025-06-28T08:48:08.166Z,1751100488166864095
2025-06-28T08:48:08.308Z,1751100488308818334
2025-06-28T08:48:08.922Z,1751100488922766258
2025-06-28T08:48:09.054Z,1751100489054038671
2025-06-28T08:48:10.930Z,1751100490930142589
2025-06-28T08:48:11.841Z,1751100491841514126
2025-06-28T08:48:13.261Z,1751100493261695293
2025-06-28T08:48:13.423Z,1751100493423098803
2025-06-28T08:48:14.054Z,1751100494054093645
2025-06-28T08:48:14.944Z,1751100494944767558
2025-06-28T08:48:16.287Z,1751100496287125351
2025-06-28T08:48:18.346Z,1751100498346052613
2025-06-28T08:48:18.414Z,1751100498414352287
2025-06-28T08:48:19.761Z,1751100499761691035
2025-06-28T08:48:20.300Z,1751100500300472966
2025-06-28T08:48:21.761Z,1751100501761123341
2025-06-28T08:48:21.836Z,1751100501836194602
2025-06-28T08:48:23.147Z,1751100503147898066
2025-06-28T08:48:23.981Z,1751100503981069767
2025-06-28T08:48:28.369Z,1751100508369717444
2025-06-28T08:48:28.538Z,1751100508538431486
2025-06-28T08:48:32.588Z,1751100512588913344
2025-06-28T08:48:33.451Z,1751100513451545288
2025-06-28T08:48:33.612Z,1751100513612266156
2025-06-28T08:48:33.688Z,1751100513688916947
2025-06-28T08:48:35.154Z,1751100515154765051
2025-06-28T08:48:35.350Z,1751100515350926332
2025-06-28T08:48:36.685Z,1751100516685859798
2025-06-28T08:48:36.875Z,1751100516875099503
2025-06-28T08:48:36.937Z,1751100516937417540
2025-06-28T08:48:37.058Z,1751100517058658119
2025-06-28T08:48:37.993Z,1751100517993636178
2025-06-28T08:48:38.042Z,1751100518042708717
2025-06-28T08:48:39.378Z,1751100519378646113
2025-06-28T08:48:40.420Z,1751100520420727285
2025-06-28T08:48:40.471Z,1751100520471097855
2025-06-28T08:48:43.714Z,1751100523714311219
2025-06-28T08:48:49.429Z,1751100529429259949
2025-06-28T08:48:49.580Z,1751100529580659735
2025-06-28T08:48:50.154Z,1751100530154965551
2025-06-28T08:48:51.003Z,1751100531003228586
2025-06-28T08:48:51.005Z,1751100531005246218
2025-06-28T08:48:51.206Z,1751100531206920701
2025-06-28T08:48:51.225Z,1751100531225621464
2025-06-28T08:48:51.993Z,1751100531993524977
2025-06-28T08:48:52.747Z,1751100532747781110
2025-06-28T08:48:53.302Z,1751100533302109255
2025-06-28T08:48:54.969Z,1751100534969716839
2025-06-28T08:48:56.371Z,1751100536371781813
2025-06-28T08:48:57.089Z,1751100537089134418
2025-06-28T08:48:57.117Z,1751100537117140940
2025-06-28T08:48:57.447Z,1751100537447727332
2025-06-28T08:48:58.922Z,1751100538922581158
2025-06-28T08:48:59.664Z,1751100539664119158
2025-06-28T08:49:02.832Z,1751100542832745916
2025-06-28T08:49:03.902Z,1751100543902501119
2025-06-28T08:49:04.361Z,1751100544361496866
2025-06-28T08:49:04.442Z,1751100544442172076
2025-06-28T08:49:04.470Z,1751100544470012580
2025-06-28T08:49:05.410Z,1751100545410945257
2025-06-28T08:49:06.081Z,1751100546081564570
2025-06-28T08:49:07.734Z,1751100547734012005
2025-06-28T08:49:09.276Z,1751100549276134985
2025-06-28T08:49:10.094Z,1751100550094546593
2025-06-28T08:49:10.462Z,1751100550462640727
2025-06-28T08:49:10.777Z,1751100550777948807
2025-06-28T08:49:11.158Z,1751100551158693671
2025-06-28T08:49:11.254Z,1751100551254947784
2025-06-28T08:49:11.284Z,1751100551284779008
2025-06-28T08:49:11.374Z,1751100551374189282
2025-06-28T08:49:12.172Z,1751100552172091290
2025-06-28T08:49:15.265Z,1751100555265631935
2025-06-28T08:49:17.069Z,1751100557069125753
2025-06-28T08:49:17.739Z,1751100557739456495
2025-06-28T08:49:18.739Z,1751100558739754598
2025-06-28T08:49:19.086Z,1751100559086640905
2025-06-28T08:49:20.331Z,1751100560331728782
2025-06-28T08:49:20.755Z,1751100560755623620
2025-06-28T08:49:26.596Z,1751100566596984697
2025-06-28T08:49:27.349Z,1751100567349835419
2025-06-28T08:49:29.328Z,1751100569328744891
2025-06-28T08:49:29.456Z,1751100569456692269
2025-06-28T08:49:31.917Z,1751100571917248134
2025-06-28T08:49:33.385Z,1751100573385482603
2025-06-28T08:49:33.435Z,1751100573435313614
2025-06-28T08:49:33.821Z,1751100573821131982
2025-06-28T08:49:33.851Z,1751100573851048262
2025-06-28T08:49:33.882Z,1751100573882577888
2025-06-28T08:49:33.960Z,1751100573960331709
2025-06-28T08:49:35.110Z,1751100575110398364
2025-06-28T08:49:36.345Z,1751100576345627364
2025-06-28T08:49:37.855Z,1751100577855063280
2025-06-28T08:49:39.903Z,1751100579903661453
2025-06-28T08:49:41.581Z,1751100581581154208
2025-06-28T08:49:42.839Z,1751100582839054981
2025-06-28T08:49:45.074Z,1751100585074219127
2025-06-28T08:49:45.763Z,1751100585763500984
2025-06-28T08:49:47.375Z,1751100587375293207
2025-06-28T08:49:48.827Z,1751100588827992016
2025-06-28T08:49:52.474Z,1751100592474253858
2025-06-28T08:49:54.326Z,1751100594326699941
2025-06-28T08:49:56.184Z,1751100596184357224
2025-06-28T08:49:56.342Z,1751100596342162860
2025-06-28T08:49:56.910Z,1751100596910603569
2025-06-28T08:49:59.869Z,1751100599869377873
2025-06-28T08:50:00.737Z,1751100600737269903
2025-06-28T08:50:04.536Z,1751100604536425982
2025-06-28T08:50:04.747Z,1751100604747524509
2025-06-28T08:50:05.456Z,1751100605456455921
2025-06-28T08:50:05.747Z,1751100605747948746
2025-06-28T08:50:07.598Z,1751100607598639240
2025-06-28T08:50:09.314Z,1751100609314427752
2025-06-28T08:50:09.504Z,1751100609504674768
2025-06-28T08:50:10.273Z,1751100610273353439
2025-06-28T08:50:12.108Z,1751100612108739677
2025-06-28T08:50:12.153Z,1751100612153763719
2025-06-28T08:50:12.165Z,1751100612165936751
2025-06-28T08:50:12.440Z,1751100612440036895
2025-06-28T08:50:16.265Z,1751100616265778915
2025-06-28T08:50:18.646Z,1751100618646014438
2025-06-28T08:50:19.107Z,1751100619107172280
2025-06-28T08:50:21.189Z,1751100621189558192
2025-06-28T08:50:23.318Z,1751100623318820268
2025-06-28T08:50:23.490Z,1751100623490686157
2025-06-28T08:50:25.675Z,1751100625675337566
2025-06-28T08:50:25.700Z,1751100625700102983
2025-06-28T08:50:25.810Z,1751100625810573161
2025-06-28T08:50:26.082Z,1751100626082860775
2025-06-28T08:50:28.606Z,1751100628606138916
2025-06-28T08:50:29.188Z,1751100629188641778
2025-06-28T08:50:29.652Z,1751100629652719195
2025-06-28T08:50:31.787Z,1751100631787299512
2025-06-28T08:50:33.927Z,1751100633927081739
2025-06-28T08:50:35.710Z,1751100635710591426
2025-06-28T08:50:37.871Z,1751100637871798878
2025-06-28T08:50:39.363Z,1751100639363107464
2025-06-28T08:50:39.636Z,1751100639636886260
2025-06-28T08:50:39.895Z,1751100639895312993
2025-06-28T08:50:40.681Z,1751100640681611531
2025-06-28T08:50:42.314Z,1751100642314631716
2025-06-28T08:50:42.535Z,1751100642535685674
2025-06-28T08:50:42.734Z,1751100642734162807
2025-06-28T08:50:42.978Z,1751100642978351101
2025-06-28T08:50:44.460Z,1751100644460636118
2025-06-28T08:50:45.464Z,1751100645464915323
2025-06-28T08:50:45.577Z,1751100645577947968
2025-06-28T08:50:46.009Z,1751100646009854636
2025-06-28T08:50:46.177Z,1751100646177827464
2025-06-28T08:50:47.825Z,1751100647825800211
2025-06-28T08:50:48.578Z,1751100648578318495
2025-06-28T08:50:48.752Z,1751100648752207558
2025-06-28T08:50:49.466Z,1751100649466006124
2025-06-28T08:50:54.664Z,1751100654664003644
2025-06-28T08:50:54.928Z,1751100654928434326
2025-06-28T08:50:55.302Z,1751100655302978372
2025-06-28T08:51:00.241Z,1751100660241538932
2025-06-28T08:51:05.065Z,1751100665065532582
2025-06-28T08:51:05.350Z,1751100665350405564
2025-06-28T08:51:06.345Z,1751100666345899305
2025-06-28T08:51:06.625Z,1751100666625231651
2025-06-28T08:51:08.804Z,1751100668804433838
2025-06-28T08:51:09.952Z,1751100669952060511
2025-06-28T08:51:11.963Z,1751100671963308056
2025-06-28T08:51:12.347Z,1751100672347572409
2025-06-28T08:51:16.299Z,1751100676299181388
2025-06-28T08:51:17.828Z,1751100677828295374
2025-06-28T08:51:17.892Z,1751100677892915262
2025-06-28T08:51:21.145Z,1751100681145222199
2025-06-28T08:51:22.775Z,1751100682775922393
2025-06-28T08:51:23.883Z,1751100683883639974
2025-06-28T08:51:24.081Z,1751100684081032365
2025-06-28T08:51:26.892Z,1751100686892582184
2025-06-28T08:51:28.983Z,1751100688983793707
2025-06-28T08:51:29.211Z,1751100689211503452
2025-06-28T08:51:31.009Z,1751100691009336614
2025-06-28T08:51:32.606Z,1751100692606414237
2025-06-28T08:51:33.817Z,1751100693817414610
2025-06-28T08:51:36.013Z,1751100696013512134
2025-06-28T08:51:37.423Z,1751100697423454570
2025-06-28T08:51:37.628Z,1751100697628311899
2025-06-28T08:51:38.633Z,1751100698633703498
2025-06-28T08:51:38.980Z,1751100698980391287
2025-06-28T08:51:41.372Z,1751100701372851606
2025-06-28T08:51:43.032Z,1751100703032375852
2025-06-28T08:51:43.283Z,1751100703283222231
2025-06-28T08:51:45.774Z,1751100705774243986
2025-06-28T08:51:46.919Z,1751100706919705297
2025-06-28T08:51:47.714Z,1751100707714899982
2025-06-28T08:51:48.598Z,1751100708598239539
2025-06-28T08:51:48.878Z,1751100708878421140
2025-06-28T08:51:49.172Z,1751100709172593514
2025-06-28T08:51:49.686Z,1751100709686126099
2025-06-28T08:51:51.271Z,1751100711271740112
2025-06-28T08:51:52.675Z,1751100712675196783
2025-06-28T08:51:52.875Z,1751100712875844321
2025-06-28T08:51:53.749Z,1751100713749789014
2025-06-28T08:51:55.612Z,1751100715612035615
2025-06-28T08:51:56.103Z,1751100716103030310
2025-06-28T08:51:57.581Z,1751100717581567540
2025-06-28T08:51:58.594Z,1751100718594016810
2025-06-28T08:51:58.919Z,1751100718919658545
2025-06-28T08:51:59.224Z,1751100719224543453
2025-06-28T08:52:00.374Z,1751100720374290909
2025-06-28T08:52:00.823Z,1751100720823116049
2025-06-28T08:52:03.148Z,1751100723148223690
2025-06-28T08:52:03.422Z,1751100723422956878
2025-06-28T08:52:03.841Z,1751100723841932654
2025-06-28T08:52:04.292Z,1751100724292911439
2025-06-28T08:52:04.620Z,1751100724620283496
2025-06-28T08:52:04.922Z,1751100724922105136
2025-06-28T08:52:05.218Z,1751100725218389824
2025-06-28T08:52:05.629Z,1751100725629738837
2025-06-28T08:52:06.509Z,1751100726509235813
2025-06-28T08:52:06.900Z,1751100726900293553
2025-06-28T08:52:08.559Z,1751100728559825287
2025-06-28T08:52:11.662Z,1751100731662228180
2025-06-28T08:52:12.301Z,1751100732301091059
2025-06-28T08:52:12.941Z,1751100732941507854
2025-06-28T08:52:13.241Z,1751100733241268350
2025-06-28T08:52:14.639Z,1751100734639513372
2025-06-28T08:52:16.288Z,1751100736288617182
2025-06-28T08:52:16.359Z,1751100736359289178
2025-06-28T08:52:18.463Z,1751100738463913434
2025-06-28T08:52:18.648Z,1751100738648403414
2025-06-28T08:52:18.662Z,1751100738662481931
2025-06-28T08:52:18.905Z,1751100738905513969
2025-06-28T08:52:19.577Z,1751100739577590604
2025-06-28T08:52:19.658Z,1751100739658633315
2025-06-28T08:52:20.830Z,1751100740830596785
2025-06-28T08:52:21.693Z,1751100741693681366
2025-06-28T08:52:23.514Z,1751100743514863985
2025-06-28T08:52:24.693Z,1751100744693066127
2025-06-28T08:52:28.700Z,1751100748700261215
2025-06-28T08:52:28.858Z,1751100748858920541
2025-06-28T08:52:30.191Z,1751100750191212578
2025-06-28T08:52:31.582Z,1751100751582593757
2025-06-28T08:52:32.492Z,1751100752492304280
2025-06-28T08:52:36.011Z,1751100756011826021
2025-06-28T08:52:36.233Z,1751100756233757662
2025-06-28T08:52:36.757Z,1751100756757829347
2025-06-28T08:52:38.279Z,1751100758279714580
2025-06-28T08:52:39.333Z,1751100759333648288
2025-06-28T08:52:40.695Z,1751100760695058723
2025-06-28T08:52:40.995Z,1751100760995369378
2025-06-28T08:52:41.427Z,1751100761427039031
2025-06-28T08:52:41.827Z,1751100761827135641
2025-06-28T08:52:41.851Z,1751100761851976476
2025-06-28T08:52:42.033Z,1751100762033102994
2025-06-28T08:52:42.186Z,1751100762186852087
2025-06-28T08:52:45.435Z,1751100765435748860
2025-06-28T08:52:45.452Z,1751100765452650875
2025-06-28T08:52:46.268Z,1751100766268308949
2025-06-28T08:52:46.341Z,1751100766341689346
2025-06-28T08:52:46.509Z,1751100766509579744
2025-06-28T08:52:48.037Z,1751100768037175576
2025-06-28T08:52:48.534Z,1751100768534010179
2025-06-28T08:52:48.892Z,1751100768892213591
2025-06-28T08:52:49.758Z,1751100769758837242
2025-06-28T08:52:52.926Z,1751100772926287244
2025-06-28T08:52:53.654Z,1751100773654964472
2025-06-28T08:52:54.177Z,1751100774177797853
2025-06-28T08:52:55.942Z,1751100775942073126
2025-06-28T08:52:56.154Z,1751100776154261103
2025-06-28T08:52:59.854Z,1751100779854425211
2025-06-28T08:53:00.267Z,1751100780267783753
2025-06-28T08:53:00.783Z,1751100780783572068
2025-06-28T08:53:00.786Z,1751100780786401977
2025-06-28T08:53:01.305Z,1751100781305596950
2025-06-28T08:53:03.158Z,1751100783158584267
2025-06-28T08:53:04.458Z,1751100784458039399
2025-06-28T08:53:05.440Z,1751100785440831121
2025-06-28T08:53:05.955Z,1751100785955231068
2025-06-28T08:53:06.605Z,1751100786605598089
2025-06-28T08:53:08.142Z,1751100788142193634
2025-06-28T08:53:09.059Z,1751100789059406855
2025-06-28T08:53:09.841Z,1751100789841887383
2025-06-28T08:53:09.881Z,1751100789881587306
2025-06-28T08:53:10.139Z,1751100790139740182
2025-06-28T08:53:11.576Z,1751100791576159364
2025-06-28T08:53:12.148Z,1751100792148552667
2025-06-28T08:53:14.556Z,1751100794556890184
2025-06-28T08:53:17.402Z,1751100797402022493
2025-06-28T08:53:17.795Z,1751100797795754951
2025-06-28T08:53:18.930Z,1751100798930243793
2025-06-28T08:53:19.161Z,1751100799161135548
2025-06-28T08:53:20.870Z,1751100800870606725
2025-06-28T08:53:20.934Z,1751100800934238155
2025-06-28T08:53:21.989Z,1751100801989047358
2025-06-28T08:53:22.225Z,1751100802225795381
2025-06-28T08:53:23.325Z,1751100803325717989
2025-06-28T08:53:25.324Z,1751100805324196292
2025-06-28T08:53:25.873Z,1751100805873486059
2025-06-28T08:53:26.370Z,1751100806370621818
2025-06-28T08:53:31.659Z,1751100811659471580
2025-06-28T08:53:31.733Z,1751100811733123016
2025-06-28T08:53:34.189Z,1751100814189085309
2025-06-28T08:53:34.335Z,1751100814335191427
2025-06-28T08:53:34.572Z,1751100814572676623
2025-06-28T08:53:35.549Z,1751100815549976993
2025-06-28T08:53:35.554Z,1751100815554852929
2025-06-28T08:53:36.753Z,1751100816753150331
2025-06-28T08:53:37.059Z,1751100817059695477
2025-06-28T08:53:38.064Z,1751100818064688714
2025-06-28T08:53:38.576Z,1751100818576395273
2025-06-28T08:53:38.863Z,1751100818863640200
2025-06-28T08:53:39.274Z,1751100819274345693
2025-06-28T08:53:40.679Z,1751100820679198471
2025-06-28T08:53:41.541Z,1751100821541549185
2025-06-28T08:53:44.223Z,1751100824223728078
2025-06-28T08:53:45.453Z,1751100825453940155
2025-06-28T08:53:45.748Z,1751100825748799786
2025-06-28T08:53:46.401Z,1751100826401811216
2025-06-28T08:53:48.381Z,1751100828381418530
2025-06-28T08:53:48.994Z,1751100828994901650
2025-06-28T08:53:49.864Z,1751100829864086032
2025-06-28T08:53:50.099Z,1751100830099696472
2025-06-28T08:53:55.729Z,1751100835729331903
2025-06-28T08:53:56.296Z,1751100836296410135
2025-06-28T08:53:56.693Z,1751100836693303818
2025-06-28T08:53:58.177Z,1751100838177132772
2025-06-28T08:53:58.410Z,1751100838410556971
2025-06-28T08:53:59.896Z,1751100839896628670
2025-06-28T08:54:01.086Z,1751100841086838561
2025-06-28T08:54:01.597Z,1751100841597983211
2025-06-28T08:54:02.808Z,1751100842808676073
2025-06-28T08:54:02.969Z,1751100842969215729
2025-06-28T08:54:03.266Z,1751100843266199048
2025-06-28T08:54:03.292Z,1751100843292748232
2025-06-28T08:54:03.632Z,1751100843632500903
2025-06-28T08:54:05.434Z,1751100845434205799
2025-06-28T08:54:06.840Z,1751100846840153097
2025-06-28T08:54:07.022Z,1751100847022207616
2025-06-28T08:54:07.841Z,1751100847841016093
2025-06-28T08:54:09.437Z,1751100849437897408
2025-06-28T08:54:12.237Z,1751100852237163288
2025-06-28T08:54:12.403Z,1751100852403193753
2025-06-28T08:54:15.773Z,1751100855773402944
2025-06-28T08:54:17.195Z,1751100857195602820
2025-06-28T08:54:18.339Z,1751100858339775895
2025-06-28T08:54:18.681Z,1751100858681091407
2025-06-28T08:54:18.940Z,1751100858940669350
2025-06-28T08:54:19.239Z,1751100859239730212
2025-06-28T08:54:20.381Z,1751100860381720404
2025-06-28T08:54:21.495Z,1751100861495506023
2025-06-28T08:54:22.052Z,1751100862052658037
2025-06-28T08:54:22.920Z,1751100862920779404
2025-06-28T08:54:24.315Z,1751100864315933500
2025-06-28T08:54:25.026Z,1751100865026856998
2025-06-28T08:54:27.857Z,1751100867857638413
2025-06-28T08:54:28.720Z,1751100868720167169
2025-06-28T08:54:34.639Z,1751100874639462949
2025-06-28T08:54:34.958Z,1751100874958772882
2025-06-28T08:54:38.104Z,1751100878104484513
2025-06-28T08:54:38.117Z,1751100878117994147
2025-06-28T08:54:38.141Z,1751100878141755025
2025-06-28T08:54:40.189Z,1751100880189678051
2025-06-28T08:54:40.544Z,1751100880544207475
2025-06-28T08:54:41.439Z,1751100881439787955
2025-06-28T08:54:42.437Z,1751100882437353960
2025-06-28T08:54:43.179Z,1751100883179608161
2025-06-28T08:54:46.036Z,1751100886036584359
2025-06-28T08:54:47.951Z,1751100887951982368
2025-06-28T08:54:48.449Z,1751100888449255710
2025-06-28T08:54:49.333Z,1751100889333593221
2025-06-28T08:54:49.336Z,1751100889336651643
2025-06-28T08:54:50.354Z,1751100890354184997
2025-06-28T08:54:51.799Z,1751100891799108680
2025-06-28T08:54:53.754Z,1751100893754922728
2025-06-28T08:54:54.175Z,1751100894175777878
2025-06-28T08:54:54.583Z,1751100894583483038
2025-06-28T08:54:55.939Z,1751100895939905226
2025-06-28T08:54:56.171Z,1751100896171224727
2025-06-28T08:54:56.323Z,1751100896323235408
2025-06-28T08:54:57.763Z,1751100897763333424
2025-06-28T08:55:00.751Z,1751100900751409171
2025-06-28T08:55:01.547Z,1751100901547705115
2025-06-28T08:55:04.649Z,1751100904649266299
2025-06-28T08:55:05.762Z,1751100905762500245
2025-06-28T08:55:06.054Z,1751100906054744833
2025-06-28T08:55:06.243Z,1751100906243062116
2025-06-28T08:55:07.060Z,1751100907060052315
2025-06-28T08:55:07.238Z,1751100907238422210
2025-06-28T08:55:07.322Z,1751100907322163572
2025-06-28T08:55:07.892Z,1751100907892401125
2025-06-28T08:55:08.358Z,1751100908358779642
2025-06-28T08:55:08.577Z,1751100908577432091
2025-06-28T08:55:12.486Z,1751100912486427407
2025-06-28T08:55:14.675Z,1751100914675223352
2025-06-28T08:55:15.200Z,1751100915200467688
2025-06-28T08:55:16.969Z,1751100916969983739
2025-06-28T08:55:17.500Z,1751100917500646930
2025-06-28T08:55:18.108Z,1751100918108456126
2025-06-28T08:55:18.536Z,1751100918536651731
2025-06-28T08:55:23.135Z,1751100923135795417
2025-06-28T08:55:23.576Z,1751100923576652267
2025-06-28T08:55:23.850Z,1751100923850647531
2025-06-28T08:55:24.350Z,1751100924350242524
2025-06-28T08:55:25.015Z,1751100925015253883
2025-06-28T08:55:25.113Z,1751100925113485650
2025-06-28T08:55:26.912Z,1751100926912140278
2025-06-28T08:55:27.158Z,1751100927158186438
2025-06-28T08:55:27.712Z,1751100927712613800
2025-06-28T08:55:28.022Z,1751100928022412594
2025-06-28T08:55:33.219Z,1751100933219350905
2025-06-28T08:55:33.831Z,1751100933831282416
2025-06-28T08:55:34.259Z,1751100934259085390
2025-06-28T08:55:37.031Z,1751100937031523292
2025-06-28T08:55:38.207Z,1751100938207863739
2025-06-28T08:55:39.663Z,1751100939663762538
2025-06-28T08:55:41.713Z,1751100941713320189
2025-06-28T08:55:41.773Z,1751100941773022921
2025-06-28T08:55:42.116Z,1751100942116870310
2025-06-28T08:55:42.716Z,1751100942716467788
2025-06-28T08:55:42.945Z,1751100942945364449
2025-06-28T08:55:43.415Z,1751100943415339226
2025-06-28T08:55:43.785Z,1751100943785022315
2025-06-28T08:55:43.948Z,1751100943948084820
2025-06-28T08:55:45.857Z,1751100945857270822
2025-06-28T08:55:47.155Z,1751100947155367609
2025-06-28T08:55:47.157Z,1751100947157517151
2025-06-28T08:55:47.858Z,1751100947858934761
2025-06-28T08:55:47.951Z,1751100947951198442
2025-06-28T08:55:49.742Z,1751100949742767834
2025-06-28T08:55:49.820Z,1751100949820947792
2025-06-28T08:55:50.969Z,1751100950969576365
2025-06-28T08:55:51.049Z,1751100951049160731
2025-06-28T08:55:51.068Z,1751100951068657894
2025-06-28T08:55:51.165Z,1751100951165392232
2025-06-28T08:55:51.379Z,1751100951379795630
2025-06-28T08:55:52.096Z,1751100952096290886
2025-06-28T08:55:52.558Z,1751100952558910960
2025-06-28T08:55:56.524Z,1751100956524193005
2025-06-28T08:55:56.877Z,1751100956877203043
2025-06-28T08:55:57.125Z,1751100957125570445
2025-06-28T08:55:57.166Z,1751100957166725278
2025-06-28T08:55:57.256Z,1751100957256617208
2025-06-28T08:55:57.715Z,1751100957715136464
2025-06-28T08:55:57.817Z,1751100957817208743
2025-06-28T08:56:01.271Z,1751100961271175847
2025-06-28T08:56:02.549Z,1751100962549414782
2025-06-28T08:56:02.693Z,1751100962693737060
2025-06-28T08:56:04.939Z,1751100964939380199
2025-06-28T08:56:06.088Z,1751100966088423746
2025-06-28T08:56:06.197Z,1751100966197445923
2025-06-28T08:56:06.946Z,1751100966946907385
2025-06-28T08:56:08.828Z,1751100968828381293
2025-06-28T08:56:08.831Z,1751100968831469528
2025-06-28T08:56:09.028Z,1751100969028356557
2025-06-28T08:56:10.039Z,1751100970039282542
2025-06-28T08:56:10.425Z,1751100970425476563
2025-06-28T08:56:11.520Z,1751100971520431359
2025-06-28T08:56:11.860Z,1751100971860387630
2025-06-28T08:56:13.012Z,1751100973012364225
2025-06-28T08:56:17.358Z,1751100977358101004
2025-06-28T08:56:19.055Z,1751100979055452478
2025-06-28T08:56:20.161Z,1751100980161043360
2025-06-28T08:56:20.313Z,1751100980313527158
2025-06-28T08:56:20.467Z,1751100980467192784
2025-06-28T08:56:20.840Z,1751100980840599177
2025-06-28T08:56:22.000Z,1751100982000422774
2025-06-28T08:56:22.950Z,1751100982950638070
2025-06-28T08:56:25.645Z,1751100985645000355
2025-06-28T08:56:26.747Z,1751100986747483050
2025-06-28T08:56:27.130Z,1751100987130855726
2025-06-28T08:56:28.188Z,1751100988188987683
2025-06-28T08:56:30.936Z,1751100990936765763
2025-06-28T08:56:32.068Z,1751100992068744400
2025-06-28T08:56:32.136Z,1751100992136775462
2025-06-28T08:56:32.177Z,1751100992177268945
2025-06-28T08:56:32.244Z,1751100992244105575
2025-06-28T08:56:32.768Z,1751100992768338396
2025-06-28T08:56:33.032Z,1751100993032578841
2025-06-28T08:56:33.190Z,1751100993190079139
2025-06-28T08:56:36.205Z,1751100996205175031
2025-06-28T08:56:36.669Z,1751100996669607814
2025-06-28T08:56:37.095Z,1751100997095899879
2025-06-28T08:56:41.725Z,1751101001725375991
2025-06-28T08:56:43.295Z,1751101003295273627
2025-06-28T08:56:44.178Z,1751101004178828990
2025-06-28T08:56:44.407Z,1751101004407774809
2025-06-28T08:56:47.241Z,1751101007241004563
2025-06-28T08:56:47.804Z,1751101007804563056
2025-06-28T08:56:48.547Z,1751101008547591375
2025-06-28T08:56:52.331Z,1751101012331685353
2025-06-28T08:56:53.163Z,1751101013163586598
2025-06-28T08:56:53.215Z,1751101013215120777
2025-06-28T08:56:54.989Z,1751101014989026135
2025-06-28T08:56:56.366Z,1751101016366305486
2025-06-28T08:56:58.460Z,1751101018460222952
2025-06-28T08:56:59.475Z,1751101019475184003
2025-06-28T08:56:59.574Z,1751101019574420176
2025-06-28T08:57:00.208Z,1751101020208828470
2025-06-28T08:57:02.072Z,1751101022072065703
2025-06-28T08:57:04.126Z,1751101024126983310
2025-06-28T08:57:04.997Z,1751101024997322512
2025-06-28T08:57:05.031Z,1751101025031121365
2025-06-28T08:57:06.050Z,1751101026050584582
2025-06-28T08:57:07.978Z,1751101027978127601
2025-06-28T08:57:08.109Z,1751101028109762667
2025-06-28T08:57:08.200Z,1751101028200228932
2025-06-28T08:57:08.206Z,1751101028206060930
2025-06-28T08:57:08.957Z,1751101028957056962
2025-06-28T08:57:09.359Z,1751101029359209023
2025-06-28T08:57:09.369Z,1751101029369975765
2025-06-28T08:57:10.188Z,1751101030188377637
2025-06-28T08:57:10.439Z,1751101030439590034
2025-06-28T08:57:13.209Z,1751101033209641791
2025-06-28T08:57:15.301Z,1751101035301118994
2025-06-28T08:57:17.189Z,1751101037189681930
2025-06-28T08:57:19.543Z,1751101039543337724
2025-06-28T08:57:19.593Z,1751101039593590799
2025-06-28T08:57:20.127Z,1751101040127459461
2025-06-28T08:57:23.888Z,1751101043888533489
2025-06-28T08:57:24.514Z,1751101044514151856
2025-06-28T08:57:24.876Z,1751101044876967522
2025-06-28T08:57:26.004Z,1751101046004041183
2025-06-28T08:57:26.763Z,1751101046763937372
2025-06-28T08:57:27.342Z,1751101047342234058
2025-06-28T08:57:27.486Z,1751101047486052572
2025-06-28T08:57:28.813Z,1751101048813603216
2025-06-28T08:57:29.890Z,1751101049890861243
2025-06-28T08:57:29.925Z,1751101049925819715
2025-06-28T08:57:32.336Z,1751101052336008444
2025-06-28T08:57:34.276Z,1751101054276942566
2025-06-28T08:57:36.656Z,1751101056656643097
2025-06-28T08:57:38.501Z,1751101058501890981
2025-06-28T08:57:40.690Z,1751101060690677067
2025-06-28T08:57:42.489Z,1751101062489400176
2025-06-28T08:57:42.795Z,1751101062795569133
2025-06-28T08:57:44.536Z,1751101064536159756
2025-06-28T08:57:44.648Z,1751101064648617799
2025-06-28T08:57:44.667Z,1751101064667388144
2025-06-28T08:57:45.117Z,1751101065117744993
2025-06-28T08:57:45.340Z,1751101065340397518
2025-06-28T08:57:46.184Z,1751101066184001766
2025-06-28T08:57:49.872Z,1751101069872003178
2025-06-28T08:57:49.961Z,1751101069961790934
2025-06-28T08:57:51.625Z,1751101071625365392
2025-06-28T08:57:52.901Z,1751101072901247831
2025-06-28T08:57:55.549Z,1751101075549352818
2025-06-28T08:57:56.584Z,1751101076584432894
2025-06-28T08:57:56.909Z,1751101076909760993
2025-06-28T08:57:57.692Z,1751101077692581927
2025-06-28T08:57:57.748Z,1751101077748573837
2025-06-28T08:57:59.472Z,1751101079472184082
2025-06-28T08:58:00.182Z,1751101080182905239
2025-06-28T08:58:00.672Z,1751101080672145189
2025-06-28T08:58:02.230Z,1751101082230284640
2025-06-28T08:58:02.719Z,1751101082719967862
2025-06-28T08:58:04.232Z,1751101084232653835
2025-06-28T08:58:08.821Z,1751101088821655019
2025-06-28T08:58:09.793Z,1751101089793153705
2025-06-28T08:58:10.508Z,1751101090508608043
2025-06-28T08:58:10.837Z,1751101090837546933
2025-06-28T08:58:10.934Z,1751101090934194250
2025-06-28T08:58:12.095Z,1751101092095301396
2025-06-28T08:58:14.829Z,1751101094829855250
2025-06-28T08:58:15.482Z,1751101095482238490
2025-06-28T08:58:15.836Z,1751101095836223237
2025-06-28T08:58:16.508Z,1751101096508424996
2025-06-28T08:58:17.758Z,1751101097758948126
2025-06-28T08:58:18.127Z,1751101098127626241
2025-06-28T08:58:18.695Z,1751101098695652175
2025-06-28T08:58:18.981Z,1751101098981651594
2025-06-28T08:58:21.792Z,1751101101792645730
2025-06-28T08:58:22.522Z,1751101102522281644
2025-06-28T08:58:22.744Z,1751101102744768465
2025-06-28T08:58:24.732Z,1751101104732397755
2025-06-28T08:58:24.917Z,1751101104917689060
2025-06-28T08:58:26.095Z,1751101106095682015
2025-06-28T08:58:26.477Z,1751101106477555450
2025-06-28T08:58:26.589Z,1751101106589753459
2025-06-28T08:58:28.176Z,1751101108176517263
2025-06-28T08:58:28.574Z,1751101108574751061
2025-06-28T08:58:28.668Z,1751101108668120941
2025-06-28T08:58:28.942Z,1751101108942576809
2025-06-28T08:58:31.131Z,1751101111131654361
2025-06-28T08:58:31.263Z,1751101111263815548
2025-06-28T08:58:34.791Z,1751101114791540687
2025-06-28T08:58:35.875Z,1751101115875879829
2025-06-28T08:58:37.891Z,1751101117891515982
2025-06-28T08:58:38.607Z,1751101118607747492
2025-06-28T08:58:38.977Z,1751101118977500719
2025-06-28T08:58:40.834Z,1751101120834591965
2025-06-28T08:58:41.448Z,1751101121448946490
2025-06-28T08:58:44.093Z,1751101124093496430
2025-06-28T08:58:45.250Z,1751101125250425788
2025-06-28T08:58:45.701Z,1751101125701793369
2025-06-28T08:58:45.776Z,1751101125776781476
2025-06-28T08:58:46.219Z,1751101126219090056
2025-06-28T08:58:47.894Z,1751101127894238982
2025-06-28T08:58:48.777Z,1751101128777992307
2025-06-28T08:58:49.784Z,1751101129784239867
2025-06-28T08:58:50.037Z,1751101130037022789
2025-06-28T08:58:50.243Z,1751101130243287281
2025-06-28T08:58:50.451Z,1751101130451402306
2025-06-28T08:58:52.677Z,1751101132677812175
2025-06-28T08:58:53.025Z,1751101133025002982
2025-06-28T08:58:53.299Z,1751101133299570822
2025-06-28T08:58:54.517Z,1751101134517286441
2025-06-28T08:58:54.674Z,1751101134674740300
2025-06-28T08:58:54.852Z,1751101134852185822
2025-06-28T08:58:55.549Z,1751101135549614030
2025-06-28T08:58:55.786Z,1751101135786054014
2025-06-28T08:58:57.211Z,1751101137211976549
2025-06-28T08:58:57.364Z,1751101137364633607
2025-06-28T08:59:00.168Z,1751101140168307325
2025-06-28T08:59:00.385Z,1751101140385824989
2025-06-28T08:59:01.438Z,1751101141438790862
2025-06-28T08:59:02.619Z,1751101142619937904
2025-06-28T08:59:04.330Z,1751101144330602947
2025-06-28T08:59:05.786Z,1751101145786687794
2025-06-28T08:59:05.931Z,1751101145931041675
2025-06-28T08:59:08.133Z,1751101148133354752
2025-06-28T08:59:08.538Z,1751101148538001382
2025-06-28T08:59:11.449Z,1751101151449376709
2025-06-28T08:59:13.092Z,1751101153092400860
2025-06-28T08:59:15.871Z,1751101155871954223
2025-06-28T08:59:15.954Z,1751101155954879457
2025-06-28T08:59:17.533Z,1751101157533797435
2025-06-28T08:59:18.503Z,1751101158503160052
2025-06-28T08:59:19.148Z,1751101159148646697
2025-06-28T08:59:19.564Z,1751101159564567191
2025-06-28T08:59:20.467Z,1751101160467753020
2025-06-28T08:59:21.277Z,1751101161277838731
2025-06-28T08:59:21.962Z,1751101161962166287
2025-06-28T08:59:22.031Z,1751101162031892022
2025-06-28T08:59:24.097Z,1751101164097032012
2025-06-28T08:59:25.004Z,1751101165004173624
2025-06-28T08:59:29.726Z,1751101169726783628
2025-06-28T08:59:29.942Z,1751101169942722667
2025-06-28T08:59:32.990Z,1751101172990383495
2025-06-28T08:59:33.819Z,1751101173819411624
2025-06-28T08:59:34.366Z,1751101174366076278
2025-06-28T08:59:35.346Z,1751101175346833607
2025-06-28T08:59:36.747Z,1751101176747926074
2025-06-28T08:59:37.645Z,1751101177645620031
2025-06-28T08:59:37.720Z,1751101177720992293
2025-06-28T08:59:37.800Z,1751101177800190443
2025-06-28T08:59:37.974Z,1751101177974340061
2025-06-28T08:59:38.358Z,1751101178358933117
2025-06-28T08:59:38.427Z,1751101178427221793
2025-06-28T08:59:38.717Z,1751101178717632166
2025-06-28T08:59:44.301Z,1751101184301581549
2025-06-28T08:59:44.368Z,1751101184368228129
2025-06-28T08:59:47.704Z,1751101187704098805
2025-06-28T08:59:49.464Z,1751101189464368753
2025-06-28T08:59:49.687Z,1751101189687087038
2025-06-28T08:59:51.046Z,1751101191046548158
2025-06-28T08:59:52.849Z,1751101192849948133
2025-06-28T08:59:55.256Z,1751101195256507908
2025-06-28T08:59:56.739Z,1751101196739890846
2025-06-28T09:00:01.288Z,1751101201288410544
2025-06-28T09:00:03.601Z,1751101203601789737
2025-06-28T09:00:03.630Z,1751101203630590142
2025-06-28T09:00:04.072Z,1751101204072554854
2025-06-28T09:00:04.990Z,1751101204990210253
2025-06-28T09:00:05.703Z,1751101205703658491
2025-06-28T09:00:11.206Z,1751101211206385661
2025-06-28T09:00:13.112Z,1751101213112727006
2025-06-28T09:00:14.683Z,1751101214683213789
2025-06-28T09:00:14.771Z,1751101214771924204
2025-06-28T09:00:15.713Z,1751101215713267688
2025-06-28T09:00:16.424Z,1751101216424817470
2025-06-28T09:00:17.204Z,1751101217204792196
2025-06-28T09:00:19.985Z,1751101219985745697
2025-06-28T09:00:21.353Z,1751101221353430973
2025-06-28T09:00:22.031Z,1751101222031216155
2025-06-28T09:00:22.154Z,1751101222154042498
2025-06-28T09:00:23.171Z,1751101223171653498
2025-06-28T09:00:23.899Z,1751101223899241063
2025-06-28T09:00:26.652Z,1751101226652827104
2025-06-28T09:00:28.458Z,1751101228458311192
2025-06-28T09:00:28.469Z,1751101228469999295
2025-06-28T09:00:28.595Z,1751101228595631514
2025-06-28T09:00:29.579Z,1751101229579813729
2025-06-28T09:00:29.737Z,1751101229737575525
2025-06-28T09:00:32.407Z,1751101232407043215
2025-06-28T09:00:35.792Z,1751101235792382572
2025-06-28T09:00:36.108Z,1751101236108336865
2025-06-28T09:00:36.148Z,1751101236148385485
2025-06-28T09:00:36.318Z,1751101236318606673
2025-06-28T09:00:36.525Z,1751101236525129996
2025-06-28T09:00:36.902Z,1751101236902880026
2025-06-28T09:00:37.205Z,1751101237205604167
2025-06-28T09:00:39.662Z,1751101239662604849
2025-06-28T09:00:40.631Z,1751101240631694700
2025-06-28T09:00:41.789Z,1751101241789596493
2025-06-28T09:00:41.877Z,1751101241877888117
2025-06-28T09:00:44.496Z,1751101244496291971
2025-06-28T09:00:44.591Z,1751101244591100104
2025-06-28T09:00:44.625Z,1751101244625229288
2025-06-28T09:00:44.804Z,1751101244804717001
2025-06-28T09:00:49.072Z,1751101249072439123
2025-06-28T09:00:49.445Z,1751101249445756071
2025-06-28T09:00:50.389Z,1751101250389874578
2025-06-28T09:00:52.691Z,1751101252691280664
2025-06-28T09:00:52.786Z,1751101252786196343
2025-06-28T09:00:54.609Z,1751101254609680805
2025-06-28T09:00:56.575Z,1751101256575681946
2025-06-28T09:00:57.367Z,1751101257367563390
2025-06-28T09:00:59.765Z,1751101259765690719
2025-06-28T09:01:00.715Z,1751101260715812253
2025-06-28T09:01:01.686Z,1751101261686525609
2025-06-28T09:01:05.382Z,1751101265382833788
2025-06-28T09:01:05.563Z,1751101265563575818
2025-06-28T09:01:08.329Z,1751101268329764930
2025-06-28T09:01:09.247Z,1751101269247521002
2025-06-28T09:01:10.376Z,1751101270376289835
2025-06-28T09:01:10.963Z,1751101270963489126
2025-06-28T09:01:11.627Z,1751101271627533632
2025-06-28T09:01:12.938Z,1751101272938163621
2025-06-28T09:01:13.830Z,1751101273830782271
2025-06-28T09:01:15.335Z,1751101275335004464
2025-06-28T09:01:15.563Z,1751101275563609892
2025-06-28T09:01:16.247Z,1751101276247545485
2025-06-28T09:01:19.476Z,1751101279476162931
2025-06-28T09:01:19.878Z,1751101279878215015
2025-06-28T09:01:19.954Z,1751101279954791129
2025-06-28T09:01:20.326Z,1751101280326488758
2025-06-28T09:01:20.730Z,1751101280730285110
2025-06-28T09:01:21.455Z,1751101281455122149
2025-06-28T09:01:22.062Z,1751101282062265689
2025-06-28T09:01:24.032Z,1751101284032140715
2025-06-28T09:01:24.555Z,1751101284555978414
2025-06-28T09:01:29.567Z,1751101289567715274
2025-06-28T09:01:30.647Z,1751101290647279386
2025-06-28T09:01:33.238Z,1751101293238563098
2025-06-28T09:01:33.922Z,1751101293922837899
2025-06-28T09:01:34.116Z,1751101294116962124
2025-06-28T09:01:34.199Z,1751101294199309678
2025-06-28T09:01:34.551Z,1751101294551846145
2025-06-28T09:01:40.111Z,1751101300111676514
2025-06-28T09:01:42.709Z,1751101302709502227
2025-06-28T09:01:43.298Z,1751101303298181437
2025-06-28T09:01:45.400Z,1751101305400066061
2025-06-28T09:01:45.650Z,1751101305650445417
2025-06-28T09:01:48.004Z,1751101308004136731
2025-06-28T09:01:49.635Z,1751101309635042351
2025-06-28T09:01:52.611Z,1751101312611111810
2025-06-28T09:01:53.440Z,1751101313440152119
2025-06-28T09:01:54.692Z,1751101314692166919
2025-06-28T09:01:54.730Z,1751101314730971991
2025-06-28T09:01:58.149Z,1751101318149883887
2025-06-28T09:01:58.979Z,1751101318979480213
2025-06-28T09:01:59.400Z,1751101319400164697
2025-06-28T09:02:01.206Z,1751101321206662947
2025-06-28T09:02:01.233Z,1751101321233337307
2025-06-28T09:02:01.580Z,1751101321580104543
2025-06-28T09:02:01.736Z,1751101321736756934
2025-06-28T09:02:02.727Z,1751101322727138406
2025-06-28T09:02:05.180Z,1751101325180986597
2025-06-28T09:02:07.034Z,1751101327034701920
2025-06-28T09:02:07.804Z,1751101327804625040
2025-06-28T09:02:08.002Z,1751101328002005847
2025-06-28T09:02:08.079Z,1751101328079014818
2025-06-28T09:02:08.694Z,1751101328694080450
2025-06-28T09:02:08.791Z,1751101328791025516
2025-06-28T09:02:10.380Z,1751101330380362666
2025-06-28T09:02:12.129Z,1751101332129099739
2025-06-28T09:02:13.544Z,1751101333544235193
2025-06-28T09:02:13.820Z,1751101333820939581
2025-06-28T09:02:13.879Z,1751101333879604757
2025-06-28T09:02:17.955Z,1751101337955628663
2025-06-28T09:02:20.884Z,1751101340884790797
2025-06-28T09:02:21.524Z,1751101341524970440
2025-06-28T09:02:23.126Z,1751101343126997249
2025-06-28T09:02:28.098Z,1751101348098246118
2025-06-28T09:02:29.470Z,1751101349470744786
2025-06-28T09:02:29.693Z,1751101349693147094
2025-06-28T09:02:29.926Z,1751101349926115714
2025-06-28T09:02:30.380Z,1751101350380590251
2025-06-28T09:02:30.406Z,1751101350406224218
2025-06-28T09:02:30.607Z,1751101350607877858
2025-06-28T09:02:31.410Z,1751101351410538288
2025-06-28T09:02:32.287Z,1751101352287306912
2025-06-28T09:02:33.680Z,1751101353680266930
2025-06-28T09:02:35.134Z,1751101355134293253
2025-06-28T09:02:35.425Z,1751101355425797528
2025-06-28T09:02:36.604Z,1751101356604615368
2025-06-28T09:02:36.700Z,1751101356700322083
2025-06-28T09:02:37.404Z,1751101357404415115
2025-06-28T09:02:38.946Z,1751101358946500956
2025-06-28T09:02:39.739Z,1751101359739791990
2025-06-28T09:02:44.629Z,1751101364629917963
2025-06-28T09:02:45.955Z,1751101365955161857
2025-06-28T09:02:46.052Z,1751101366052098015
2025-06-28T09:02:46.732Z,1751101366732458918
2025-06-28T09:02:48.773Z,1751101368773099597
2025-06-28T09:02:49.179Z,1751101369179372630
2025-06-28T09:02:49.429Z,1751101369429831980
2025-06-28T09:02:50.612Z,1751101370612211977
2025-06-28T09:02:51.175Z,1751101371175531214
2025-06-28T09:02:55.076Z,1751101375076945885
2025-06-28T09:02:56.079Z,1751101376079497164
2025-06-28T09:02:56.115Z,1751101376115407759
2025-06-28T09:02:56.425Z,1751101376425380874
2025-06-28T09:02:58.684Z,1751101378684177791
2025-06-28T09:02:59.682Z,1751101379682767194
2025-06-28T09:03:00.642Z,1751101380642763306
2025-06-28T09:03:02.471Z,1751101382471295063
2025-06-28T09:03:02.473Z,1751101382473143051
2025-06-28T09:03:02.502Z,1751101382502914943
2025-06-28T09:03:04.163Z,1751101384163460781
2025-06-28T09:03:04.479Z,1751101384479283486
2025-06-28T09:03:07.212Z,1751101387212803185
2025-06-28T09:03:07.312Z,1751101387312375338
2025-06-28T09:03:07.356Z,1751101387356827450
2025-06-28T09:03:08.901Z,1751101388901398712
2025-06-28T09:03:08.965Z,1751101388965740319
2025-06-28T09:03:11.708Z,1751101391708780779
2025-06-28T09:03:14.096Z,1751101394096897887
2025-06-28T09:03:14.185Z,1751101394185654595
2025-06-28T09:03:14.303Z,1751101394303970088
2025-06-28T09:03:15.911Z,1751101395911870848
2025-06-28T09:03:16.564Z,1751101396564563793
2025-06-28T09:03:17.029Z,1751101397029173256
2025-06-28T09:03:18.524Z,1751101398524536876
2025-06-28T09:03:20.319Z,1751101400319913417
2025-06-28T09:03:21.327Z,1751101401327642895
2025-06-28T09:03:23.639Z,1751101403639181797
2025-06-28T09:03:23.663Z,1751101403663106530
2025-06-28T09:03:23.756Z,1751101403756074381
2025-06-28T09:03:24.527Z,1751101404527844629
2025-06-28T09:03:27.710Z,1751101407710812705
2025-06-28T09:03:28.617Z,1751101408617630131
2025-06-28T09:03:30.298Z,1751101410298253489
2025-06-28T09:03:31.838Z,1751101411838826915
2025-06-28T09:03:32.630Z,1751101412630120274
2025-06-28T09:03:32.666Z,1751101412666661869
2025-06-28T09:03:33.236Z,1751101413236339245
2025-06-28T09:03:34.994Z,1751101414994483424
2025-06-28T09:03:35.210Z,1751101415210698608
2025-06-28T09:03:35.442Z,1751101415442530623
2025-06-28T09:03:36.763Z,1751101416763036173
2025-06-28T09:03:38.878Z,1751101418878769046
2025-06-28T09:03:42.676Z,1751101422676449849
2025-06-28T09:03:43.218Z,1751101423218402074
2025-06-28T09:03:45.058Z,1751101425058946199
2025-06-28T09:03:48.760Z,1751101428760032416
2025-06-28T09:03:49.668Z,1751101429668894607
2025-06-28T09:03:52.270Z,1751101432270601592
2025-06-28T09:03:52.515Z,1751101432515085230
2025-06-28T09:03:52.701Z,1751101432701656220
2025-06-28T09:03:52.843Z,1751101432843202991
2025-06-28T09:03:57.322Z,1751101437322449905
2025-06-28T09:03:57.875Z,1751101437875026605
2025-06-28T09:03:57.899Z,1751101437899147424
2025-06-28T09:03:59.336Z,1751101439336965408
2025-06-28T09:03:59.730Z,1751101439730226897
2025-06-28T09:04:00.515Z,1751101440515316042
2025-06-28T09:04:00.524Z,1751101440524355564
2025-06-28T09:04:01.689Z,1751101441689386040
2025-06-28T09:04:02.895Z,1751101442895902408
2025-06-28T09:04:05.806Z,1751101445806214605
2025-06-28T09:04:08.937Z,1751101448937143088
2025-06-28T09:04:12.512Z,1751101452512327014
2025-06-28T09:04:12.650Z,1751101452650258205
2025-06-28T09:04:14.947Z,1751101454947243370
2025-06-28T09:04:17.805Z,1751101457805389087
2025-06-28T09:04:19.925Z,1751101459925060366
2025-06-28T09:04:20.002Z,1751101460002427859
2025-06-28T09:04:20.118Z,1751101460118088615
2025-06-28T09:04:22.598Z,1751101462598425919
2025-06-28T09:04:22.864Z,1751101462864657404
2025-06-28T09:04:24.862Z,1751101464862491938
2025-06-28T09:04:27.880Z,1751101467880050529
2025-06-28T09:04:29.064Z,1751101469064014390
2025-06-28T09:04:29.383Z,1751101469383624812
2025-06-28T09:04:29.403Z,1751101469403061367
2025-06-28T09:04:30.636Z,1751101470636837454
2025-06-28T09:04:30.740Z,1751101470740536205
2025-06-28T09:04:31.230Z,1751101471230002837
2025-06-28T09:04:31.712Z,1751101471712710167
2025-06-28T09:04:31.861Z,1751101471861208516
2025-06-28T09:04:32.405Z,1751101472405983388
2025-06-28T09:04:33.194Z,1751101473194744314
2025-06-28T09:04:33.277Z,1751101473277472752
2025-06-28T09:04:33.553Z,1751101473553494450
2025-06-28T09:04:36.385Z,1751101476385551151
2025-06-28T09:04:39.207Z,1751101479207428096
2025-06-28T09:04:39.345Z,1751101479345116271
2025-06-28T09:04:40.101Z,1751101480101964629
2025-06-28T09:04:40.661Z,1751101480661955557
2025-06-28T09:04:41.000Z,1751101481000171014
2025-06-28T09:04:42.836Z,1751101482836661633
2025-06-28T09:04:43.986Z,1751101483986605697
2025-06-28T09:04:47.795Z,1751101487795364081
2025-06-28T09:04:47.862Z,1751101487862586723
2025-06-28T09:04:48.927Z,1751101488927422192
2025-06-28T09:04:49.136Z,1751101489136351111
2025-06-28T09:04:50.189Z,1751101490189831006
2025-06-28T09:04:51.067Z,1751101491067375730
2025-06-28T09:04:56.013Z,1751101496013404885
2025-06-28T09:04:58.290Z,1751101498290799669
2025-06-28T09:04:58.803Z,1751101498803062005
2025-06-28T09:04:59.116Z,1751101499116254116
2025-06-28T09:05:00.678Z,1751101500678200315
2025-06-28T09:05:03.301Z,1751101503301228625
2025-06-28T09:05:03.359Z,1751101503359081025
2025-06-28T09:05:03.481Z,1751101503481517200
2025-06-28T09:05:05.981Z,1751101505981137609
2025-06-28T09:05:06.149Z,1751101506149978554
2025-06-28T09:05:08.139Z,1751101508139949187
2025-06-28T09:05:09.047Z,1751101509047479948
2025-06-28T09:05:09.917Z,1751101509917968383
2025-06-28T09:05:10.936Z,1751101510936508856
2025-06-28T09:05:11.606Z,1751101511606720258
2025-06-28T09:05:13.437Z,1751101513437467538
2025-06-28T09:05:17.198Z,1751101517198816815
2025-06-28T09:05:18.667Z,1751101518667716075
2025-06-28T09:05:26.505Z,1751101526505505779
2025-06-28T09:05:27.070Z,1751101527070172290
2025-06-28T09:05:28.035Z,1751101528035541158
2025-06-28T09:05:28.528Z,1751101528528999766
2025-06-28T09:05:30.232Z,1751101530232180177
2025-06-28T09:05:30.469Z,1751101530469142319
2025-06-28T09:05:30.946Z,1751101530946236774
2025-06-28T09:05:31.194Z,1751101531194067730
2025-06-28T09:05:32.097Z,1751101532097275222
2025-06-28T09:05:33.199Z,1751101533199344442
2025-06-28T09:05:33.353Z,1751101533353810849
2025-06-28T09:05:34.298Z,1751101534298132517
2025-06-28T09:05:36.876Z,1751101536876554594
2025-06-28T09:05:37.156Z,1751101537156520990
2025-06-28T09:05:37.472Z,1751101537472407356
2025-06-28T09:05:42.746Z,1751101542746675676
2025-06-28T09:05:43.130Z,1751101543130493347
2025-06-28T09:05:44.068Z,1751101544068250980
2025-06-28T09:05:44.924Z,1751101544924096351
2025-06-28T09:05:45.896Z,1751101545896012208
2025-06-28T09:05:46.706Z,1751101546706681335
2025-06-28T09:05:47.451Z,1751101547451851332
2025-06-28T09:05:47.784Z,1751101547784385211
2025-06-28T09:05:48.598Z,1751101548598880552
2025-06-28T09:05:48.938Z,1751101548938544888
2025-06-28T09:05:49.238Z,1751101549238957245
2025-06-28T09:05:49.803Z,1751101549803188792
2025-06-28T09:05:50.218Z,1751101550218673038
2025-06-28T09:05:52.073Z,1751101552073296168
2025-06-28T09:05:52.116Z,1751101552116896868
2025-06-28T09:06:00.204Z,1751101560204432007
2025-06-28T09:06:00.793Z,1751101560793474095
2025-06-28T09:06:05.010Z,1751101565010461363
2025-06-28T09:06:05.153Z,1751101565153623007
2025-06-28T09:06:05.535Z,1751101565535570214
2025-06-28T09:06:08.043Z,1751101568043676134
2025-06-28T09:06:08.701Z,1751101568701004573
2025-06-28T09:06:08.848Z,1751101568848404366
2025-06-28T09:06:08.991Z,1751101568991364987
2025-06-28T09:06:11.015Z,1751101571015972140
2025-06-28T09:06:18.333Z,1751101578333346654
2025-06-28T09:06:18.353Z,1751101578353318596
2025-06-28T09:06:18.800Z,1751101578800827913
2025-06-28T09:06:19.065Z,1751101579065703672
2025-06-28T09:06:19.326Z,1751101579326316871
2025-06-28T09:06:20.113Z,1751101580113968200
2025-06-28T09:06:20.540Z,1751101580540006580
2025-06-28T09:06:20.550Z,1751101580550357158
2025-06-28T09:06:22.146Z,1751101582146111491
2025-06-28T09:06:23.447Z,1751101583447515960
2025-06-28T09:06:25.860Z,1751101585860664555
2025-06-28T09:06:26.250Z,1751101586250533716
2025-06-28T09:06:28.111Z,1751101588111461650
2025-06-28T09:06:32.812Z,1751101592812126322
2025-06-28T09:06:32.868Z,1751101592868357157
2025-06-28T09:06:34.106Z,1751101594106196527
2025-06-28T09:06:34.768Z,1751101594768351833
2025-06-28T09:06:35.719Z,1751101595719313303
2025-06-28T09:06:36.372Z,1751101596372808837
2025-06-28T09:06:36.920Z,1751101596920617059
2025-06-28T09:06:39.168Z,1751101599168301546
2025-06-28T09:06:39.626Z,1751101599626291165
2025-06-28T09:06:40.343Z,1751101600343331589
2025-06-28T09:06:41.155Z,1751101601155707671
2025-06-28T09:06:45.566Z,1751101605566573108
2025-06-28T09:06:46.877Z,1751101606877887657
2025-06-28T09:06:47.391Z,1751101607391170951
2025-06-28T09:06:49.593Z,1751101609593461428
2025-06-28T09:06:50.704Z,1751101610704387858
2025-06-28T09:06:51.856Z,1751101611856355542
2025-06-28T09:06:53.272Z,1751101613272314177
2025-06-28T09:06:53.496Z,1751101613496955884
2025-06-28T09:06:53.951Z,1751101613951383310
2025-06-28T09:06:55.212Z,1751101615212907824
2025-06-28T09:06:57.987Z,1751101617987976967
2025-06-28T09:06:58.926Z,1751101618926461541
2025-06-28T09:07:00.714Z,1751101620714230529
2025-06-28T09:07:04.936Z,1751101624936700317
2025-06-28T09:07:05.131Z,1751101625131549120
2025-06-28T09:07:05.292Z,1751101625292135773
2025-06-28T09:07:06.687Z,1751101626687565003
2025-06-28T09:07:07.588Z,1751101627588063824
2025-06-28T09:07:07.589Z,1751101627589833607
2025-06-28T09:07:08.436Z,1751101628436375960
2025-06-28T09:07:11.898Z,1751101631898584446
2025-06-28T09:07:12.328Z,1751101632328720912
2025-06-28T09:07:16.075Z,1751101636075789967
2025-06-28T09:07:17.960Z,1751101637960036370
2025-06-28T09:07:18.809Z,1751101638809513219
2025-06-28T09:07:20.631Z,1751101640631604405
2025-06-28T09:07:22.792Z,1751101642792958472
2025-06-28T09:07:22.999Z,1751101642999285472
2025-06-28T09:07:23.180Z,1751101643180175304
2025-06-28T09:07:25.984Z,1751101645984399302
2025-06-28T09:07:26.511Z,1751101646511158825
2025-06-28T09:07:26.853Z,1751101646853470507
2025-06-28T09:07:27.373Z,1751101647373110370
2025-06-28T09:07:28.621Z,1751101648621227316
2025-06-28T09:07:28.792Z,1751101648792084139
2025-06-28T09:07:30.828Z,1751101650828149333
2025-06-28T09:07:32.891Z,1751101652891247511
2025-06-28T09:07:33.233Z,1751101653233442575
2025-06-28T09:07:33.831Z,1751101653831795891
2025-06-28T09:07:34.700Z,1751101654700895889
2025-06-28T09:07:34.709Z,1751101654709730406
2025-06-28T09:07:34.815Z,1751101654815759703
2025-06-28T09:07:35.821Z,1751101655821415456
2025-06-28T09:07:35.847Z,1751101655847557626
2025-06-28T09:07:35.865Z,1751101655865010230
2025-06-28T09:07:36.222Z,1751101656222433738
2025-06-28T09:07:36.818Z,1751101656818065424
2025-06-28T09:07:38.016Z,1751101658016115906
2025-06-28T09:07:38.189Z,1751101658189484086
2025-06-28T09:07:38.371Z,1751101658371243865
2025-06-28T09:07:38.570Z,1751101658570196125
2025-06-28T09:07:40.628Z,1751101660628602290
2025-06-28T09:07:41.474Z,1751101661474496830
2025-06-28T09:07:42.801Z,1751101662801202914
2025-06-28T09:07:44.922Z,1751101664922069966
2025-06-28T09:07:48.478Z,1751101668478828613
2025-06-28T09:07:49.027Z,1751101669027920088
2025-06-28T09:07:49.791Z,1751101669791257049
2025-06-28T09:07:49.934Z,1751101669934160316
2025-06-28T09:07:50.322Z,1751101670322511216
2025-06-28T09:07:55.527Z,1751101675527874224
2025-06-28T09:07:56.869Z,1751101676869147347
2025-06-28T09:07:57.954Z,1751101677954920879
2025-06-28T09:07:58.539Z,1751101678539990040
2025-06-28T09:07:58.643Z,1751101678643852496
2025-06-28T09:08:00.752Z,1751101680752640292
2025-06-28T09:08:01.148Z,1751101681148940138
2025-06-28T09:08:01.588Z,1751101681588600639
2025-06-28T09:08:01.723Z,1751101681723266302
2025-06-28T09:08:02.932Z,1751101682932444116
2025-06-28T09:08:03.319Z,1751101683319662406
2025-06-28T09:08:03.631Z,1751101683631316913
2025-06-28T09:08:03.658Z,1751101683658573344
2025-06-28T09:08:03.815Z,1751101683815911048
2025-06-28T09:08:05.482Z,1751101685482865310
2025-06-28T09:08:05.994Z,1751101685994868177
2025-06-28T09:08:06.411Z,1751101686411244815
2025-06-28T09:08:06.856Z,1751101686856136136
2025-06-28T09:08:07.217Z,1751101687217759172
2025-06-28T09:08:08.021Z,1751101688021037495
2025-06-28T09:08:09.599Z,1751101689599238959
2025-06-28T09:08:09.973Z,1751101689973005431
2025-06-28T09:08:10.767Z,1751101690767686129
2025-06-28T09:08:11.861Z,1751101691861422015
2025-06-28T09:08:12.328Z,1751101692328194152
2025-06-28T09:08:12.492Z,1751101692492619426
2025-06-28T09:08:12.848Z,1751101692848646155
2025-06-28T09:08:15.482Z,1751101695482225409
2025-06-28T09:08:18.645Z,1751101698645648859
2025-06-28T09:08:19.175Z,1751101699175893513
2025-06-28T09:08:20.695Z,1751101700695174189
2025-06-28T09:08:20.930Z,1751101700930232576
2025-06-28T09:08:21.192Z,1751101701192464144
2025-06-28T09:08:21.751Z,1751101701751531737
2025-06-28T09:08:22.714Z,1751101702714809148
2025-06-28T09:08:23.194Z,1751101703194646289
2025-06-28T09:08:23.687Z,1751101703687522314
2025-06-28T09:08:23.959Z,1751101703959291499
2025-06-28T09:08:24.892Z,1751101704892570199
2025-06-28T09:08:26.774Z,1751101706774620576
2025-06-28T09:08:28.985Z,1751101708985935114
2025-06-28T09:08:30.867Z,1751101710867942103
2025-06-28T09:08:31.243Z,1751101711243115657
2025-06-28T09:08:32.031Z,1751101712031444112
2025-06-28T09:08:33.324Z,1751101713324297346
2025-06-28T09:08:34.314Z,1751101714314725779
2025-06-28T09:08:35.274Z,1751101715274287823
2025-06-28T09:08:35.434Z,1751101715434836845
2025-06-28T09:08:36.839Z,1751101716839745005
2025-06-28T09:08:36.849Z,1751101716849740563
2025-06-28T09:08:36.868Z,1751101716868643036
2025-06-28T09:08:37.584Z,1751101717584530252
2025-06-28T09:08:40.074Z,1751101720074902239
2025-06-28T09:08:42.523Z,1751101722523855700
2025-06-28T09:08:42.634Z,1751101722634452521
2025-06-28T09:08:45.540Z,1751101725540673819
2025-06-28T09:08:45.795Z,1751101725795396830
2025-06-28T09:08:46.208Z,1751101726208591815
2025-06-28T09:08:46.408Z,1751101726408941252
2025-06-28T09:08:47.001Z,1751101727001138588
2025-06-28T09:08:47.404Z,1751101727404945102
2025-06-28T09:08:48.260Z,1751101728260777339
2025-06-28T09:08:48.596Z,1751101728596487316
2025-06-28T09:08:49.752Z,1751101729752882689
2025-06-28T09:08:50.033Z,1751101730033910291
2025-06-28T09:08:50.166Z,1751101730166024447
2025-06-28T09:08:51.432Z,1751101731432816315
2025-06-28T09:08:53.157Z,1751101733157358282
2025-06-28T09:08:54.279Z,1751101734279760942
2025-06-28T09:08:55.235Z,1751101735235558113
2025-06-28T09:08:55.914Z,1751101735914058441
2025-06-28T09:08:56.650Z,1751101736650035093
2025-06-28T09:08:56.941Z,1751101736941181746
2025-06-28T09:08:57.233Z,1751101737233684981
2025-06-28T09:08:58.141Z,1751101738141793219
2025-06-28T09:08:58.305Z,1751101738305228902
2025-06-28T09:08:58.754Z,1751101738754356112
2025-06-28T09:08:59.768Z,1751101739768530842
2025-06-28T09:09:00.658Z,1751101740658471833
2025-06-28T09:09:01.392Z,1751101741392297166
2025-06-28T09:09:02.411Z,1751101742411731125
2025-06-28T09:09:04.911Z,1751101744911662616
2025-06-28T09:09:04.938Z,1751101744938394353
2025-06-28T09:09:06.799Z,1751101746799886434
2025-06-28T09:09:07.119Z,1751101747119755174
2025-06-28T09:09:07.190Z,1751101747190961719
2025-06-28T09:09:07.226Z,1751101747226184612
2025-06-28T09:09:07.288Z,1751101747288035502
2025-06-28T09:09:07.665Z,1751101747665919246
2025-06-28T09:09:08.019Z,1751101748019343605
2025-06-28T09:09:08.147Z,1751101748147644753
2025-06-28T09:09:10.354Z,1751101750354330821
2025-06-28T09:09:11.159Z,1751101751159756332
2025-06-28T09:09:12.526Z,1751101752526892178
2025-06-28T09:09:12.588Z,1751101752588868374
2025-06-28T09:09:13.996Z,1751101753996664153
2025-06-28T09:09:14.987Z,1751101754987628656
2025-06-28T09:09:15.454Z,1751101755454670868
2025-06-28T09:09:15.568Z,1751101755568805051
2025-06-28T09:09:17.172Z,1751101757172562747
2025-06-28T09:09:18.239Z,1751101758239270065
2025-06-28T09:09:18.762Z,1751101758762512020
2025-06-28T09:09:20.636Z,1751101760636581738
2025-06-28T09:09:22.175Z,1751101762175412374
2025-06-28T09:09:22.260Z,1751101762260691064
2025-06-28T09:09:23.969Z,1751101763969510337
2025-06-28T09:09:25.433Z,1751101765433383353
2025-06-28T09:09:26.662Z,1751101766662973044
2025-06-28T09:09:27.106Z,1751101767106305491
2025-06-28T09:09:27.835Z,1751101767835538008
2025-06-28T09:09:30.319Z,1751101770319850882
2025-06-28T09:09:30.414Z,1751101770414523467
2025-06-28T09:09:31.499Z,1751101771499630851
2025-06-28T09:09:31.534Z,1751101771534607362
2025-06-28T09:09:32.373Z,1751101772373088817
2025-06-28T09:09:33.408Z,1751101773408022422
2025-06-28T09:09:38.682Z,1751101778682329601
2025-06-28T09:09:38.740Z,1751101778740522112
2025-06-28T09:09:39.193Z,1751101779193400560
2025-06-28T09:09:40.260Z,1751101780260208753
2025-06-28T09:09:40.634Z,1751101780634319667
2025-06-28T09:09:42.954Z,1751101782954244306
2025-06-28T09:09:44.376Z,1751101784376408588
2025-06-28T09:09:44.474Z,1751101784474572033
2025-06-28T09:09:44.531Z,1751101784531073267
2025-06-28T09:09:44.767Z,1751101784767404804
2025-06-28T09:09:45.074Z,1751101785074746623
2025-06-28T09:09:46.141Z,1751101786141575430
2025-06-28T09:09:48.129Z,1751101788129157339
2025-06-28T09:09:51.980Z,1751101791980038744
2025-06-28T09:09:52.000Z,1751101792000843498
2025-06-28T09:09:58.038Z,1751101798038880932
2025-06-28T09:09:59.124Z,1751101799124440444
2025-06-28T09:09:59.253Z,1751101799253791734
2025-06-28T09:09:59.474Z,1751101799474062805
2025-06-28T09:10:05.573Z,1751101805573313986
2025-06-28T09:10:05.668Z,1751101805668273281
2025-06-28T09:10:06.166Z,1751101806166102684
2025-06-28T09:10:06.866Z,1751101806866765959
2025-06-28T09:10:07.416Z,1751101807416118185
2025-06-28T09:10:07.807Z,1751101807807230273
2025-06-28T09:10:09.273Z,1751101809273907687
2025-06-28T09:10:09.824Z,1751101809824961801
2025-06-28T09:10:11.944Z,1751101811944848476
2025-06-28T09:10:15.224Z,1751101815224562825
2025-06-28T09:10:16.413Z,1751101816413739440
2025-06-28T09:10:17.092Z,1751101817092741221
2025-06-28T09:10:18.184Z,1751101818184087301
2025-06-28T09:10:18.332Z,1751101818332057218
2025-06-28T09:10:18.831Z,1751101818831992659
2025-06-28T09:10:21.100Z,1751101821100672076
2025-06-28T09:10:21.272Z,1751101821272163399
2025-06-28T09:10:23.996Z,1751101823996014836
2025-06-28T09:10:25.897Z,1751101825897249390
2025-06-28T09:10:27.345Z,1751101827345135715
2025-06-28T09:10:28.893Z,1751101828893074350
2025-06-28T09:10:29.750Z,1751101829750773815
2025-06-28T09:10:31.117Z,1751101831117657877
2025-06-28T09:10:34.096Z,1751101834096927765
2025-06-28T09:10:37.668Z,1751101837668606477
2025-06-28T09:10:38.559Z,1751101838559410935
2025-06-28T09:10:39.680Z,1751101839680973138
2025-06-28T09:10:41.025Z,1751101841025886788
2025-06-28T09:10:41.099Z,1751101841099517100
2025-06-28T09:10:41.146Z,1751101841146796670
2025-06-28T09:10:44.663Z,1751101844663500185
2025-06-28T09:10:45.479Z,1751101845479978645
2025-06-28T09:10:46.218Z,1751101846218419805
2025-06-28T09:10:46.979Z,1751101846979494451
2025-06-28T09:10:49.829Z,1751101849829722582
2025-06-28T09:10:50.061Z,1751101850061960147
2025-06-28T09:10:51.391Z,1751101851391470503
2025-06-28T09:10:51.605Z,1751101851605207533
2025-06-28T09:10:52.421Z,1751101852421517757
2025-06-28T09:10:52.664Z,1751101852664853335
2025-06-28T09:10:56.685Z,1751101856685834737
2025-06-28T09:11:02.142Z,1751101862142143150
2025-06-28T09:11:02.501Z,1751101862501727478
2025-06-28T09:11:03.723Z,1751101863723645923
2025-06-28T09:11:04.224Z,1751101864224468114
2025-06-28T09:11:04.747Z,1751101864747461684
2025-06-28T09:11:04.879Z,1751101864879150612
2025-06-28T09:11:06.217Z,1751101866217912048
2025-06-28T09:11:07.079Z,1751101867079996976
2025-06-28T09:11:11.896Z,1751101871896710536
2025-06-28T09:11:12.042Z,1751101872042554588
2025-06-28T09:11:12.045Z,1751101872045762423
2025-06-28T09:11:16.029Z,1751101876029344455
2025-06-28T09:11:16.138Z,1751101876138426789
2025-06-28T09:11:18.272Z,1751101878272286133
2025-06-28T09:11:18.536Z,1751101878536729059
2025-06-28T09:11:18.707Z,1751101878707241373
2025-06-28T09:11:22.456Z,1751101882456032867
2025-06-28T09:11:22.728Z,1751101882728044592
2025-06-28T09:11:25.705Z,1751101885705777602
2025-06-28T09:11:27.047Z,1751101887047801860
2025-06-28T09:11:27.060Z,1751101887060235848
2025-06-28T09:11:28.161Z,1751101888161322963
2025-06-28T09:11:28.183Z,1751101888183506015
2025-06-28T09:11:29.559Z,1751101889559791704
2025-06-28T09:11:29.821Z,1751101889821990921
2025-06-28T09:11:30.958Z,1751101890958881402
2025-06-28T09:11:31.063Z,1751101891063578454
2025-06-28T09:11:31.778Z,1751101891778195743
2025-06-28T09:11:33.363Z,1751101893363601365
2025-06-28T09:11:33.460Z,1751101893460097023
2025-06-28T09:11:33.490Z,1751101893490258987
2025-06-28T09:11:33.807Z,1751101893807510049
2025-06-28T09:11:33.959Z,1751101893959496571
2025-06-28T09:11:34.711Z,1751101894711044923
2025-06-28T09:11:38.203Z,1751101898203684313
2025-06-28T09:11:38.299Z,1751101898299195672
2025-06-28T09:11:38.735Z,1751101898735284237
2025-06-28T09:11:39.493Z,1751101899493484276
2025-06-28T09:11:41.762Z,1751101901762618822
2025-06-28T09:11:43.069Z,1751101903069755083
2025-06-28T09:11:43.225Z,1751101903225680038
2025-06-28T09:11:43.379Z,1751101903379087906
2025-06-28T09:11:45.200Z,1751101905200265963
2025-06-28T09:11:45.441Z,1751101905441971410
2025-06-28T09:11:46.401Z,1751101906401886868
2025-06-28T09:11:46.819Z,1751101906819591476
2025-06-28T09:11:47.162Z,1751101907162945231
2025-06-28T09:11:47.750Z,1751101907750774585
2025-06-28T09:11:48.907Z,1751101908907310025
2025-06-28T09:11:50.276Z,1751101910276250169
2025-06-28T09:11:52.571Z,1751101912571487662
2025-06-28T09:11:53.158Z,1751101913158131784
2025-06-28T09:11:57.557Z,1751101917557606227
2025-06-28T09:11:58.007Z,1751101918007763062
2025-06-28T09:11:59.320Z,1751101919320250065
2025-06-28T09:12:02.852Z,1751101922852470917
2025-06-28T09:12:03.733Z,1751101923733158023
2025-06-28T09:12:06.009Z,1751101926009166447
2025-06-28T09:12:06.224Z,1751101926224952981
2025-06-28T09:12:06.289Z,1751101926289533848
2025-06-28T09:12:07.856Z,1751101927856505065
2025-06-28T09:12:08.891Z,1751101928891239732
2025-06-28T09:12:10.926Z,1751101930926491806
2025-06-28T09:12:10.952Z,1751101930952185813
2025-06-28T09:12:12.032Z,1751101932032165253
2025-06-28T09:12:12.373Z,1751101932373186048
2025-06-28T09:12:16.271Z,1751101936271808626
2025-06-28T09:12:16.297Z,1751101936297826285
2025-06-28T09:12:17.871Z,1751101937871222014
2025-06-28T09:12:18.165Z,1751101938165452304
2025-06-28T09:12:19.464Z,1751101939464416028
2025-06-28T09:12:21.808Z,1751101941808319927
2025-06-28T09:12:24.541Z,1751101944541738707
2025-06-28T09:12:26.647Z,1751101946647525354
2025-06-28T09:12:26.707Z,1751101946707302633
2025-06-28T09:12:27.054Z,1751101947054858042
2025-06-28T09:12:30.343Z,1751101950343998614
2025-06-28T09:12:30.844Z,1751101950844377727
2025-06-28T09:12:32.906Z,1751101952906294244
2025-06-28T09:12:34.024Z,1751101954024898523
2025-06-28T09:12:35.175Z,1751101955175789936
2025-06-28T09:12:36.247Z,1751101956247702867
2025-06-28T09:12:36.299Z,1751101956299744768
2025-06-28T09:12:38.058Z,1751101958058715346
2025-06-28T09:12:38.115Z,1751101958115223658
2025-06-28T09:12:39.717Z,1751101959717902622
2025-06-28T09:12:41.210Z,1751101961210285580
2025-06-28T09:12:41.426Z,1751101961426178068
2025-06-28T09:12:41.626Z,1751101961626672989
2025-06-28T09:12:42.691Z,1751101962691955052
2025-06-28T09:12:46.721Z,1751101966721844987
2025-06-28T09:12:47.917Z,1751101967917841725
2025-06-28T09:12:49.366Z,1751101969366147454
2025-06-28T09:12:50.987Z,1751101970987500328
2025-06-28T09:12:52.392Z,1751101972392851170
2025-06-28T09:12:52.615Z,1751101972615416225
2025-06-28T09:12:54.292Z,1751101974292986832
2025-06-28T09:12:54.342Z,1751101974342920242
2025-06-28T09:12:57.322Z,1751101977322880411
2025-06-28T09:12:57.453Z,1751101977453649749
2025-06-28T09:13:00.280Z,1751101980280032343
2025-06-28T09:13:01.418Z,1751101981418115846
2025-06-28T09:13:01.794Z,1751101981794635978
2025-06-28T09:13:03.301Z,1751101983301143313
2025-06-28T09:13:03.406Z,1751101983406374017
2025-06-28T09:13:03.959Z,1751101983959076937
2025-06-28T09:13:03.983Z,1751101983983831706
2025-06-28T09:13:06.368Z,1751101986368992222
2025-06-28T09:13:08.442Z,1751101988442825612
2025-06-28T09:13:10.886Z,1751101990886402586
2025-06-28T09:13:11.998Z,1751101991998783043
2025-06-28T09:13:12.345Z,1751101992345037749
2025-06-28T09:13:13.493Z,1751101993493885140
2025-06-28T09:13:13.509Z,1751101993509921911
2025-06-28T09:13:21.966Z,1751102001966318373
2025-06-28T09:13:22.083Z,1751102002083336122
2025-06-28T09:13:22.292Z,1751102002292025846
2025-06-28T09:13:22.886Z,1751102002886260407
2025-06-28T09:13:23.015Z,1751102003015207930
2025-06-28T09:13:24.532Z,1751102004532497270
2025-06-28T09:13:26.364Z,1751102006364699263
2025-06-28T09:13:26.706Z,1751102006706842348
2025-06-28T09:13:26.866Z,1751102006866175663
2025-06-28T09:13:29.390Z,1751102009390120141
2025-06-28T09:13:30.092Z,1751102010092718987
2025-06-28T09:13:30.152Z,1751102010152758574
2025-06-28T09:13:30.416Z,1751102010416112384
2025-06-28T09:13:30.772Z,1751102010772492827
2025-06-28T09:13:32.636Z,1751102012636839358
2025-06-28T09:13:34.308Z,1751102014308897298
2025-06-28T09:13:35.913Z,1751102015913624110
2025-06-28T09:13:36.418Z,1751102016418901769
2025-06-28T09:13:38.966Z,1751102018966259062
2025-06-28T09:13:41.045Z,1751102021045936067
2025-06-28T09:13:43.765Z,1751102023765296645
2025-06-28T09:13:43.976Z,1751102023976473019
2025-06-28T09:13:44.463Z,1751102024463766122
2025-06-28T09:13:45.214Z,1751102025214134426
2025-06-28T09:13:46.026Z,1751102026026908115
2025-06-28T09:13:46.738Z,1751102026738341543
2025-06-28T09:13:47.477Z,1751102027477177066
2025-06-28T09:13:49.993Z,1751102029993341764
2025-06-28T09:13:50.371Z,1751102030371262189
2025-06-28T09:13:54.126Z,1751102034126043232
2025-06-28T09:13:54.317Z,1751102034317765351
2025-06-28T09:13:56.076Z,1751102036076142533
2025-06-28T09:13:56.832Z,1751102036832314353
2025-06-28T09:13:59.331Z,1751102039331963638
2025-06-28T09:14:01.678Z,1751102041678347382
2025-06-28T09:14:02.306Z,1751102042306718475
2025-06-28T09:14:02.916Z,1751102042916639701
2025-06-28T09:14:04.149Z,1751102044149888418
2025-06-28T09:14:05.777Z,1751102045777636186
2025-06-28T09:14:05.826Z,1751102045826011523
2025-06-28T09:14:06.032Z,1751102046032409563
2025-06-28T09:14:06.140Z,1751102046140969830
2025-06-28T09:14:06.553Z,1751102046553494687
2025-06-28T09:14:07.308Z,1751102047308262568
2025-06-28T09:14:08.011Z,1751102048011030589
2025-06-28T09:14:10.890Z,1751102050890313150
2025-06-28T09:14:11.265Z,1751102051265790892
2025-06-28T09:14:12.047Z,1751102052047952191
2025-06-28T09:14:12.074Z,1751102052074474326
2025-06-28T09:14:12.218Z,1751102052218692908
2025-06-28T09:14:13.692Z,1751102053692523764
2025-06-28T09:14:13.815Z,1751102053815126077
2025-06-28T09:14:19.237Z,1751102059237632034
2025-06-28T09:14:23.464Z,1751102063464423895
2025-06-28T09:14:23.952Z,1751102063952323089
2025-06-28T09:14:25.364Z,1751102065364251624
2025-06-28T09:14:26.214Z,1751102066214813422
2025-06-28T09:14:26.605Z,1751102066605278535
2025-06-28T09:14:28.295Z,1751102068295492908
2025-06-28T09:14:30.417Z,1751102070417181023
2025-06-28T09:14:31.714Z,1751102071714890651
2025-06-28T09:14:31.953Z,1751102071953981329
2025-06-28T09:14:36.455Z,1751102076455143294
2025-06-28T09:14:37.555Z,1751102077555750540
2025-06-28T09:14:37.623Z,1751102077623268876
2025-06-28T09:14:37.919Z,1751102077919017689
2025-06-28T09:14:38.226Z,1751102078226509404
2025-06-28T09:14:39.570Z,1751102079570631989
2025-06-28T09:14:41.551Z,1751102081551115686
2025-06-28T09:14:42.656Z,1751102082656904323
2025-06-28T09:14:45.754Z,1751102085754509979
2025-06-28T09:14:45.987Z,1751102085987133626
2025-06-28T09:14:46.004Z,1751102086004861001
2025-06-28T09:14:46.217Z,1751102086217536918
2025-06-28T09:14:46.635Z,1751102086635508058
2025-06-28T09:14:46.839Z,1751102086839338032
2025-06-28T09:14:47.182Z,1751102087182956179
2025-06-28T09:14:52.794Z,1751102092794034277
2025-06-28T09:14:56.854Z,1751102096854256870
2025-06-28T09:15:02.493Z,1751102102493294188
2025-06-28T09:15:04.020Z,1751102104020004186
2025-06-28T09:15:06.280Z,1751102106280450386
2025-06-28T09:15:06.981Z,1751102106981304778
2025-06-28T09:15:06.984Z,1751102106984186233
2025-06-28T09:15:08.226Z,1751102108226221199
2025-06-28T09:15:08.352Z,1751102108352593613
2025-06-28T09:15:09.197Z,1751102109197759270
2025-06-28T09:15:10.423Z,1751102110423202658
2025-06-28T09:15:11.399Z,1751102111399859472
2025-06-28T09:15:12.179Z,1751102112179246839
2025-06-28T09:15:12.267Z,1751102112267570998
2025-06-28T09:15:13.464Z,1751102113464723601
2025-06-28T09:15:14.598Z,1751102114598057898
2025-06-28T09:15:17.619Z,1751102117619686362
2025-06-28T09:15:18.380Z,1751102118380088161
2025-06-28T09:15:19.517Z,1751102119517907082
2025-06-28T09:15:20.156Z,1751102120156541079
2025-06-28T09:15:20.598Z,1751102120598357405
2025-06-28T09:15:21.650Z,1751102121650730760
2025-06-28T09:15:22.038Z,1751102122038176893
2025-06-28T09:15:22.327Z,1751102122327708811
2025-06-28T09:15:22.468Z,1751102122468794104
2025-06-28T09:15:23.641Z,1751102123641702201
2025-06-28T09:15:24.631Z,1751102124631305760
2025-06-28T09:15:26.382Z,1751102126382033295
2025-06-28T09:15:31.554Z,1751102131554701073
2025-06-28T09:15:31.628Z,1751102131628243825
2025-06-28T09:15:32.005Z,1751102132005527658
2025-06-28T09:15:33.776Z,1751102133776862097
2025-06-28T09:15:34.089Z,1751102134089403302
2025-06-28T09:15:34.184Z,1751102134184610469
2025-06-28T09:15:34.503Z,1751102134503709076
2025-06-28T09:15:38.983Z,1751102138983547029
2025-06-28T09:15:39.624Z,1751102139624879071
2025-06-28T09:15:40.937Z,1751102140937980414
2025-06-28T09:15:41.260Z,1751102141260504094
2025-06-28T09:15:41.662Z,1751102141662704390
2025-06-28T09:15:41.735Z,1751102141735189840
2025-06-28T09:15:43.195Z,1751102143195595101
2025-06-28T09:15:43.234Z,1751102143234873211
2025-06-28T09:15:44.419Z,1751102144419025387
2025-06-28T09:15:45.374Z,1751102145374016388
2025-06-28T09:15:45.892Z,1751102145892793091
2025-06-28T09:15:46.492Z,1751102146492511023
2025-06-28T09:15:46.684Z,1751102146684987798
2025-06-28T09:15:46.955Z,1751102146955624343
2025-06-28T09:15:48.360Z,1751102148360188506
2025-06-28T09:15:49.663Z,1751102149663580407
2025-06-28T09:15:50.028Z,1751102150028105576
2025-06-28T09:15:50.615Z,1751102150615349001
2025-06-28T09:15:51.078Z,1751102151078074952
2025-06-28T09:15:53.944Z,1751102153944656138
2025-06-28T09:15:54.954Z,1751102154954676347
2025-06-28T09:15:55.554Z,1751102155554842157
2025-06-28T09:15:55.761Z,1751102155761117145
2025-06-28T09:15:56.151Z,1751102156151944772
2025-06-28T09:15:56.430Z,1751102156430951838
2025-06-28T09:15:56.461Z,1751102156461849066
2025-06-28T09:15:56.968Z,1751102156968988107
2025-06-28T09:15:57.858Z,1751102157858178455
2025-06-28T09:15:57.975Z,1751102157975607422
2025-06-28T09:15:58.465Z,1751102158465738804
2025-06-28T09:15:59.274Z,1751102159274422292
2025-06-28T09:16:00.660Z,1751102160660856973
2025-06-28T09:16:00.958Z,1751102160958589355
2025-06-28T09:16:01.131Z,1751102161131633187
2025-06-28T09:16:02.107Z,1751102162107100095
2025-06-28T09:16:03.925Z,1751102163925989487
2025-06-28T09:16:04.462Z,1751102164462441148
2025-06-28T09:16:05.976Z,1751102165976056931
2025-06-28T09:16:06.697Z,1751102166697024586
2025-06-28T09:16:07.939Z,1751102167939027998
2025-06-28T09:16:07.942Z,1751102167942619195
2025-06-28T09:16:08.194Z,1751102168194331715
2025-06-28T09:16:09.171Z,1751102169171660149
2025-06-28T09:16:10.074Z,1751102170074162343
2025-06-28T09:16:10.917Z,1751102170917199835
2025-06-28T09:16:11.862Z,1751102171862227708
2025-06-28T09:16:14.042Z,1751102174042964000
2025-06-28T09:16:14.798Z,1751102174798114374
2025-06-28T09:16:15.322Z,1751102175322330115
2025-06-28T09:16:19.137Z,1751102179137555754
2025-06-28T09:16:22.995Z,1751102182995826052
2025-06-28T09:16:23.357Z,1751102183357889492
2025-06-28T09:16:23.362Z,1751102183362611582
2025-06-28T09:16:23.547Z,1751102183547213604
2025-06-28T09:16:24.085Z,1751102184085224234
2025-06-28T09:16:24.206Z,1751102184206971825
2025-06-28T09:16:26.356Z,1751102186356321764
2025-06-28T09:16:27.455Z,1751102187455984707
2025-06-28T09:16:28.305Z,1751102188305228495
2025-06-28T09:16:29.840Z,1751102189840564770
2025-06-28T09:16:30.697Z,1751102190697897918
2025-06-28T09:16:30.902Z,1751102190902428064
2025-06-28T09:16:32.388Z,1751102192388889510
2025-06-28T09:16:32.821Z,1751102192821625517
2025-06-28T09:16:33.229Z,1751102193229327998
2025-06-28T09:16:34.415Z,1751102194415325576
2025-06-28T09:16:37.258Z,1751102197258485959
2025-06-28T09:16:37.992Z,1751102197992131102
2025-06-28T09:16:38.536Z,1751102198536959808
2025-06-28T09:16:39.408Z,1751102199408373733
2025-06-28T09:16:41.090Z,1751102201090115762
2025-06-28T09:16:42.395Z,1751102202395784450
2025-06-28T09:16:44.399Z,1751102204399523245
2025-06-28T09:16:45.313Z,1751102205313991897
2025-06-28T09:16:48.048Z,1751102208048175179
2025-06-28T09:16:49.770Z,1751102209770279446
2025-06-28T09:16:50.091Z,1751102210091514936
2025-06-28T09:16:50.864Z,1751102210864832905
2025-06-28T09:16:51.050Z,1751102211050957654
2025-06-28T09:16:53.736Z,1751102213736003337
2025-06-28T09:16:56.877Z,1751102216877200611
2025-06-28T09:16:57.558Z,1751102217558415164
2025-06-28T09:16:57.575Z,1751102217575850993
2025-06-28T09:16:57.992Z,1751102217992370661
2025-06-28T09:16:58.151Z,1751102218151884793
2025-06-28T09:16:58.275Z,1751102218275802004
2025-06-28T09:16:58.472Z,1751102218472635118
2025-06-28T09:16:59.894Z,1751102219894116046
2025-06-28T09:17:02.029Z,1751102222029647573
2025-06-28T09:17:02.929Z,1751102222929369507
2025-06-28T09:17:03.315Z,1751102223315277587
2025-06-28T09:17:04.725Z,1751102224725475818
2025-06-28T09:17:05.369Z,1751102225369463198
2025-06-28T09:17:05.543Z,1751102225543856759
2025-06-28T09:17:06.350Z,1751102226350500838
2025-06-28T09:17:07.828Z,1751102227828449091
2025-06-28T09:17:10.855Z,1751102230855655926
2025-06-28T09:17:12.929Z,1751102232929220967
2025-06-28T09:17:14.593Z,1751102234593397310
2025-06-28T09:17:14.717Z,1751102234717118700
2025-06-28T09:17:16.450Z,1751102236450726154
2025-06-28T09:17:17.514Z,1751102237514430961
2025-06-28T09:17:21.845Z,1751102241845507174
2025-06-28T09:17:22.632Z,1751102242632703073
2025-06-28T09:17:22.837Z,1751102242837943903
2025-06-28T09:17:22.898Z,1751102242898183979
2025-06-28T09:17:24.231Z,1751102244231920900
2025-06-28T09:17:26.363Z,1751102246363595471
2025-06-28T09:17:30.432Z,1751102250432368462
2025-06-28T09:17:32.402Z,1751102252402340117
2025-06-28T09:17:32.841Z,1751102252841977873
2025-06-28T09:17:33.755Z,1751102253755496305
2025-06-28T09:17:34.140Z,1751102254140495867
2025-06-28T09:17:35.797Z,1751102255797535704
2025-06-28T09:17:36.274Z,1751102256274852080
2025-06-28T09:17:37.178Z,1751102257178127086
2025-06-28T09:17:37.744Z,1751102257744815944
2025-06-28T09:17:38.252Z,1751102258252075506
2025-06-28T09:17:38.541Z,1751102258541493439
2025-06-28T09:17:39.519Z,1751102259519441824
2025-06-28T09:17:40.211Z,1751102260211884483
2025-06-28T09:17:41.289Z,1751102261289841245
2025-06-28T09:17:41.426Z,1751102261426363343
2025-06-28T09:17:45.423Z,1751102265423174281
2025-06-28T09:17:45.685Z,1751102265685740452
2025-06-28T09:17:46.234Z,1751102266234442812
2025-06-28T09:17:46.584Z,1751102266584228286
2025-06-28T09:17:47.137Z,1751102267137852492
2025-06-28T09:17:49.635Z,1751102269635138531
2025-06-28T09:17:50.712Z,1751102270712823002
2025-06-28T09:17:52.081Z,1751102272081650608
2025-06-28T09:17:52.431Z,1751102272431624728
2025-06-28T09:17:53.599Z,1751102273599139228
2025-06-28T09:17:54.271Z,1751102274271135361
2025-06-28T09:17:54.861Z,1751102274861950520
2025-06-28T09:17:55.175Z,1751102275175328651
2025-06-28T09:17:57.393Z,1751102277393001105
2025-06-28T09:17:57.621Z,1751102277621625971
2025-06-28T09:17:59.208Z,1751102279208080321
2025-06-28T09:18:02.187Z,1751102282187850107
2025-06-28T09:18:04.123Z,1751102284123725420
2025-06-28T09:18:04.521Z,1751102284521229986
2025-06-28T09:18:04.533Z,1751102284533665171
2025-06-28T09:18:04.937Z,1751102284937257644
2025-06-28T09:18:06.299Z,1751102286299749121
2025-06-28T09:18:06.592Z,1751102286592823983
2025-06-28T09:18:07.121Z,1751102287121778584
2025-06-28T09:18:07.751Z,1751102287751734552
2025-06-28T09:18:10.287Z,1751102290287611098
2025-06-28T09:18:10.820Z,1751102290820116367
2025-06-28T09:18:11.038Z,1751102291038707862
2025-06-28T09:18:11.059Z,1751102291059645571
2025-06-28T09:18:11.142Z,1751102291142951927
2025-06-28T09:18:11.680Z,1751102291680910809
2025-06-28T09:18:13.592Z,1751102293592457323
2025-06-28T09:18:17.135Z,1751102297135155486
2025-06-28T09:18:17.169Z,1751102297169579808
2025-06-28T09:18:23.094Z,1751102303094022994
2025-06-28T09:18:26.300Z,1751102306300466595
2025-06-28T09:18:26.560Z,1751102306560513968
2025-06-28T09:18:26.596Z,1751102306596939851
2025-06-28T09:18:28.492Z,1751102308492030951
2025-06-28T09:18:30.777Z,1751102310777260192
2025-06-28T09:18:31.543Z,1751102311543491989
2025-06-28T09:18:31.735Z,1751102311735643468
2025-06-28T09:18:36.300Z,1751102316300824681
2025-06-28T09:18:37.763Z,1751102317763739875
2025-06-28T09:18:40.241Z,1751102320241968362
2025-06-28T09:18:41.724Z,1751102321724903532
2025-06-28T09:18:41.964Z,1751102321964774608
2025-06-28T09:18:42.898Z,1751102322898802376
2025-06-28T09:18:43.597Z,1751102323597751442
2025-06-28T09:18:44.185Z,1751102324185750117
2025-06-28T09:18:44.933Z,1751102324933985968
2025-06-28T09:18:45.894Z,1751102325894577337
2025-06-28T09:18:47.621Z,1751102327621369194
2025-06-28T09:18:47.863Z,1751102327863271720
2025-06-28T09:18:48.296Z,1751102328296596166
2025-06-28T09:18:48.624Z,1751102328624857903
2025-06-28T09:18:48.680Z,1751102328680625702
2025-06-28T09:18:50.747Z,1751102330747581998
2025-06-28T09:18:54.105Z,1751102334105296151
2025-06-28T09:18:57.321Z,1751102337321846656
2025-06-28T09:18:58.832Z,1751102338832879720
2025-06-28T09:18:59.470Z,1751102339470890113
2025-06-28T09:19:00.887Z,1751102340887783399
2025-06-28T09:19:02.708Z,1751102342708859286
2025-06-28T09:19:03.190Z,1751102343190916765
2025-06-28T09:19:03.577Z,1751102343577936755
2025-06-28T09:19:03.716Z,1751102343716446126
2025-06-28T09:19:05.036Z,1751102345036802520
2025-06-28T09:19:06.301Z,1751102346301024852
2025-06-28T09:19:07.541Z,1751102347541319798
2025-06-28T09:19:09.469Z,1751102349469681546
2025-06-28T09:19:10.046Z,1751102350046694545
2025-06-28T09:19:10.073Z,1751102350073763101
2025-06-28T09:19:10.985Z,1751102350985495285
2025-06-28T09:19:13.123Z,1751102353123328583
2025-06-28T09:19:13.416Z,1751102353416059417
2025-06-28T09:19:15.503Z,1751102355503336935
2025-06-28T09:19:16.255Z,1751102356255745857
2025-06-28T09:19:17.110Z,1751102357110356031
2025-06-28T09:19:17.429Z,1751102357429135827
2025-06-28T09:19:21.410Z,1751102361410570515
2025-06-28T09:19:22.562Z,1751102362562897137
2025-06-28T09:19:22.830Z,1751102362830080176
2025-06-28T09:19:23.640Z,1751102363640263000
2025-06-28T09:19:24.710Z,1751102364710373427
2025-06-28T09:19:25.441Z,1751102365441030573
2025-06-28T09:19:26.010Z,1751102366010226398
2025-06-28T09:19:26.747Z,1751102366747865075
2025-06-28T09:19:26.777Z,1751102366777109608
2025-06-28T09:19:28.149Z,1751102368149119094
2025-06-28T09:19:29.007Z,1751102369007186064
2025-06-28T09:19:30.669Z,1751102370669380136
2025-06-28T09:19:31.266Z,1751102371266540872
2025-06-28T09:19:32.246Z,1751102372246685455
2025-06-28T09:19:32.870Z,1751102372870228068
2025-06-28T09:19:36.404Z,1751102376404445316
2025-06-28T09:19:37.366Z,1751102377366982678
2025-06-28T09:19:38.379Z,1751102378379444688
2025-06-28T09:19:39.270Z,1751102379270184590
2025-06-28T09:19:39.960Z,1751102379960438389
2025-06-28T09:19:40.079Z,1751102380079489330
2025-06-28T09:19:41.557Z,1751102381557421870
2025-06-28T09:19:41.705Z,1751102381705243833
2025-06-28T09:19:41.814Z,1751102381814493914
2025-06-28T09:19:42.439Z,1751102382439948197
2025-06-28T09:19:45.497Z,1751102385497788126
2025-06-28T09:19:46.547Z,1751102386547322652
2025-06-28T09:19:46.695Z,1751102386695135877
2025-06-28T09:19:48.439Z,1751102388439981438
2025-06-28T09:19:48.535Z,1751102388535362423
2025-06-28T09:19:49.179Z,1751102389179019058
2025-06-28T09:19:49.369Z,1751102389369649105
2025-06-28T09:19:50.136Z,1751102390136168757
2025-06-28T09:19:52.395Z,1751102392395063685
2025-06-28T09:19:52.564Z,1751102392564551335
2025-06-28T09:19:53.748Z,1751102393748995091
2025-06-28T09:19:54.306Z,1751102394306291304
2025-06-28T09:19:54.572Z,1751102394572634280
2025-06-28T09:19:57.707Z,1751102397707376892
2025-06-28T09:19:57.958Z,1751102397958195117
2025-06-28T09:19:58.845Z,1751102398845819641
2025-06-28T09:19:59.157Z,1751102399157140118
2025-06-28T09:20:01.240Z,1751102401240574321
2025-06-28T09:20:02.949Z,1751102402949324792
2025-06-28T09:20:05.489Z,1751102405489788136
2025-06-28T09:20:08.755Z,1751102408755315499
2025-06-28T09:20:09.327Z,1751102409327134786
2025-06-28T09:20:10.775Z,1751102410775795522
2025-06-28T09:20:10.886Z,1751102410886380485
2025-06-28T09:20:11.498Z,1751102411498061746
2025-06-28T09:20:11.508Z,1751102411508356170
2025-06-28T09:20:11.735Z,1751102411735895212
2025-06-28T09:20:11.765Z,1751102411765674321
2025-06-28T09:20:11.821Z,1751102411821855732
2025-06-28T09:20:12.046Z,1751102412046288907
2025-06-28T09:20:12.587Z,1751102412587210508
2025-06-28T09:20:13.476Z,1751102413476808436
2025-06-28T09:20:13.566Z,1751102413566916322
2025-06-28T09:20:16.950Z,1751102416950108313
2025-06-28T09:20:18.585Z,1751102418585945221
2025-06-28T09:20:19.324Z,1751102419324614322
2025-06-28T09:20:22.370Z,1751102422370144959
2025-06-28T09:20:24.829Z,1751102424829340900
2025-06-28T09:20:28.038Z,1751102428038690478
2025-06-28T09:20:30.648Z,1751102430648035735
2025-06-28T09:20:31.857Z,1751102431857138298
2025-06-28T09:20:32.089Z,1751102432089824066
2025-06-28T09:20:32.367Z,1751102432367334896
2025-06-28T09:20:35.585Z,1751102435585981461
2025-06-28T09:20:36.508Z,1751102436508187744
2025-06-28T09:20:38.341Z,1751102438341090586
2025-06-28T09:20:38.503Z,1751102438503664584
2025-06-28T09:20:39.125Z,1751102439125464587
2025-06-28T09:20:40.961Z,1751102440961666866
2025-06-28T09:20:41.179Z,1751102441179912648
2025-06-28T09:20:41.246Z,1751102441246587748
2025-06-28T09:20:42.417Z,1751102442417336173
2025-06-28T09:20:42.565Z,1751102442565109536
2025-06-28T09:20:43.170Z,1751102443170979937
2025-06-28T09:20:43.393Z,1751102443393246869
2025-06-28T09:20:43.566Z,1751102443566428821
2025-06-28T09:20:45.262Z,1751102445262677605
2025-06-28T09:20:45.453Z,1751102445453320965
2025-06-28T09:20:45.640Z,1751102445640938272
2025-06-28T09:20:46.810Z,1751102446810019882
2025-06-28T09:20:49.066Z,1751102449066940597
2025-06-28T09:20:49.950Z,1751102449950051361
2025-06-28T09:20:50.708Z,1751102450708662801
2025-06-28T09:20:51.265Z,1751102451265384424
2025-06-28T09:20:51.406Z,1751102451406879469
2025-06-28T09:20:52.403Z,1751102452403526908
2025-06-28T09:20:52.697Z,1751102452697723276
2025-06-28T09:20:54.602Z,1751102454602005131
2025-06-28T09:20:56.131Z,1751102456131296385
2025-06-28T09:20:57.963Z,1751102457963843325
2025-06-28T09:20:58.501Z,1751102458501688880
2025-06-28T09:20:58.613Z,1751102458613784758
2025-06-28T09:20:59.106Z,1751102459106301312
2025-06-28T09:20:59.156Z,1751102459156748305
2025-06-28T09:20:59.506Z,1751102459506812793
2025-06-28T09:21:01.403Z,1751102461403997797
2025-06-28T09:21:01.422Z,1751102461422062683
2025-06-28T09:21:01.682Z,1751102461682891522
2025-06-28T09:21:02.383Z,1751102462383548260
2025-06-28T09:21:02.457Z,1751102462457571174
2025-06-28T09:21:03.889Z,1751102463889812730
2025-06-28T09:21:05.261Z,1751102465261302007
2025-06-28T09:21:05.303Z,1751102465303972074
2025-06-28T09:21:10.059Z,1751102470059624549
2025-06-28T09:21:10.178Z,1751102470178620970
2025-06-28T09:21:11.736Z,1751102471736406366
2025-06-28T09:21:12.685Z,1751102472685397312
2025-06-28T09:21:12.715Z,1751102472715611062
2025-06-28T09:21:12.763Z,1751102472763698066
2025-06-28T09:21:16.216Z,1751102476216918751
2025-06-28T09:21:16.729Z,1751102476729544988
2025-06-28T09:21:16.777Z,1751102476777977553
2025-06-28T09:21:18.027Z,1751102478027594470
2025-06-28T09:21:19.916Z,1751102479916972698
2025-06-28T09:21:20.993Z,1751102480993687432
2025-06-28T09:21:21.508Z,1751102481508666424
2025-06-28T09:21:21.640Z,1751102481640831360
2025-06-28T09:21:24.152Z,1751102484152967539
2025-06-28T09:21:24.909Z,1751102484909562416
2025-06-28T09:21:26.211Z,1751102486211363971
2025-06-28T09:21:26.571Z,1751102486571832154
2025-06-28T09:21:28.128Z,1751102488128908710
2025-06-28T09:21:28.350Z,1751102488350616139
2025-06-28T09:21:30.083Z,1751102490083379889
2025-06-28T09:21:30.184Z,1751102490184072712
2025-06-28T09:21:30.479Z,1751102490479015680
2025-06-28T09:21:30.737Z,1751102490737607440
2025-06-28T09:21:31.763Z,1751102491763118183
2025-06-28T09:21:31.930Z,1751102491930713397
2025-06-28T09:21:32.660Z,1751102492660693600
2025-06-28T09:21:33.910Z,1751102493910991328
2025-06-28T09:21:34.283Z,1751102494283456457
2025-06-28T09:21:34.732Z,1751102494732090057
2025-06-28T09:21:35.508Z,1751102495508200490
2025-06-28T09:21:35.527Z,1751102495527593270
2025-06-28T09:21:35.816Z,1751102495816426546
2025-06-28T09:21:36.221Z,1751102496221120204
2025-06-28T09:21:37.187Z,1751102497187855629
2025-06-28T09:21:37.798Z,1751102497798596624
2025-06-28T09:21:38.284Z,1751102498284990565
2025-06-28T09:21:39.217Z,1751102499217739206
2025-06-28T09:21:39.350Z,1751102499350055045
2025-06-28T09:21:40.442Z,1751102500442087853
2025-06-28T09:21:41.160Z,1751102501160548816
2025-06-28T09:21:42.275Z,1751102502275412427
2025-06-28T09:21:42.611Z,1751102502611945805
2025-06-28T09:21:44.417Z,1751102504417673836
2025-06-28T09:21:45.576Z,1751102505576165477
2025-06-28T09:21:46.572Z,1751102506572164091
2025-06-28T09:21:47.963Z,1751102507963572945
2025-06-28T09:21:49.001Z,1751102509001232988
2025-06-28T09:21:49.151Z,1751102509151298354
2025-06-28T09:21:49.460Z,1751102509460180939
2025-06-28T09:21:51.534Z,1751102511534326976
2025-06-28T09:21:54.136Z,1751102514136964634
2025-06-28T09:21:54.259Z,1751102514259766993
2025-06-28T09:21:57.154Z,1751102517154198027
2025-06-28T09:21:58.872Z,1751102518872282799
2025-06-28T09:21:59.863Z,1751102519863230478
2025-06-28T09:22:07.286Z,1751102527286810273
2025-06-28T09:22:10.519Z,1751102530519628330
2025-06-28T09:22:10.879Z,1751102530879474852
2025-06-28T09:22:11.838Z,1751102531838193474
2025-06-28T09:22:11.909Z,1751102531909778634
2025-06-28T09:22:12.085Z,1751102532085659971
2025-06-28T09:22:13.634Z,1751102533634156173
2025-06-28T09:22:14.689Z,1751102534689610401
2025-06-28T09:22:14.699Z,1751102534699627956
2025-06-28T09:22:14.869Z,1751102534869689228
2025-06-28T09:22:15.173Z,1751102535173455635
2025-06-28T09:22:16.475Z,1751102536475629261
2025-06-28T09:22:16.517Z,1751102536517978133
2025-06-28T09:22:19.496Z,1751102539496939949
2025-06-28T09:22:20.417Z,1751102540417357873
2025-06-28T09:22:23.905Z,1751102543905998683
2025-06-28T09:22:24.268Z,1751102544268174302
2025-06-28T09:22:24.648Z,1751102544648468304
2025-06-28T09:22:24.857Z,1751102544857743559
2025-06-28T09:22:26.148Z,1751102546148708059
2025-06-28T09:22:29.094Z,1751102549094217474
2025-06-28T09:22:29.146Z,1751102549146671626
2025-06-28T09:22:29.314Z,1751102549314773858
2025-06-28T09:22:30.074Z,1751102550074403379
2025-06-28T09:22:31.281Z,1751102551281453134
2025-06-28T09:22:33.620Z,1751102553620829746
2025-06-28T09:22:35.837Z,1751102555837712246
2025-06-28T09:22:36.311Z,1751102556311816380
2025-06-28T09:22:36.474Z,1751102556474068515
2025-06-28T09:22:36.527Z,1751102556527694818
2025-06-28T09:22:36.714Z,1751102556714477412
2025-06-28T09:22:37.351Z,1751102557351637720
2025-06-28T09:22:39.225Z,1751102559225999569
2025-06-28T09:22:41.964Z,1751102561964630054
2025-06-28T09:22:42.441Z,1751102562441148478
2025-06-28T09:22:42.923Z,1751102562923126652
2025-06-28T09:22:44.285Z,1751102564285919470
2025-06-28T09:22:44.291Z,1751102564291374687
2025-06-28T09:22:45.570Z,1751102565570859803
2025-06-28T09:22:45.649Z,1751102565649959803
2025-06-28T09:22:46.763Z,1751102566763964236
2025-06-28T09:22:47.036Z,1751102567036055779
2025-06-28T09:22:49.710Z,1751102569710006875
2025-06-28T09:22:50.082Z,1751102570082276623
2025-06-28T09:22:50.154Z,1751102570154681943
2025-06-28T09:22:50.191Z,1751102570191687358
2025-06-28T09:22:50.424Z,1751102570424218497
2025-06-28T09:22:51.398Z,1751102571398924528
2025-06-28T09:22:52.415Z,1751102572415718582
2025-06-28T09:22:52.804Z,1751102572804953638
2025-06-28T09:22:53.084Z,1751102573084094744
2025-06-28T09:22:54.444Z,1751102574444638044
2025-06-28T09:22:55.055Z,1751102575055538194
2025-06-28T09:22:56.423Z,1751102576423990279
2025-06-28T09:22:57.225Z,1751102577225775684
2025-06-28T09:22:58.845Z,1751102578845579020
2025-06-28T09:22:58.933Z,1751102578933330667
2025-06-28T09:22:59.754Z,1751102579754436459
2025-06-28T09:22:59.848Z,1751102579848770156
2025-06-28T09:23:01.636Z,1751102581636339509
2025-06-28T09:23:02.669Z,1751102582669451776
2025-06-28T09:23:04.337Z,1751102584337017315
2025-06-28T09:23:06.179Z,1751102586179193427
2025-06-28T09:23:07.795Z,1751102587795422366
2025-06-28T09:23:08.005Z,1751102588005140832
2025-06-28T09:23:10.892Z,1751102590892125923
2025-06-28T09:23:11.460Z,1751102591460991580
2025-06-28T09:23:14.115Z,1751102594115447061
2025-06-28T09:23:15.978Z,1751102595978740337
2025-06-28T09:23:17.303Z,1751102597303098164
2025-06-28T09:23:22.804Z,1751102602804744111
2025-06-28T09:23:22.830Z,1751102602830293387
2025-06-28T09:23:24.600Z,1751102604600060191
2025-06-28T09:23:24.654Z,1751102604654327096
2025-06-28T09:23:24.857Z,1751102604857698745
2025-06-28T09:23:27.372Z,1751102607372599698
2025-06-28T09:23:29.431Z,1751102609431590113
2025-06-28T09:23:30.430Z,1751102610430037938
2025-06-28T09:23:32.044Z,1751102612044579737
2025-06-28T09:23:33.117Z,1751102613117448611
2025-06-28T09:23:33.717Z,1751102613717612549
2025-06-28T09:23:36.587Z,1751102616587955759
2025-06-28T09:23:38.638Z,1751102618638391738
2025-06-28T09:23:40.338Z,1751102620338331575
2025-06-28T09:23:41.393Z,1751102621393859896
2025-06-28T09:23:43.191Z,1751102623191166221
2025-06-28T09:23:43.483Z,1751102623483425411
2025-06-28T09:23:44.892Z,1751102624892176972
2025-06-28T09:23:45.976Z,1751102625976575201
2025-06-28T09:23:47.149Z,1751102627149000469
2025-06-28T09:23:48.255Z,1751102628255845476
2025-06-28T09:23:48.942Z,1751102628942351415
2025-06-28T09:23:49.762Z,1751102629762262237
2025-06-28T09:23:50.129Z,1751102630129111711
2025-06-28T09:23:50.943Z,1751102630943508793
2025-06-28T09:23:51.319Z,1751102631319505727
2025-06-28T09:23:51.476Z,1751102631476517494
2025-06-28T09:23:52.824Z,1751102632824040469
2025-06-28T09:23:53.521Z,1751102633521700529
2025-06-28T09:23:55.143Z,1751102635143739904
2025-06-28T09:24:00.429Z,1751102640429976296
2025-06-28T09:24:04.615Z,1751102644615125367
2025-06-28T09:24:04.738Z,1751102644738012593
2025-06-28T09:24:05.292Z,1751102645292275972
2025-06-28T09:24:05.837Z,1751102645837961952
2025-06-28T09:24:07.665Z,1751102647665849683
2025-06-28T09:24:07.698Z,1751102647698179509
2025-06-28T09:24:07.973Z,1751102647973203374
2025-06-28T09:24:09.926Z,1751102649926591136
2025-06-28T09:24:13.043Z,1751102653043787197
2025-06-28T09:24:14.258Z,1751102654258625277
2025-06-28T09:24:14.596Z,1751102654596825929
2025-06-28T09:24:14.808Z,1751102654808848655
2025-06-28T09:24:15.035Z,1751102655035049816
2025-06-28T09:24:15.113Z,1751102655113048421
2025-06-28T09:24:15.160Z,1751102655160953640
2025-06-28T09:24:17.602Z,1751102657602946608
2025-06-28T09:24:17.986Z,1751102657986935314
2025-06-28T09:24:18.117Z,1751102658117339096
2025-06-28T09:24:19.849Z,1751102659849248861
2025-06-28T09:24:21.455Z,1751102661455481705
2025-06-28T09:24:22.315Z,1751102662315164676
2025-06-28T09:24:26.098Z,1751102666098043197
2025-06-28T09:24:27.102Z,1751102667102637099
2025-06-28T09:24:27.511Z,1751102667511929720
2025-06-28T09:24:28.344Z,1751102668344260136
2025-06-28T09:24:30.010Z,1751102670010096527
2025-06-28T09:24:31.226Z,1751102671226431936
2025-06-28T09:24:31.678Z,1751102671678329943
2025-06-28T09:24:31.807Z,1751102671807928166
2025-06-28T09:24:32.845Z,1751102672845534635
2025-06-28T09:24:38.114Z,1751102678114684842
2025-06-28T09:24:42.049Z,1751102682049550558
2025-06-28T09:24:44.047Z,1751102684047002382
2025-06-28T09:24:44.590Z,1751102684590401426
2025-06-28T09:24:50.478Z,1751102690478480724
2025-06-28T09:24:53.843Z,1751102693843284130
2025-06-28T09:24:57.588Z,1751102697588186123
2025-06-28T09:24:59.385Z,1751102699385678937
2025-06-28T09:25:00.511Z,1751102700511771381
2025-06-28T09:25:02.222Z,1751102702222353222
2025-06-28T09:25:02.352Z,1751102702352802476
2025-06-28T09:25:03.171Z,1751102703171398572
2025-06-28T09:25:03.709Z,1751102703709187794
2025-06-28T09:25:03.733Z,1751102703733928958
2025-06-28T09:25:04.640Z,1751102704640427677
2025-06-28T09:25:04.802Z,1751102704802653054
2025-06-28T09:25:05.593Z,1751102705593570050
2025-06-28T09:25:05.869Z,1751102705869279066
2025-06-28T09:25:06.545Z,1751102706545230887
2025-06-28T09:25:07.571Z,1751102707571974519
2025-06-28T09:25:07.752Z,1751102707752416145
2025-06-28T09:25:10.651Z,1751102710651190536
2025-06-28T09:25:13.150Z,1751102713150395473
2025-06-28T09:25:18.108Z,1751102718108519433
2025-06-28T09:25:18.517Z,1751102718517628111
2025-06-28T09:25:21.042Z,1751102721042608941
2025-06-28T09:25:22.835Z,1751102722835018472
2025-06-28T09:25:26.531Z,1751102726531969447
2025-06-28T09:25:28.739Z,1751102728739961084
2025-06-28T09:25:31.220Z,1751102731220017069
2025-06-28T09:25:35.095Z,1751102735095170635
2025-06-28T09:25:35.472Z,1751102735472675315
2025-06-28T09:25:35.882Z,1751102735882193768
2025-06-28T09:25:39.219Z,1751102739219672403
2025-06-28T09:25:40.904Z,1751102740904896882
2025-06-28T09:25:41.141Z,1751102741141904392
2025-06-28T09:25:41.583Z,1751102741583331930
2025-06-28T09:25:44.347Z,1751102744347979300
2025-06-28T09:25:44.636Z,1751102744636020396
2025-06-28T09:25:44.868Z,1751102744868198357
2025-06-28T09:25:44.960Z,1751102744960502736
2025-06-28T09:25:45.176Z,1751102745176708229
2025-06-28T09:25:45.236Z,1751102745236991415
2025-06-28T09:25:49.469Z,1751102749469261241
2025-06-28T09:25:49.849Z,1751102749849254168
2025-06-28T09:25:49.935Z,1751102749935577433
2025-06-28T09:25:49.957Z,1751102749957423221
2025-06-28T09:25:51.210Z,1751102751210892160
2025-06-28T09:25:51.454Z,1751102751454471879
2025-06-28T09:25:52.655Z,1751102752655573471
2025-06-28T09:25:53.334Z,1751102753334168147
2025-06-28T09:25:53.824Z,1751102753824144378
2025-06-28T09:25:54.774Z,1751102754774368319
2025-06-28T09:25:55.344Z,1751102755344759487
2025-06-28T09:25:56.146Z,1751102756146948245
2025-06-28T09:25:58.086Z,1751102758086961806
2025-06-28T09:25:58.314Z,1751102758314251369
2025-06-28T09:25:59.575Z,1751102759575705350
2025-06-28T09:26:00.332Z,1751102760332601941
2025-06-28T09:26:03.308Z,1751102763308355847
2025-06-28T09:26:05.312Z,1751102765312684196
2025-06-28T09:26:08.390Z,1751102768390828624
2025-06-28T09:26:09.318Z,1751102769318467859
2025-06-28T09:26:14.002Z,1751102774002488099
2025-06-28T09:26:15.823Z,1751102775823452343
2025-06-28T09:26:16.650Z,1751102776650865843
2025-06-28T09:26:18.955Z,1751102778955334372
2025-06-28T09:26:19.285Z,1751102779285674006
2025-06-28T09:26:20.904Z,1751102780904466154
2025-06-28T09:26:23.311Z,1751102783311980358
2025-06-28T09:26:24.316Z,1751102784316034551
2025-06-28T09:26:24.373Z,1751102784373990866
2025-06-28T09:26:24.469Z,1751102784469099059
2025-06-28T09:26:25.768Z,1751102785768396239
2025-06-28T09:26:26.986Z,1751102786986901593
2025-06-28T09:26:27.872Z,1751102787872841341
2025-06-28T09:26:27.966Z,1751102787966745430
2025-06-28T09:26:28.892Z,1751102788892195691
2025-06-28T09:26:29.639Z,1751102789639243235
2025-06-28T09:26:29.963Z,1751102789963667128
2025-06-28T09:26:30.469Z,1751102790469504748
2025-06-28T09:26:33.084Z,1751102793084137324
2025-06-28T09:26:34.211Z,1751102794211992534
2025-06-28T09:26:35.300Z,1751102795300341217
2025-06-28T09:26:36.427Z,1751102796427520735
2025-06-28T09:26:37.045Z,1751102797045971818
2025-06-28T09:26:37.137Z,1751102797137075844
2025-06-28T09:26:40.489Z,1751102800489968192
2025-06-28T09:26:43.429Z,1751102803429422391
2025-06-28T09:26:49.286Z,1751102809286193694
2025-06-28T09:26:49.578Z,1751102809578590398
2025-06-28T09:26:52.917Z,1751102812917194110
2025-06-28T09:26:53.509Z,1751102813509961851
2025-06-28T09:26:53.872Z,1751102813872477325
2025-06-28T09:26:58.226Z,1751102818226779344
2025-06-28T09:27:07.463Z,1751102827463052185
2025-06-28T09:27:08.083Z,1751102828083612292
2025-06-28T09:27:12.270Z,1751102832270192264
2025-06-28T09:27:12.317Z,1751102832317551298
2025-06-28T09:27:12.412Z,1751102832412100027
2025-06-28T09:27:13.003Z,1751102833003101379
2025-06-28T09:27:13.856Z,1751102833856939716
2025-06-28T09:27:14.938Z,1751102834938827010
2025-06-28T09:27:16.196Z,1751102836196246599
2025-06-28T09:27:16.632Z,1751102836632857532
2025-06-28T09:27:18.902Z,1751102838902399215
2025-06-28T09:27:19.120Z,1751102839120492649
2025-06-28T09:27:20.667Z,1751102840667975344
2025-06-28T09:27:21.384Z,1751102841384721954
2025-06-28T09:27:22.480Z,1751102842480112821
2025-06-28T09:27:22.638Z,1751102842638163524
2025-06-28T09:27:22.644Z,1751102842644893519
2025-06-28T09:27:25.430Z,1751102845430740774
2025-06-28T09:27:25.756Z,1751102845756887018
2025-06-28T09:27:26.912Z,1751102846912956617
2025-06-28T09:27:26.949Z,1751102846949960965
2025-06-28T09:27:28.230Z,1751102848230763644
2025-06-28T09:27:28.259Z,1751102848259859890
2025-06-28T09:27:29.716Z,1751102849716003046
2025-06-28T09:27:30.861Z,1751102850861444892
2025-06-28T09:27:32.978Z,1751102852978748563
2025-06-28T09:27:34.997Z,1751102854997323574
2025-06-28T09:27:36.093Z,1751102856093176639
2025-06-28T09:27:38.544Z,1751102858544815180
2025-06-28T09:27:40.636Z,1751102860636586176
2025-06-28T09:27:41.394Z,1751102861394558231
2025-06-28T09:27:43.432Z,1751102863432417276
2025-06-28T09:27:44.932Z,1751102864932630277
2025-06-28T09:27:50.892Z,1751102870892380094
2025-06-28T09:27:51.615Z,1751102871615325364
2025-06-28T09:27:52.335Z,1751102872335080728
2025-06-28T09:27:52.554Z,1751102872554142098
2025-06-28T09:27:54.064Z,1751102874064157316
2025-06-28T09:27:54.370Z,1751102874370800897
2025-06-28T09:27:54.495Z,1751102874495362879
2025-06-28T09:27:54.612Z,1751102874612597915
2025-06-28T09:27:54.613Z,1751102874613893345
2025-06-28T09:27:55.029Z,1751102875029925480
2025-06-28T09:27:57.483Z,1751102877483507522
2025-06-28T09:28:01.476Z,1751102881476367143
2025-06-28T09:28:06.113Z,1751102886113506969
2025-06-28T09:28:08.929Z,1751102888929311066
2025-06-28T09:28:08.935Z,1751102888935290105
2025-06-28T09:28:09.011Z,1751102889011809236
2025-06-28T09:28:11.618Z,1751102891618725131
2025-06-28T09:28:12.402Z,1751102892402644004
2025-06-28T09:28:13.495Z,1751102893495558800
2025-06-28T09:28:14.762Z,1751102894762360130
2025-06-28T09:28:16.189Z,1751102896189070416
2025-06-28T09:28:16.243Z,1751102896243854746
2025-06-28T09:28:16.398Z,1751102896398756219
2025-06-28T09:28:17.074Z,1751102897074995164
2025-06-28T09:28:18.117Z,1751102898117328930
2025-06-28T09:28:22.182Z,1751102902182848562
2025-06-28T09:28:23.432Z,1751102903432164985
2025-06-28T09:28:25.980Z,1751102905980438908
2025-06-28T09:28:26.458Z,1751102906458833694
2025-06-28T09:28:26.610Z,1751102906610905769
2025-06-28T09:28:29.042Z,1751102909042425124
2025-06-28T09:28:29.476Z,1751102909476938530
2025-06-28T09:28:29.996Z,1751102909996888175
2025-06-28T09:28:30.314Z,1751102910314240847
2025-06-28T09:28:30.847Z,1751102910847706153
2025-06-28T09:28:31.403Z,1751102911403064792
2025-06-28T09:28:32.002Z,1751102912002771564
2025-06-28T09:28:32.108Z,1751102912108469004
2025-06-28T09:28:32.831Z,1751102912831132850
2025-06-28T09:28:33.989Z,1751102913989362993
2025-06-28T09:28:34.667Z,1751102914667732992
2025-06-28T09:28:35.569Z,1751102915569789110
2025-06-28T09:28:35.819Z,1751102915819081170
2025-06-28T09:28:36.050Z,1751102916050273808
2025-06-28T09:28:36.650Z,1751102916650466598
2025-06-28T09:28:37.672Z,1751102917672390333
2025-06-28T09:28:38.146Z,1751102918146730613
2025-06-28T09:28:39.442Z,1751102919442304513
2025-06-28T09:28:40.121Z,1751102920121489530
2025-06-28T09:28:40.247Z,1751102920247185393
2025-06-28T09:28:41.765Z,1751102921765138236
2025-06-28T09:28:41.878Z,1751102921878972845
2025-06-28T09:28:45.794Z,1751102925794798283
2025-06-28T09:28:45.805Z,1751102925805041005
2025-06-28T09:28:46.183Z,1751102926183829441
2025-06-28T09:28:46.526Z,1751102926526100577
2025-06-28T09:28:47.329Z,1751102927329143608
2025-06-28T09:28:47.589Z,1751102927589690002
2025-06-28T09:28:47.937Z,1751102927937038589
2025-06-28T09:28:47.981Z,1751102927981424454
2025-06-28T09:28:49.529Z,1751102929529009070
2025-06-28T09:28:50.368Z,1751102930368662906
2025-06-28T09:28:53.886Z,1751102933886841517
2025-06-28T09:28:55.836Z,1751102935836176117
2025-06-28T09:28:55.979Z,1751102935979843842
2025-06-28T09:28:56.184Z,1751102936184834118
2025-06-28T09:28:59.078Z,1751102939078677476
2025-06-28T09:28:59.388Z,1751102939388824746
2025-06-28T09:29:00.416Z,1751102940416654393
2025-06-28T09:29:00.453Z,1751102940453069382
2025-06-28T09:29:01.729Z,1751102941729007984
2025-06-28T09:29:03.927Z,1751102943927310140
2025-06-28T09:29:04.565Z,1751102944565361399
2025-06-28T09:29:04.674Z,1751102944674264352
2025-06-28T09:29:08.148Z,1751102948148967528
2025-06-28T09:29:09.509Z,1751102949509263197
2025-06-28T09:29:12.674Z,1751102952674944480
2025-06-28T09:29:13.092Z,1751102953092698570
2025-06-28T09:29:13.139Z,1751102953139617585
2025-06-28T09:29:15.275Z,1751102955275923109
2025-06-28T09:29:15.740Z,1751102955740190667
2025-06-28T09:29:15.743Z,1751102955743761518
2025-06-28T09:29:16.744Z,1751102956744852499
2025-06-28T09:29:16.920Z,1751102956920553548
2025-06-28T09:29:18.838Z,1751102958838019918
2025-06-28T09:29:19.298Z,1751102959298893337
2025-06-28T09:29:20.621Z,1751102960621044083
2025-06-28T09:29:21.267Z,1751102961267682449
2025-06-28T09:29:22.621Z,1751102962621443291
2025-06-28T09:29:23.542Z,1751102963542874144
2025-06-28T09:29:25.275Z,1751102965275586521
2025-06-28T09:29:28.491Z,1751102968491049657
2025-06-28T09:29:29.097Z,1751102969097705471
2025-06-28T09:29:30.141Z,1751102970141667431
2025-06-28T09:29:30.288Z,1751102970288040666
2025-06-28T09:29:33.966Z,1751102973966733324
2025-06-28T09:29:34.192Z,1751102974192748567
2025-06-28T09:29:34.280Z,1751102974280942705
2025-06-28T09:29:35.191Z,1751102975191428225
2025-06-28T09:29:35.412Z,1751102975412594434
2025-06-28T09:29:36.838Z,1751102976838890181
2025-06-28T09:29:37.260Z,1751102977260218027
2025-06-28T09:29:38.245Z,1751102978245226050
2025-06-28T09:29:38.756Z,1751102978756608477
2025-06-28T09:29:39.485Z,1751102979485076378
2025-06-28T09:29:40.130Z,1751102980130761549
2025-06-28T09:29:41.099Z,1751102981099703627
2025-06-28T09:29:42.472Z,1751102982472900870
2025-06-28T09:29:42.853Z,1751102982853986537
2025-06-28T09:29:44.681Z,1751102984681236562
2025-06-28T09:29:48.490Z,1751102988490763195
2025-06-28T09:29:51.236Z,1751102991236222153
2025-06-28T09:29:52.825Z,1751102992825200321
2025-06-28T09:29:55.796Z,1751102995796596336
2025-06-28T09:29:56.417Z,1751102996417868886
2025-06-28T09:29:56.431Z,1751102996431659490
2025-06-28T09:29:57.109Z,1751102997109743924
2025-06-28T09:29:58.202Z,1751102998202720598
2025-06-28T09:29:58.863Z,1751102998863753643
2025-06-28T09:29:59.908Z,1751102999908995372
2025-06-28T09:30:01.066Z,1751103001066702995
2025-06-28T09:30:01.440Z,1751103001440160000
2025-06-28T09:30:02.499Z,1751103002499718703
2025-06-28T09:30:04.304Z,1751103004304968197
2025-06-28T09:30:04.495Z,1751103004495031461
2025-06-28T09:30:04.526Z,1751103004526945017
2025-06-28T09:30:04.623Z,1751103004623205855
2025-06-28T09:30:08.714Z,1751103008714880787
2025-06-28T09:30:10.955Z,1751103010955072598
2025-06-28T09:30:11.251Z,1751103011251974512
2025-06-28T09:30:11.858Z,1751103011858233107
2025-06-28T09:30:11.946Z,1751103011946325678
2025-06-28T09:30:11.989Z,1751103011989236676
2025-06-28T09:30:12.571Z,1751103012571354963
2025-06-28T09:30:13.314Z,1751103013314561951
2025-06-28T09:30:13.666Z,1751103013666752807
2025-06-28T09:30:13.893Z,1751103013893752723
2025-06-28T09:30:15.493Z,1751103015493432744
2025-06-28T09:30:15.774Z,1751103015774363614
2025-06-28T09:30:18.054Z,1751103018054199110
2025-06-28T09:30:18.297Z,1751103018297827500
2025-06-28T09:30:18.359Z,1751103018359385650
2025-06-28T09:30:21.153Z,1751103021153149917
2025-06-28T09:30:21.379Z,1751103021379529312
2025-06-28T09:30:21.571Z,1751103021571667580
2025-06-28T09:30:22.100Z,1751103022100916579
2025-06-28T09:30:23.622Z,1751103023622649158
2025-06-28T09:30:24.134Z,1751103024134706765
2025-06-28T09:30:24.304Z,1751103024304252180
2025-06-28T09:30:25.968Z,1751103025968712140
2025-06-28T09:30:27.646Z,1751103027646096572
2025-06-28T09:30:27.803Z,1751103027803293229
2025-06-28T09:30:29.191Z,1751103029191990378
2025-06-28T09:30:31.023Z,1751103031023347165
2025-06-28T09:30:31.191Z,1751103031191350437
2025-06-28T09:30:31.799Z,1751103031799980474
2025-06-28T09:30:35.849Z,1751103035849324163
2025-06-28T09:30:36.514Z,1751103036514320224
2025-06-28T09:30:36.904Z,1751103036904945700
2025-06-28T09:30:42.771Z,1751103042771899305
2025-06-28T09:30:43.015Z,1751103043015548822
2025-06-28T09:30:45.549Z,1751103045549967554
2025-06-28T09:30:48.066Z,1751103048066604418
2025-06-28T09:30:48.268Z,1751103048268032830
2025-06-28T09:30:49.436Z,1751103049436423458
2025-06-28T09:30:50.692Z,1751103050692098233
2025-06-28T09:30:50.897Z,1751103050897523684
2025-06-28T09:30:52.341Z,1751103052341860635
2025-06-28T09:30:52.469Z,1751103052469954045
2025-06-28T09:30:52.672Z,1751103052672498061
2025-06-28T09:30:52.697Z,1751103052697051442
2025-06-28T09:30:52.820Z,1751103052820201195
2025-06-28T09:30:53.158Z,1751103053158413490
2025-06-28T09:30:53.943Z,1751103053943745351
2025-06-28T09:30:54.607Z,1751103054607823608
2025-06-28T09:30:55.895Z,1751103055895958152
2025-06-28T09:30:57.667Z,1751103057667617914
2025-06-28T09:30:58.623Z,1751103058623951498
2025-06-28T09:30:59.035Z,1751103059035606492
2025-06-28T09:31:03.245Z,1751103063245197591
2025-06-28T09:31:03.259Z,1751103063259560238
2025-06-28T09:31:03.649Z,1751103063649569532
2025-06-28T09:31:05.785Z,1751103065785756642
2025-06-28T09:31:06.475Z,1751103066475938312
2025-06-28T09:31:08.305Z,1751103068305154303
2025-06-28T09:31:08.870Z,1751103068870859172
2025-06-28T09:31:09.893Z,1751103069893003343
2025-06-28T09:31:10.707Z,1751103070707885699
2025-06-28T09:31:12.357Z,1751103072357980922
2025-06-28T09:31:14.089Z,1751103074089442391
2025-06-28T09:31:18.955Z,1751103078955961831
2025-06-28T09:31:20.230Z,1751103080230575389
2025-06-28T09:31:20.244Z,1751103080244579513
2025-06-28T09:31:21.106Z,1751103081106466842
2025-06-28T09:31:28.629Z,1751103088629930341
2025-06-28T09:31:28.871Z,1751103088871462932
2025-06-28T09:31:29.252Z,1751103089252949215
2025-06-28T09:31:30.230Z,1751103090230068228
2025-06-28T09:31:30.444Z,1751103090444642254
2025-06-28T09:31:30.625Z,1751103090625686146
2025-06-28T09:31:31.536Z,1751103091536318797
2025-06-28T09:31:39.130Z,1751103099130286429
2025-06-28T09:31:40.716Z,1751103100716244641
2025-06-28T09:31:41.208Z,1751103101208340533
2025-06-28T09:31:42.222Z,1751103102222695222
2025-06-28T09:31:42.378Z,1751103102378601817
2025-06-28T09:31:42.864Z,1751103102864324563
2025-06-28T09:31:43.020Z,1751103103020988205
2025-06-28T09:31:43.375Z,1751103103375266172
2025-06-28T09:31:44.505Z,1751103104505820480
2025-06-28T09:31:44.690Z,1751103104690268086
2025-06-28T09:31:47.698Z,1751103107698731728
2025-06-28T09:31:49.963Z,1751103109963892823
2025-06-28T09:31:51.163Z,1751103111163759507
2025-06-28T09:31:52.035Z,1751103112035234420
2025-06-28T09:31:53.853Z,1751103113853800405
2025-06-28T09:31:54.654Z,1751103114654769907
2025-06-28T09:31:57.103Z,1751103117103325810
2025-06-28T09:31:57.742Z,1751103117742971365
2025-06-28T09:31:58.201Z,1751103118201826437
2025-06-28T09:31:58.653Z,1751103118653328081
2025-06-28T09:31:59.054Z,1751103119054266361
2025-06-28T09:31:59.454Z,1751103119454680254
2025-06-28T09:32:00.482Z,1751103120482562517
2025-06-28T09:32:01.338Z,1751103121338778821
2025-06-28T09:32:04.524Z,1751103124524994550
2025-06-28T09:32:08.783Z,1751103128783767460
2025-06-28T09:32:09.086Z,1751103129086941659
2025-06-28T09:32:09.843Z,1751103129843970626
2025-06-28T09:32:11.329Z,1751103131329115090
2025-06-28T09:32:15.122Z,1751103135122415168
2025-06-28T09:32:15.380Z,1751103135380873620
2025-06-28T09:32:17.271Z,1751103137271638530
2025-06-28T09:32:17.569Z,1751103137569586796
2025-06-28T09:32:17.722Z,1751103137722832973
2025-06-28T09:32:19.186Z,1751103139186373476
2025-06-28T09:32:19.314Z,1751103139314557436
2025-06-28T09:32:21.334Z,1751103141334790182
2025-06-28T09:32:21.673Z,1751103141673453322
2025-06-28T09:32:23.663Z,1751103143663904551
2025-06-28T09:32:27.601Z,1751103147601632881
2025-06-28T09:32:30.134Z,1751103150134626670
2025-06-28T09:32:30.517Z,1751103150517068915
2025-06-28T09:32:31.043Z,1751103151043043279
2025-06-28T09:32:31.227Z,1751103151227014056
2025-06-28T09:32:34.804Z,1751103154804019519
2025-06-28T09:32:35.244Z,1751103155244114412
2025-06-28T09:32:37.396Z,1751103157396423844
2025-06-28T09:32:40.360Z,1751103160360856159
2025-06-28T09:32:42.252Z,1751103162252544521
2025-06-28T09:32:43.316Z,1751103163316951557
2025-06-28T09:32:43.562Z,1751103163562342293
2025-06-28T09:32:43.788Z,1751103163788113582
2025-06-28T09:32:44.433Z,1751103164433030339
2025-06-28T09:32:47.420Z,1751103167420495029
2025-06-28T09:32:48.201Z,1751103168201013784
2025-06-28T09:32:48.624Z,1751103168624719193
2025-06-28T09:32:49.480Z,1751103169480840900
2025-06-28T09:32:51.800Z,1751103171800003666
2025-06-28T09:32:53.101Z,1751103173101564105
2025-06-28T09:32:53.639Z,1751103173639938805
2025-06-28T09:32:55.302Z,1751103175302772295
2025-06-28T09:32:56.154Z,1751103176154205598
2025-06-28T09:32:57.799Z,1751103177799090664
2025-06-28T09:32:57.940Z,1751103177940398045
2025-06-28T09:33:00.939Z,1751103180939181277
2025-06-28T09:33:02.177Z,1751103182177434095
2025-06-28T09:33:03.706Z,1751103183706954782
2025-06-28T09:33:05.206Z,1751103185206867475
2025-06-28T09:33:06.551Z,1751103186551584869
2025-06-28T09:33:06.664Z,1751103186664508803
2025-06-28T09:33:07.578Z,1751103187578306262
2025-06-28T09:33:08.547Z,1751103188547370646
2025-06-28T09:33:09.714Z,1751103189714626414
2025-06-28T09:33:10.080Z,1751103190080387822
2025-06-28T09:33:10.440Z,1751103190440595947
2025-06-28T09:33:13.654Z,1751103193654053497
2025-06-28T09:33:15.521Z,1751103195521262991
2025-06-28T09:33:16.441Z,1751103196441561550
2025-06-28T09:33:19.279Z,1751103199279049534
2025-06-28T09:33:19.500Z,1751103199500803373
2025-06-28T09:33:19.894Z,1751103199894077781
2025-06-28T09:33:20.425Z,1751103200425216183
2025-06-28T09:33:20.645Z,1751103200645866510
2025-06-28T09:33:21.325Z,1751103201325090127
2025-06-28T09:33:22.049Z,1751103202049616586
2025-06-28T09:33:22.124Z,1751103202124078242
2025-06-28T09:33:25.533Z,1751103205533029375
2025-06-28T09:33:25.840Z,1751103205840023367
2025-06-28T09:33:26.139Z,1751103206139570122
2025-06-28T09:33:26.695Z,1751103206695684404
2025-06-28T09:33:27.626Z,1751103207626001853
2025-06-28T09:33:28.249Z,1751103208249453031
2025-06-28T09:33:28.328Z,1751103208328046739
2025-06-28T09:33:29.393Z,1751103209393240189
2025-06-28T09:33:29.850Z,1751103209850363310
2025-06-28T09:33:30.455Z,1751103210455778938
2025-06-28T09:33:31.225Z,1751103211225136000
2025-06-28T09:33:33.263Z,1751103213263785490
2025-06-28T09:33:33.680Z,1751103213680726380
2025-06-28T09:33:33.890Z,1751103213890115277
2025-06-28T09:33:33.956Z,1751103213956822002
2025-06-28T09:33:34.833Z,1751103214833723573
2025-06-28T09:33:37.445Z,1751103217445261341
2025-06-28T09:33:38.870Z,1751103218870057742
2025-06-28T09:33:38.926Z,1751103218926342341
2025-06-28T09:33:38.999Z,1751103218999647612
2025-06-28T09:33:39.013Z,1751103219013831384
2025-06-28T09:33:40.512Z,1751103220512748907
2025-06-28T09:33:42.848Z,1751103222848041044
2025-06-28T09:33:42.954Z,1751103222954108042
2025-06-28T09:33:45.016Z,1751103225016957131
2025-06-28T09:33:48.148Z,1751103228148674782
2025-06-28T09:33:48.385Z,1751103228385911305
2025-06-28T09:33:48.905Z,1751103228905734871
2025-06-28T09:33:49.639Z,1751103229639373682
2025-06-28T09:33:50.845Z,1751103230845587668
2025-06-28T09:33:51.001Z,1751103231001369027
2025-06-28T09:33:56.804Z,1751103236804725530
2025-06-28T09:33:57.765Z,1751103237765845072
2025-06-28T09:33:59.233Z,1751103239233102248
2025-06-28T09:33:59.748Z,1751103239748885955
2025-06-28T09:34:00.753Z,1751103240753612161
2025-06-28T09:34:02.184Z,1751103242184406833
2025-06-28T09:34:05.349Z,1751103245349610859
2025-06-28T09:34:05.436Z,1751103245436098551
2025-06-28T09:34:06.048Z,1751103246048683690
2025-06-28T09:34:06.683Z,1751103246683732335
2025-06-28T09:34:10.237Z,1751103250237856969
2025-06-28T09:34:14.901Z,1751103254901265151
2025-06-28T09:34:14.990Z,1751103254990562205
2025-06-28T09:34:15.094Z,1751103255094659487
2025-06-28T09:34:15.585Z,1751103255585035763
2025-06-28T09:34:17.450Z,1751103257450167888
2025-06-28T09:34:17.816Z,1751103257816421336
2025-06-28T09:34:18.105Z,1751103258105599777
2025-06-28T09:34:19.719Z,1751103259719529450
2025-06-28T09:34:20.438Z,1751103260438249915
2025-06-28T09:34:21.739Z,1751103261739266617
2025-06-28T09:34:21.741Z,1751103261741668137
2025-06-28T09:34:22.671Z,1751103262671869078
2025-06-28T09:34:22.749Z,1751103262749880114
2025-06-28T09:34:23.791Z,1751103263791565925
2025-06-28T09:34:24.117Z,1751103264117399047
2025-06-28T09:34:27.656Z,1751103267656783175
2025-06-28T09:34:28.116Z,1751103268116492785
2025-06-28T09:34:29.207Z,1751103269207825682
2025-06-28T09:34:29.965Z,1751103269965337657
2025-06-28T09:34:30.298Z,1751103270298696190
2025-06-28T09:34:30.492Z,1751103270492281109
2025-06-28T09:34:33.864Z,1751103273864960670
2025-06-28T09:34:33.900Z,1751103273900855265
2025-06-28T09:34:37.163Z,1751103277163016014
2025-06-28T09:34:37.195Z,1751103277195011904
2025-06-28T09:34:37.203Z,1751103277203000745
2025-06-28T09:34:37.254Z,1751103277254138102
2025-06-28T09:34:37.893Z,1751103277893215783
2025-06-28T09:34:38.577Z,1751103278577409729
2025-06-28T09:34:39.307Z,1751103279307990396
2025-06-28T09:34:45.946Z,1751103285946519595
2025-06-28T09:34:46.461Z,1751103286461384125
2025-06-28T09:34:47.536Z,1751103287536265001
2025-06-28T09:34:47.852Z,1751103287852259937
2025-06-28T09:34:48.161Z,1751103288161496248
2025-06-28T09:34:49.284Z,1751103289284833315
2025-06-28T09:34:49.410Z,1751103289410103390
2025-06-28T09:34:50.272Z,1751103290272994595
2025-06-28T09:34:51.671Z,1751103291671869320
2025-06-28T09:34:52.600Z,1751103292600214259
2025-06-28T09:34:52.946Z,1751103292946869419
2025-06-28T09:34:53.463Z,1751103293463401799
2025-06-28T09:34:54.001Z,1751103294001293969
2025-06-28T09:35:00.366Z,1751103300366647811
2025-06-28T09:35:06.782Z,1751103306782845903
2025-06-28T09:35:06.820Z,1751103306820258229
2025-06-28T09:35:07.501Z,1751103307501746788
2025-06-28T09:35:09.513Z,1751103309513827476
2025-06-28T09:35:10.591Z,1751103310591447553
2025-06-28T09:35:10.779Z,1751103310779898014
2025-06-28T09:35:10.884Z,1751103310884039441
2025-06-28T09:35:10.904Z,1751103310904554224
2025-06-28T09:35:13.699Z,1751103313699813558
2025-06-28T09:35:15.488Z,1751103315488320803
2025-06-28T09:35:15.642Z,1751103315642652121
2025-06-28T09:35:17.461Z,1751103317461667710
2025-06-28T09:35:17.631Z,1751103317631042244
2025-06-28T09:35:17.757Z,1751103317757421624
2025-06-28T09:35:21.005Z,1751103321005893654
2025-06-28T09:35:22.155Z,1751103322155421830
2025-06-28T09:35:22.272Z,1751103322272921645
2025-06-28T09:35:22.869Z,1751103322869208303
2025-06-28T09:35:25.559Z,1751103325559853555
2025-06-28T09:35:26.170Z,1751103326170267813
2025-06-28T09:35:27.820Z,1751103327820869895
2025-06-28T09:35:27.881Z,1751103327881562626
2025-06-28T09:35:27.910Z,1751103327910242873
2025-06-28T09:35:29.902Z,1751103329902954533
2025-06-28T09:35:30.570Z,1751103330570626360
2025-06-28T09:35:30.638Z,1751103330638111602
2025-06-28T09:35:34.594Z,1751103334594324391
2025-06-28T09:35:34.751Z,1751103334751583713
2025-06-28T09:35:35.435Z,1751103335435821214
2025-06-28T09:35:36.706Z,1751103336706606618
2025-06-28T09:35:38.416Z,1751103338416583481
2025-06-28T09:35:38.543Z,1751103338543356464
2025-06-28T09:35:38.951Z,1751103338951338513
2025-06-28T09:35:39.004Z,1751103339004314391
2025-06-28T09:35:39.013Z,1751103339013630148
2025-06-28T09:35:40.262Z,1751103340262269750
2025-06-28T09:35:42.505Z,1751103342505462509
2025-06-28T09:35:42.582Z,1751103342582798941
2025-06-28T09:35:42.750Z,1751103342750345692
2025-06-28T09:35:42.774Z,1751103342774625667
2025-06-28T09:35:42.953Z,1751103342953898601
2025-06-28T09:35:45.133Z,1751103345133122854
2025-06-28T09:35:45.354Z,1751103345354189174
2025-06-28T09:35:48.649Z,1751103348649185993
2025-06-28T09:35:48.991Z,1751103348991207465
2025-06-28T09:35:49.939Z,1751103349939354220
2025-06-28T09:35:51.072Z,1751103351072678408
2025-06-28T09:35:51.928Z,1751103351928903291
2025-06-28T09:35:52.976Z,1751103352976032789
2025-06-28T09:35:53.238Z,1751103353238377011
2025-06-28T09:35:55.850Z,1751103355850068820
2025-06-28T09:35:56.365Z,1751103356365165757
2025-06-28T09:36:01.030Z,1751103361030190100
2025-06-28T09:36:01.902Z,1751103361902156142
2025-06-28T09:36:02.526Z,1751103362526141130
2025-06-28T09:36:02.597Z,1751103362597177778
2025-06-28T09:36:03.237Z,1751103363237963621
2025-06-28T09:36:04.226Z,1751103364226920822
2025-06-28T09:36:04.300Z,1751103364300012789
2025-06-28T09:36:04.905Z,1751103364905422459
2025-06-28T09:36:05.273Z,1751103365273956126
2025-06-28T09:36:07.991Z,1751103367991557018
2025-06-28T09:36:09.758Z,1751103369758129512
2025-06-28T09:36:11.616Z,1751103371616926180
2025-06-28T09:36:14.306Z,1751103374306532854
2025-06-28T09:36:17.660Z,1751103377660763829
2025-06-28T09:36:18.037Z,1751103378037004155
2025-06-28T09:36:19.515Z,1751103379515950251
2025-06-28T09:36:19.543Z,1751103379543866708
2025-06-28T09:36:19.684Z,1751103379684622897
2025-06-28T09:36:23.064Z,1751103383064133828
2025-06-28T09:36:24.331Z,1751103384331990014
2025-06-28T09:36:25.508Z,1751103385508580302
2025-06-28T09:36:27.994Z,1751103387994619947
2025-06-28T09:36:33.714Z,1751103393714777624
2025-06-28T09:36:34.695Z,1751103394695211292
2025-06-28T09:36:35.671Z,1751103395671709142
2025-06-28T09:36:36.870Z,1751103396870965899
2025-06-28T09:36:37.677Z,1751103397677472360
2025-06-28T09:36:38.700Z,1751103398700108509
2025-06-28T09:36:38.870Z,1751103398870343784
2025-06-28T09:36:39.097Z,1751103399097313154
2025-06-28T09:36:40.152Z,1751103400152902434
2025-06-28T09:36:40.338Z,1751103400338495960
2025-06-28T09:36:41.610Z,1751103401610697277
2025-06-28T09:36:42.272Z,1751103402272846298
2025-06-28T09:36:47.371Z,1751103407371306843
2025-06-28T09:36:47.648Z,1751103407648932652
2025-06-28T09:36:48.255Z,1751103408255540302
2025-06-28T09:36:48.786Z,1751103408786605159
2025-06-28T09:36:50.074Z,1751103410074626740
2025-06-28T09:36:50.192Z,1751103410192509672
2025-06-28T09:36:50.801Z,1751103410801639938
2025-06-28T09:36:53.586Z,1751103413586547921
2025-06-28T09:36:54.661Z,1751103414661280485
2025-06-28T09:36:55.259Z,1751103415259954446
2025-06-28T09:36:56.199Z,1751103416199618782
2025-06-28T09:36:57.547Z,1751103417547534348
2025-06-28T09:36:57.649Z,1751103417649517610
2025-06-28T09:36:58.519Z,1751103418519403318
2025-06-28T09:36:59.346Z,1751103419346721931
2025-06-28T09:36:59.397Z,1751103419397871917
2025-06-28T09:36:59.923Z,1751103419923364856
2025-06-28T09:37:04.354Z,1751103424354773006
2025-06-28T09:37:06.344Z,1751103426344886020
2025-06-28T09:37:08.182Z,1751103428182208675
2025-06-28T09:37:09.248Z,1751103429248552879
2025-06-28T09:37:09.738Z,1751103429738928094
2025-06-28T09:37:10.088Z,1751103430088185598
2025-06-28T09:37:11.619Z,1751103431619567035
2025-06-28T09:37:12.963Z,1751103432963428249
2025-06-28T09:37:15.869Z,1751103435869622594
2025-06-28T09:37:19.629Z,1751103439629330954
2025-06-28T09:37:20.472Z,1751103440472265786
2025-06-28T09:37:21.203Z,1751103441203306079
2025-06-28T09:37:21.310Z,1751103441310030285
2025-06-28T09:37:21.395Z,1751103441395529350
2025-06-28T09:37:21.418Z,1751103441418090328
2025-06-28T09:37:22.771Z,1751103442771652679
2025-06-28T09:37:23.152Z,1751103443152761471
2025-06-28T09:37:23.323Z,1751103443323648342
2025-06-28T09:37:23.414Z,1751103443414501652
2025-06-28T09:37:28.078Z,1751103448078221454
2025-06-28T09:37:29.200Z,1751103449200977328
2025-06-28T09:37:29.958Z,1751103449958307518
2025-06-28T09:37:30.208Z,1751103450208026825
2025-06-28T09:37:31.394Z,1751103451394850767
2025-06-28T09:37:31.418Z,1751103451418889066
2025-06-28T09:37:35.689Z,1751103455689342575
2025-06-28T09:37:35.902Z,1751103455902839723
2025-06-28T09:37:35.953Z,1751103455953231092
2025-06-28T09:37:36.009Z,1751103456009031013
2025-06-28T09:37:36.076Z,1751103456076003224
2025-06-28T09:37:37.899Z,1751103457899673290
2025-06-28T09:37:38.171Z,1751103458171821308
2025-06-28T09:37:40.705Z,1751103460705494232
2025-06-28T09:37:42.331Z,1751103462331565836
2025-06-28T09:37:42.568Z,1751103462568224711
2025-06-28T09:37:42.673Z,1751103462673225988
2025-06-28T09:37:43.246Z,1751103463246234817
2025-06-28T09:37:43.792Z,1751103463792566127
2025-06-28T09:37:44.778Z,1751103464778980528
2025-06-28T09:37:49.676Z,1751103469676589274
2025-06-28T09:37:50.510Z,1751103470510706998
2025-06-28T09:37:50.723Z,1751103470723902200
2025-06-28T09:37:51.566Z,1751103471566418400
2025-06-28T09:37:54.396Z,1751103474396188901
2025-06-28T09:37:55.342Z,1751103475342566233
2025-06-28T09:37:55.462Z,1751103475462253668
2025-06-28T09:37:56.601Z,1751103476601496291
2025-06-28T09:37:57.158Z,1751103477158038177
2025-06-28T09:37:58.716Z,1751103478716755984
2025-06-28T09:37:59.366Z,1751103479366218736
2025-06-28T09:37:59.802Z,1751103479802544841
2025-06-28T09:38:00.006Z,1751103480006438490
2025-06-28T09:38:00.368Z,1751103480368972276
2025-06-28T09:38:00.387Z,1751103480387707387
2025-06-28T09:38:02.981Z,1751103482981572886
2025-06-28T09:38:04.152Z,1751103484152890614
2025-06-28T09:38:04.319Z,1751103484319177450
2025-06-28T09:38:05.886Z,1751103485886120366
2025-06-28T09:38:06.399Z,1751103486399593792
2025-06-28T09:38:07.938Z,1751103487938814976
2025-06-28T09:38:08.816Z,1751103488816131057
2025-06-28T09:38:09.016Z,1751103489016559673
2025-06-28T09:38:11.452Z,1751103491452292059
2025-06-28T09:38:16.515Z,1751103496515966061
2025-06-28T09:38:17.763Z,1751103497763553593
2025-06-28T09:38:18.343Z,1751103498343947185
2025-06-28T09:38:18.845Z,1751103498845305920
2025-06-28T09:38:19.483Z,1751103499483640374
2025-06-28T09:38:21.531Z,1751103501531044187
2025-06-28T09:38:24.916Z,1751103504916208073
2025-06-28T09:38:25.335Z,1751103505335765335
2025-06-28T09:38:26.808Z,1751103506808885410
2025-06-28T09:38:26.848Z,1751103506848646419
2025-06-28T09:38:28.298Z,1751103508298249765
2025-06-28T09:38:30.189Z,1751103510189945618
2025-06-28T09:38:30.676Z,1751103510676817081
2025-06-28T09:38:32.609Z,1751103512609113402
2025-06-28T09:38:32.616Z,1751103512616959407
2025-06-28T09:38:32.696Z,1751103512696863015
2025-06-28T09:38:34.137Z,1751103514137058763
2025-06-28T09:38:34.490Z,1751103514490452641
2025-06-28T09:38:34.719Z,1751103514719660641
2025-06-28T09:38:36.571Z,1751103516571980699
2025-06-28T09:38:36.737Z,1751103516737950313
2025-06-28T09:38:37.138Z,1751103517138951314
2025-06-28T09:38:39.194Z,1751103519194396868
2025-06-28T09:38:44.848Z,1751103524848305299
2025-06-28T09:38:46.123Z,1751103526123121771
2025-06-28T09:38:47.302Z,1751103527302641540
2025-06-28T09:38:49.966Z,1751103529966906051
2025-06-28T09:38:50.573Z,1751103530573306981
2025-06-28T09:38:50.667Z,1751103530667749639
2025-06-28T09:38:53.765Z,1751103533765314782
2025-06-28T09:38:54.924Z,1751103534924749898
2025-06-28T09:38:59.378Z,1751103539378955180
2025-06-28T09:38:59.589Z,1751103539589510373
2025-06-28T09:39:00.403Z,1751103540403231593
2025-06-28T09:39:02.426Z,1751103542426324991
2025-06-28T09:39:03.170Z,1751103543170588706
2025-06-28T09:39:06.033Z,1751103546033521237
2025-06-28T09:39:06.779Z,1751103546779223068
2025-06-28T09:39:08.522Z,1751103548522605792
2025-06-28T09:39:08.610Z,1751103548610235581
2025-06-28T09:39:09.484Z,1751103549484151343
2025-06-28T09:39:10.955Z,1751103550955357280
2025-06-28T09:39:11.906Z,1751103551906614666
2025-06-28T09:39:13.161Z,1751103553161796730
2025-06-28T09:39:13.521Z,1751103553521940532
2025-06-28T09:39:14.910Z,1751103554910238718
2025-06-28T09:39:14.923Z,1751103554923164806
2025-06-28T09:39:16.587Z,1751103556587430373
2025-06-28T09:39:17.675Z,1751103557675370131
2025-06-28T09:39:19.558Z,1751103559558184145
2025-06-28T09:39:20.770Z,1751103560770629698
2025-06-28T09:39:20.800Z,1751103560800696117
2025-06-28T09:39:20.933Z,1751103560933051647
2025-06-28T09:39:23.198Z,1751103563198862361
2025-06-28T09:39:23.971Z,1751103563971882148
2025-06-28T09:39:25.324Z,1751103565324488053
2025-06-28T09:39:26.912Z,1751103566912853323
2025-06-28T09:39:27.758Z,1751103567758831346
2025-06-28T09:39:27.898Z,1751103567898795836
2025-06-28T09:39:28.318Z,1751103568318827683
2025-06-28T09:39:29.850Z,1751103569850638009
2025-06-28T09:39:31.385Z,1751103571385124958
2025-06-28T09:39:32.615Z,1751103572615969646
2025-06-28T09:39:35.921Z,1751103575921932770
2025-06-28T09:39:37.701Z,1751103577701127079
2025-06-28T09:39:39.102Z,1751103579102092688
2025-06-28T09:39:39.952Z,1751103579952549174
2025-06-28T09:39:40.049Z,1751103580049632191
2025-06-28T09:39:40.685Z,1751103580685717828
2025-06-28T09:39:40.806Z,1751103580806257968
2025-06-28T09:39:40.818Z,1751103580818429126
2025-06-28T09:39:43.256Z,1751103583256873603
2025-06-28T09:39:43.557Z,1751103583557960975
2025-06-28T09:39:43.826Z,1751103583826442445
2025-06-28T09:39:44.749Z,1751103584749690685
2025-06-28T09:39:45.282Z,1751103585282725567
2025-06-28T09:39:45.533Z,1751103585533280209
2025-06-28T09:39:46.581Z,1751103586581813804
2025-06-28T09:39:46.816Z,1751103586816336385
2025-06-28T09:39:46.891Z,1751103586891684354
2025-06-28T09:39:49.239Z,1751103589239978938
2025-06-28T09:39:50.212Z,1751103590212748907
2025-06-28T09:39:51.399Z,1751103591399753859
2025-06-28T09:39:55.762Z,1751103595762294872
2025-06-28T09:39:57.560Z,1751103597560714477
2025-06-28T09:39:57.857Z,1751103597857764992
2025-06-28T09:39:59.491Z,1751103599491479223
2025-06-28T09:40:02.999Z,1751103602999626592
2025-06-28T09:40:03.241Z,1751103603241496098
2025-06-28T09:40:03.406Z,1751103603406003964
2025-06-28T09:40:04.342Z,1751103604342469876
2025-06-28T09:40:06.338Z,1751103606338038410
2025-06-28T09:40:06.350Z,1751103606350529872
2025-06-28T09:40:07.833Z,1751103607833919574
2025-06-28T09:40:08.548Z,1751103608548634858
2025-06-28T09:40:09.585Z,1751103609585345176
2025-06-28T09:40:10.018Z,1751103610018028412
2025-06-28T09:40:11.033Z,1751103611033845125
2025-06-28T09:40:11.976Z,1751103611976032706
2025-06-28T09:40:12.026Z,1751103612026920480
2025-06-28T09:40:14.067Z,1751103614067874131
2025-06-28T09:40:14.208Z,1751103614208734459
2025-06-28T09:40:15.175Z,1751103615175950103
2025-06-28T09:40:16.769Z,1751103616769183596
2025-06-28T09:40:17.203Z,1751103617203525457
2025-06-28T09:40:17.922Z,1751103617922027357
2025-06-28T09:40:19.244Z,1751103619244327790
2025-06-28T09:40:19.343Z,1751103619343696774
2025-06-28T09:40:20.142Z,1751103620142983315
2025-06-28T09:40:21.238Z,1751103621238111696
2025-06-28T09:40:21.720Z,1751103621720515194
2025-06-28T09:40:23.444Z,1751103623444977547
2025-06-28T09:40:23.750Z,1751103623750356329
2025-06-28T09:40:23.931Z,1751103623931938735
2025-06-28T09:40:24.871Z,1751103624871008823
2025-06-28T09:40:24.873Z,1751103624873133983
2025-06-28T09:40:27.161Z,1751103627161941342
2025-06-28T09:40:27.192Z,1751103627192103915
2025-06-28T09:40:27.327Z,1751103627327374027
2025-06-28T09:40:27.550Z,1751103627550567430
2025-06-28T09:40:28.254Z,1751103628254550332
2025-06-28T09:40:30.705Z,1751103630705578073
2025-06-28T09:40:34.920Z,1751103634920132212
2025-06-28T09:40:35.838Z,1751103635838877379
2025-06-28T09:40:39.620Z,1751103639620832861
2025-06-28T09:40:39.673Z,1751103639673865493
2025-06-28T09:40:39.907Z,1751103639907573084
2025-06-28T09:40:43.076Z,1751103643076717484
2025-06-28T09:40:46.044Z,1751103646044528804
2025-06-28T09:40:46.154Z,1751103646154362681
2025-06-28T09:40:46.181Z,1751103646181762607
2025-06-28T09:40:46.279Z,1751103646279918252
2025-06-28T09:40:46.593Z,1751103646593463439
2025-06-28T09:40:48.213Z,1751103648213923628
2025-06-28T09:40:50.477Z,1751103650477334372
2025-06-28T09:40:51.186Z,1751103651186215748
2025-06-28T09:40:52.573Z,1751103652573576302
2025-06-28T09:40:53.927Z,1751103653927845011
2025-06-28T09:40:55.593Z,1751103655593224816
2025-06-28T09:41:02.191Z,1751103662191797821
2025-06-28T09:41:03.945Z,1751103663945072968
2025-06-28T09:41:07.637Z,1751103667637573787
2025-06-28T09:41:07.987Z,1751103667987162852
2025-06-28T09:41:08.147Z,1751103668147843861
2025-06-28T09:41:08.726Z,1751103668726245455
2025-06-28T09:41:09.106Z,1751103669106634066
2025-06-28T09:41:11.574Z,1751103671574725527
2025-06-28T09:41:11.817Z,1751103671817993863
2025-06-28T09:41:12.404Z,1751103672404468355
2025-06-28T09:41:12.531Z,1751103672531662019
2025-06-28T09:41:12.706Z,1751103672706584820
2025-06-28T09:41:13.081Z,1751103673081609271
2025-06-28T09:41:15.232Z,1751103675232646875
2025-06-28T09:41:15.462Z,1751103675462778599
2025-06-28T09:41:16.124Z,1751103676124374716
2025-06-28T09:41:21.106Z,1751103681106717293
2025-06-28T09:41:23.820Z,1751103683820637005
2025-06-28T09:41:25.961Z,1751103685961856836
2025-06-28T09:41:26.289Z,1751103686289504690
2025-06-28T09:41:26.671Z,1751103686671050738
2025-06-28T09:41:27.244Z,1751103687244164638
2025-06-28T09:41:32.712Z,1751103692712967369
2025-06-28T09:41:33.872Z,1751103693872593882
2025-06-28T09:41:34.576Z,1751103694576902252
2025-06-28T09:41:34.587Z,1751103694587263637
2025-06-28T09:41:36.367Z,1751103696367048132
2025-06-28T09:41:36.472Z,1751103696472101251
2025-06-28T09:41:36.529Z,1751103696529548638
2025-06-28T09:41:36.826Z,1751103696826446136
2025-06-28T09:41:38.092Z,1751103698092061241
2025-06-28T09:41:40.376Z,1751103700376046069
2025-06-28T09:41:40.784Z,1751103700784100954
2025-06-28T09:41:42.203Z,1751103702203811892
2025-06-28T09:41:42.848Z,1751103702848488215
2025-06-28T09:41:43.359Z,1751103703359750923
2025-06-28T09:41:44.184Z,1751103704184129481
2025-06-28T09:41:47.139Z,1751103707139978340
2025-06-28T09:41:47.350Z,1751103707350624178
2025-06-28T09:41:47.353Z,1751103707353960801
2025-06-28T09:41:48.359Z,1751103708359195299
2025-06-28T09:41:50.544Z,1751103710544346381
2025-06-28T09:41:50.724Z,1751103710724215426
2025-06-28T09:41:54.658Z,1751103714658445446
2025-06-28T09:41:54.963Z,1751103714963116002
2025-06-28T09:41:54.980Z,1751103714980764047
2025-06-28T09:41:55.162Z,1751103715162019499
2025-06-28T09:41:55.658Z,1751103715658987752
2025-06-28T09:41:55.959Z,1751103715959398692
2025-06-28T09:41:56.592Z,1751103716592406194
2025-06-28T09:41:57.606Z,1751103717606403876
2025-06-28T09:41:57.703Z,1751103717703414047
2025-06-28T09:41:57.987Z,1751103717987521245
2025-06-28T09:41:58.713Z,1751103718713213644
2025-06-28T09:41:59.009Z,1751103719009996827
2025-06-28T09:42:01.002Z,1751103721002826913
2025-06-28T09:42:01.062Z,1751103721062286968
2025-06-28T09:42:03.753Z,1751103723753691647
2025-06-28T09:42:04.201Z,1751103724201367831
2025-06-28T09:42:06.258Z,1751103726258462951
2025-06-28T09:42:08.343Z,1751103728343979311
2025-06-28T09:42:08.687Z,1751103728687277411
2025-06-28T09:42:09.694Z,1751103729694523544
2025-06-28T09:42:09.897Z,1751103729897424754
2025-06-28T09:42:12.763Z,1751103732763498006
2025-06-28T09:42:20.305Z,1751103740305537785
2025-06-28T09:42:20.868Z,1751103740868532306
2025-06-28T09:42:22.166Z,1751103742166941630
2025-06-28T09:42:22.537Z,1751103742537414222
2025-06-28T09:42:23.098Z,1751103743098103129
2025-06-28T09:42:24.550Z,1751103744550780801
2025-06-28T09:42:26.444Z,1751103746444801627
2025-06-28T09:42:26.696Z,1751103746696252632
2025-06-28T09:42:26.871Z,1751103746871555572
2025-06-28T09:42:28.991Z,1751103748991664382
2025-06-28T09:42:29.477Z,1751103749477223329
2025-06-28T09:42:31.910Z,1751103751910667981
2025-06-28T09:42:32.050Z,1751103752050553327
2025-06-28T09:42:32.843Z,1751103752843403855
2025-06-28T09:42:34.978Z,1751103754978075717
2025-06-28T09:42:35.737Z,1751103755737549689
2025-06-28T09:42:36.216Z,1751103756216960053
2025-06-28T09:42:37.107Z,1751103757107139607
2025-06-28T09:42:38.561Z,1751103758561520771
2025-06-28T09:42:40.516Z,1751103760516483718
2025-06-28T09:42:41.999Z,1751103761999361743
2025-06-28T09:42:42.445Z,1751103762445995261
2025-06-28T09:42:43.625Z,1751103763625296426
2025-06-28T09:42:45.666Z,1751103765666064699
2025-06-28T09:42:46.133Z,1751103766133296538
2025-06-28T09:42:46.692Z,1751103766692245589
2025-06-28T09:42:49.699Z,1751103769699773257
2025-06-28T09:42:50.574Z,1751103770574130961
2025-06-28T09:42:51.855Z,1751103771855714567
2025-06-28T09:42:52.037Z,1751103772037538782
2025-06-28T09:42:52.434Z,1751103772434027117
2025-06-28T09:42:53.447Z,1751103773447456243
2025-06-28T09:42:53.839Z,1751103773839773802
2025-06-28T09:42:54.104Z,1751103774104596916
2025-06-28T09:42:54.120Z,1751103774120622081
2025-06-28T09:42:59.194Z,1751103779194057881
2025-06-28T09:43:01.883Z,1751103781883720197
2025-06-28T09:43:02.455Z,1751103782455202342
2025-06-28T09:43:04.864Z,1751103784864874114
2025-06-28T09:43:05.737Z,1751103785737165158
2025-06-28T09:43:07.866Z,1751103787866487263
2025-06-28T09:43:09.436Z,1751103789436715335
2025-06-28T09:43:09.496Z,1751103789496509282
2025-06-28T09:43:10.355Z,1751103790355758337
2025-06-28T09:43:10.832Z,1751103790832934666
2025-06-28T09:43:10.927Z,1751103790927141498
2025-06-28T09:43:11.947Z,1751103791947139930
2025-06-28T09:43:11.959Z,1751103791959798786
2025-06-28T09:43:12.055Z,1751103792055525301
2025-06-28T09:43:12.388Z,1751103792388447525
2025-06-28T09:43:13.338Z,1751103793338488605
2025-06-28T09:43:15.193Z,1751103795193710012
2025-06-28T09:43:15.354Z,1751103795354419142
2025-06-28T09:43:16.561Z,1751103796561910959
2025-06-28T09:43:16.940Z,1751103796940985630
2025-06-28T09:43:17.342Z,1751103797342650685
2025-06-28T09:43:17.970Z,1751103797970904179
2025-06-28T09:43:19.586Z,1751103799586466552
2025-06-28T09:43:21.236Z,1751103801236524213
2025-06-28T09:43:22.274Z,1751103802274123725
2025-06-28T09:43:23.129Z,1751103803129296186
2025-06-28T09:43:23.775Z,1751103803775385968
2025-06-28T09:43:23.893Z,1751103803893085455
2025-06-28T09:43:25.682Z,1751103805682275995
2025-06-28T09:43:25.773Z,1751103805773993442
2025-06-28T09:43:27.189Z,1751103807189160199
2025-06-28T09:43:30.571Z,1751103810571631960
2025-06-28T09:43:31.131Z,1751103811131197520
2025-06-28T09:43:31.825Z,1751103811825407569
2025-06-28T09:43:31.858Z,1751103811858844248
2025-06-28T09:43:31.956Z,1751103811956426618
2025-06-28T09:43:32.176Z,1751103812176974961
2025-06-28T09:43:32.519Z,1751103812519993453
2025-06-28T09:43:32.791Z,1751103812791198448
2025-06-28T09:43:32.898Z,1751103812898734687
2025-06-28T09:43:33.296Z,1751103813296454424
2025-06-28T09:43:33.834Z,1751103813834376671
2025-06-28T09:43:34.220Z,1751103814220911330
2025-06-28T09:43:35.404Z,1751103815404346666
2025-06-28T09:43:35.790Z,1751103815790279806
2025-06-28T09:43:38.777Z,1751103818777121934
2025-06-28T09:43:39.088Z,1751103819088975804
2025-06-28T09:43:39.448Z,1751103819448598137
2025-06-28T09:43:39.674Z,1751103819674637864
2025-06-28T09:43:39.718Z,1751103819718598671
2025-06-28T09:43:41.696Z,1751103821696258540
2025-06-28T09:43:41.867Z,1751103821867940414
2025-06-28T09:43:42.011Z,1751103822011577698
2025-06-28T09:43:42.209Z,1751103822209081683
2025-06-28T09:43:43.142Z,1751103823142376636
2025-06-28T09:43:43.582Z,1751103823582266468
2025-06-28T09:43:43.947Z,1751103823947993651
2025-06-28T09:43:43.972Z,1751103823972912061
2025-06-28T09:43:44.535Z,1751103824535973803
2025-06-28T09:43:44.919Z,1751103824919055507
2025-06-28T09:43:49.464Z,1751103829464917909
2025-06-28T09:43:49.690Z,1751103829690094144
2025-06-28T09:43:50.386Z,1751103830386047707
2025-06-28T09:43:50.502Z,1751103830502383442
2025-06-28T09:43:50.554Z,1751103830554117042
2025-06-28T09:43:52.485Z,1751103832485098436
2025-06-28T09:43:53.762Z,1751103833762685099
2025-06-28T09:43:56.280Z,1751103836280861784
2025-06-28T09:44:02.346Z,1751103842346070278
2025-06-28T09:44:02.603Z,1751103842603319352
2025-06-28T09:44:02.632Z,1751103842632513640
2025-06-28T09:44:05.288Z,1751103845288947216
2025-06-28T09:44:05.433Z,1751103845433595296
2025-06-28T09:44:05.714Z,1751103845714719942
2025-06-28T09:44:06.136Z,1751103846136060145
2025-06-28T09:44:10.486Z,1751103850486895295
2025-06-28T09:44:11.166Z,1751103851166929089
2025-06-28T09:44:11.213Z,1751103851213289984
2025-06-28T09:44:13.256Z,1751103853256314280
2025-06-28T09:44:13.339Z,1751103853339944104
2025-06-28T09:44:15.268Z,1751103855268631791
2025-06-28T09:44:15.826Z,1751103855826658450
2025-06-28T09:44:20.998Z,1751103860998234770
2025-06-28T09:44:22.839Z,1751103862839333361
2025-06-28T09:44:23.037Z,1751103863037861423
2025-06-28T09:44:25.276Z,1751103865276399037
2025-06-28T09:44:25.649Z,1751103865649356517
2025-06-28T09:44:25.850Z,1751103865850261041
2025-06-28T09:44:27.422Z,1751103867422376748
2025-06-28T09:44:28.709Z,1751103868709128364
2025-06-28T09:44:28.912Z,1751103868912459387
2025-06-28T09:44:35.844Z,1751103875844704292
2025-06-28T09:44:35.924Z,1751103875924169616
2025-06-28T09:44:38.963Z,1751103878963218407
2025-06-28T09:44:41.841Z,1751103881841882611
2025-06-28T09:44:43.415Z,1751103883415960266
2025-06-28T09:44:43.825Z,1751103883825867390
2025-06-28T09:44:45.507Z,1751103885507665280
2025-06-28T09:44:45.549Z,1751103885549880965
2025-06-28T09:44:45.649Z,1751103885649000272
2025-06-28T09:44:46.626Z,1751103886626767875
2025-06-28T09:44:47.968Z,1751103887968174658
2025-06-28T09:44:48.663Z,1751103888663441793
2025-06-28T09:44:49.420Z,1751103889420402046
2025-06-28T09:44:53.944Z,1751103893944696390
2025-06-28T09:44:55.204Z,1751103895204548585
2025-06-28T09:44:55.633Z,1751103895633507630
2025-06-28T09:44:55.662Z,1751103895662770013
2025-06-28T09:44:58.161Z,1751103898161770417
2025-06-28T09:44:58.921Z,1751103898921847325
2025-06-28T09:44:59.110Z,1751103899110903994
2025-06-28T09:45:03.005Z,1751103903005605767
2025-06-28T09:45:04.328Z,1751103904328734591
2025-06-28T09:45:04.406Z,1751103904406629775
2025-06-28T09:45:06.319Z,1751103906319347772
2025-06-28T09:45:06.743Z,1751103906743378523
2025-06-28T09:45:07.916Z,1751103907916173897
2025-06-28T09:45:08.192Z,1751103908192792839
2025-06-28T09:45:08.904Z,1751103908904117598
2025-06-28T09:45:09.141Z,1751103909141741506
2025-06-28T09:45:09.246Z,1751103909246058149
2025-06-28T09:45:09.307Z,1751103909307858115
2025-06-28T09:45:09.642Z,1751103909642217597
2025-06-28T09:45:10.178Z,1751103910178312376
2025-06-28T09:45:11.661Z,1751103911661904931
2025-06-28T09:45:11.839Z,1751103911839926718
2025-06-28T09:45:18.421Z,1751103918421704348
2025-06-28T09:45:18.661Z,1751103918661540257
2025-06-28T09:45:20.011Z,1751103920011571286
2025-06-28T09:45:20.012Z,1751103920012585640
2025-06-28T09:45:21.241Z,1751103921241111681
2025-06-28T09:45:21.410Z,1751103921410937645
2025-06-28T09:45:22.901Z,1751103922901567201
2025-06-28T09:45:26.496Z,1751103926496934380
2025-06-28T09:45:26.897Z,1751103926897654288
2025-06-28T09:45:29.725Z,1751103929725246223
2025-06-28T09:45:29.904Z,1751103929904750272
2025-06-28T09:45:31.334Z,1751103931334055549
2025-06-28T09:45:32.356Z,1751103932356776571
2025-06-28T09:45:32.583Z,1751103932583285266
2025-06-28T09:45:33.701Z,1751103933701511027
2025-06-28T09:45:34.358Z,1751103934358952441
2025-06-28T09:45:34.897Z,1751103934897297404
2025-06-28T09:45:35.464Z,1751103935464364501
2025-06-28T09:45:35.740Z,1751103935740756577
2025-06-28T09:45:37.012Z,1751103937012311008
2025-06-28T09:45:37.676Z,1751103937676101892
2025-06-28T09:45:38.002Z,1751103938002410940
2025-06-28T09:45:39.273Z,1751103939273725108
2025-06-28T09:45:40.857Z,1751103940857855836
2025-06-28T09:45:41.020Z,1751103941020339695
2025-06-28T09:45:42.898Z,1751103942898614450
2025-06-28T09:45:43.604Z,1751103943604128025
2025-06-28T09:45:43.614Z,1751103943614830207
2025-06-28T09:45:44.929Z,1751103944929337111
2025-06-28T09:45:46.143Z,1751103946143803605
2025-06-28T09:45:47.605Z,1751103947605550507
2025-06-28T09:45:48.745Z,1751103948745717682
2025-06-28T09:45:49.314Z,1751103949314067240
2025-06-28T09:45:49.587Z,1751103949587558999
2025-06-28T09:45:50.438Z,1751103950438987060
2025-06-28T09:45:50.795Z,1751103950795715520
2025-06-28T09:45:53.457Z,1751103953457270624
2025-06-28T09:45:54.499Z,1751103954499378649
2025-06-28T09:45:54.528Z,1751103954528198450
2025-06-28T09:45:54.551Z,1751103954551934856
2025-06-28T09:45:55.304Z,1751103955304568906
2025-06-28T09:45:56.924Z,1751103956924709855
2025-06-28T09:45:57.720Z,1751103957720709942
2025-06-28T09:45:58.064Z,1751103958064450727
2025-06-28T09:45:59.639Z,1751103959639086223
2025-06-28T09:45:59.675Z,1751103959675464256
2025-06-28T09:46:00.147Z,1751103960147579363
2025-06-28T09:46:00.773Z,1751103960773791412
2025-06-28T09:46:01.311Z,1751103961311663699
2025-06-28T09:46:04.461Z,1751103964461931109
2025-06-28T09:46:04.671Z,1751103964671362138
2025-06-28T09:46:04.719Z,1751103964719208512
2025-06-28T09:46:07.264Z,1751103967264364268
2025-06-28T09:46:10.564Z,1751103970564033442
2025-06-28T09:46:12.118Z,1751103972118293654
2025-06-28T09:46:12.620Z,1751103972620597651
2025-06-28T09:46:15.105Z,1751103975105139028
2025-06-28T09:46:15.958Z,1751103975958681829
2025-06-28T09:46:18.205Z,1751103978205259198
2025-06-28T09:46:20.959Z,1751103980959369989
2025-06-28T09:46:22.531Z,1751103982531372491
2025-06-28T09:46:22.678Z,1751103982678341525
2025-06-28T09:46:24.138Z,1751103984138954992
2025-06-28T09:46:27.265Z,1751103987265625425
2025-06-28T09:46:27.294Z,1751103987294780067
2025-06-28T09:46:29.244Z,1751103989244738129
2025-06-28T09:46:32.730Z,1751103992730913768
2025-06-28T09:46:34.473Z,1751103994473057912
2025-06-28T09:46:34.775Z,1751103994775555972
2025-06-28T09:46:34.888Z,1751103994888839136
2025-06-28T09:46:35.160Z,1751103995160134865
2025-06-28T09:46:35.259Z,1751103995259172718
2025-06-28T09:46:35.333Z,1751103995333483282
2025-06-28T09:46:35.835Z,1751103995835177934
2025-06-28T09:46:36.268Z,1751103996268286813
2025-06-28T09:46:36.728Z,1751103996728105519
2025-06-28T09:46:37.172Z,1751103997172161314
2025-06-28T09:46:39.224Z,1751103999224072321
2025-06-28T09:46:40.093Z,1751104000093540472
2025-06-28T09:46:43.237Z,1751104003237462285
2025-06-28T09:46:44.153Z,1751104004153747958
2025-06-28T09:46:44.418Z,1751104004418858891
2025-06-28T09:46:45.258Z,1751104005258275738
2025-06-28T09:46:46.150Z,1751104006150656958
2025-06-28T09:46:46.232Z,1751104006232054594
2025-06-28T09:46:47.133Z,1751104007133457802
2025-06-28T09:46:47.143Z,1751104007143194048
2025-06-28T09:46:47.227Z,1751104007227817011
2025-06-28T09:46:47.540Z,1751104007540715819
2025-06-28T09:46:47.694Z,1751104007694066336
2025-06-28T09:46:47.818Z,1751104007818575399
2025-06-28T09:46:47.944Z,1751104007944279407
2025-06-28T09:46:49.148Z,1751104009148690552
2025-06-28T09:46:51.356Z,1751104011356704210
2025-06-28T09:46:53.992Z,1751104013992833749
2025-06-28T09:46:54.684Z,1751104014684094451
2025-06-28T09:46:54.837Z,1751104014837818986
2025-06-28T09:46:55.522Z,1751104015522737091
2025-06-28T09:46:56.301Z,1751104016301714880
2025-06-28T09:46:58.360Z,1751104018360536720
2025-06-28T09:47:01.572Z,1751104021572142193
2025-06-28T09:47:01.818Z,1751104021818299533
2025-06-28T09:47:02.075Z,1751104022075725185
2025-06-28T09:47:02.864Z,1751104022864918850
2025-06-28T09:47:03.084Z,1751104023084532239
2025-06-28T09:47:05.123Z,1751104025123670101
2025-06-28T09:47:06.915Z,1751104026915943345
2025-06-28T09:47:07.609Z,1751104027609836568
2025-06-28T09:47:08.630Z,1751104028630751267
2025-06-28T09:47:10.762Z,1751104030762419377
2025-06-28T09:47:11.589Z,1751104031589521354
2025-06-28T09:47:14.894Z,1751104034894662512
2025-06-28T09:47:15.048Z,1751104035048952771
2025-06-28T09:47:16.805Z,1751104036805265351
2025-06-28T09:47:19.564Z,1751104039564628565
2025-06-28T09:47:22.032Z,1751104042032365380
2025-06-28T09:47:22.970Z,1751104042970120007
2025-06-28T09:47:24.413Z,1751104044413941059
2025-06-28T09:47:25.748Z,1751104045748328614
2025-06-28T09:47:27.672Z,1751104047672871067
2025-06-28T09:47:28.731Z,1751104048731015828
2025-06-28T09:47:29.025Z,1751104049025785711
2025-06-28T09:47:29.751Z,1751104049751545751
2025-06-28T09:47:30.757Z,1751104050757773067
2025-06-28T09:47:32.804Z,1751104052804944299
2025-06-28T09:47:36.224Z,1751104056224571863
2025-06-28T09:47:36.306Z,1751104056306178666
2025-06-28T09:47:39.883Z,1751104059883088552
2025-06-28T09:47:40.450Z,1751104060450380415
2025-06-28T09:47:42.306Z,1751104062306866654
2025-06-28T09:47:45.487Z,1751104065487975876
2025-06-28T09:47:46.768Z,1751104066768036352
2025-06-28T09:47:51.778Z,1751104071778111479
2025-06-28T09:47:53.218Z,1751104073218963939
2025-06-28T09:47:57.297Z,1751104077297459961
2025-06-28T09:48:03.289Z,1751104083289960509
2025-06-28T09:48:03.445Z,1751104083445027823
2025-06-28T09:48:04.670Z,1751104084670040876
2025-06-28T09:48:06.116Z,1751104086116230372
2025-06-28T09:48:06.781Z,1751104086781948557
2025-06-28T09:48:07.099Z,1751104087099461977
2025-06-28T09:48:07.250Z,1751104087250499895
2025-06-28T09:48:07.859Z,1751104087859472954
2025-06-28T09:48:09.295Z,1751104089295531154
2025-06-28T09:48:09.572Z,1751104089572947893
2025-06-28T09:48:09.855Z,1751104089855203560
2025-06-28T09:48:09.942Z,1751104089942524637
2025-06-28T09:48:10.104Z,1751104090104262041
2025-06-28T09:48:10.182Z,1751104090182161855
2025-06-28T09:48:10.531Z,1751104090531425488
2025-06-28T09:48:13.744Z,1751104093744742506
2025-06-28T09:48:14.746Z,1751104094746333930
2025-06-28T09:48:14.779Z,1751104094779630672
2025-06-28T09:48:14.789Z,1751104094789412786
2025-06-28T09:48:17.913Z,1751104097913751139
2025-06-28T09:48:18.511Z,1751104098511166416
2025-06-28T09:48:18.612Z,1751104098612166576
2025-06-28T09:48:20.852Z,1751104100852635276
2025-06-28T09:48:21.222Z,1751104101222294725
2025-06-28T09:48:21.658Z,1751104101658040106
2025-06-28T09:48:22.338Z,1751104102338803634
2025-06-28T09:48:24.607Z,1751104104607735745
2025-06-28T09:48:26.063Z,1751104106063894258
2025-06-28T09:48:28.107Z,1751104108107678072
2025-06-28T09:48:30.156Z,1751104110156453237
2025-06-28T09:48:30.561Z,1751104110561855559
2025-06-28T09:48:31.006Z,1751104111006861565
2025-06-28T09:48:31.222Z,1751104111222141456
2025-06-28T09:48:34.245Z,1751104114245778475
2025-06-28T09:48:36.654Z,1751104116654719437
2025-06-28T09:48:36.890Z,1751104116890018052
2025-06-28T09:48:39.124Z,1751104119124194470
2025-06-28T09:48:39.358Z,1751104119358858981
2025-06-28T09:48:39.390Z,1751104119390911644
2025-06-28T09:48:40.617Z,1751104120617690555
2025-06-28T09:48:41.769Z,1751104121769781668
2025-06-28T09:48:42.460Z,1751104122460177568
2025-06-28T09:48:43.446Z,1751104123446060657
2025-06-28T09:48:43.571Z,1751104123571185204
2025-06-28T09:48:47.529Z,1751104127529135830
2025-06-28T09:48:47.956Z,1751104127956554978
2025-06-28T09:48:48.465Z,1751104128465739688
2025-06-28T09:48:48.514Z,1751104128514851804
2025-06-28T09:48:56.404Z,1751104136404383421
2025-06-28T09:48:56.688Z,1751104136688938302
2025-06-28T09:48:57.726Z,1751104137726086747
2025-06-28T09:48:58.086Z,1751104138086057576
2025-06-28T09:49:00.012Z,1751104140012560507
2025-06-28T09:49:02.572Z,1751104142572573543
2025-06-28T09:49:03.380Z,1751104143380250321
2025-06-28T09:49:03.448Z,1751104143448257363
2025-06-28T09:49:03.629Z,1751104143629984859
2025-06-28T09:49:04.660Z,1751104144660788218
2025-06-28T09:49:04.926Z,1751104144926478825
2025-06-28T09:49:06.229Z,1751104146229406562
2025-06-28T09:49:07.492Z,1751104147492586415
2025-06-28T09:49:07.589Z,1751104147589758862
2025-06-28T09:49:07.633Z,1751104147633931489
2025-06-28T09:49:07.751Z,1751104147751963719
2025-06-28T09:49:07.942Z,1751104147942000700
2025-06-28T09:49:08.351Z,1751104148351060351
2025-06-28T09:49:09.015Z,1751104149015076413
2025-06-28T09:49:09.717Z,1751104149717634236
2025-06-28T09:49:11.187Z,1751104151187664267
2025-06-28T09:49:11.398Z,1751104151398328588
2025-06-28T09:49:12.601Z,1751104152601188279
2025-06-28T09:49:12.850Z,1751104152850604039
2025-06-28T09:49:13.542Z,1751104153542159837
2025-06-28T09:49:18.205Z,1751104158205330404
2025-06-28T09:49:18.229Z,1751104158229028959
2025-06-28T09:49:18.899Z,1751104158899053806
2025-06-28T09:49:20.059Z,1751104160059165462
2025-06-28T09:49:20.252Z,1751104160252407275
2025-06-28T09:49:20.743Z,1751104160743740157
2025-06-28T09:49:21.280Z,1751104161280666175
2025-06-28T09:49:21.937Z,1751104161937627056
2025-06-28T09:49:22.096Z,1751104162096276193
2025-06-28T09:49:22.601Z,1751104162601640749
2025-06-28T09:49:22.850Z,1751104162850061731
2025-06-28T09:49:25.563Z,1751104165563020889
2025-06-28T09:49:25.819Z,1751104165819548279
2025-06-28T09:49:25.853Z,1751104165853118192
2025-06-28T09:49:26.949Z,1751104166949967606
2025-06-28T09:49:28.524Z,1751104168524123322
2025-06-28T09:49:32.271Z,1751104172271979051
2025-06-28T09:49:33.394Z,1751104173394637264
2025-06-28T09:49:33.861Z,1751104173861946485
2025-06-28T09:49:34.380Z,1751104174380216050
2025-06-28T09:49:34.455Z,1751104174455917485
2025-06-28T09:49:35.753Z,1751104175753942096
2025-06-28T09:49:37.330Z,1751104177330815176
2025-06-28T09:49:38.480Z,1751104178480224733
2025-06-28T09:49:42.260Z,1751104182260583629
2025-06-28T09:49:42.393Z,1751104182393303671
2025-06-28T09:49:43.166Z,1751104183166182268
2025-06-28T09:49:43.313Z,1751104183313528064
2025-06-28T09:49:45.238Z,1751104185238182853
2025-06-28T09:49:45.253Z,1751104185253404018
2025-06-28T09:49:48.126Z,1751104188126553858
2025-06-28T09:49:48.176Z,1751104188176762873
2025-06-28T09:49:48.459Z,1751104188459677082
2025-06-28T09:49:48.758Z,1751104188758099349
2025-06-28T09:49:51.557Z,1751104191557399150
2025-06-28T09:49:51.897Z,1751104191897813590
2025-06-28T09:49:53.029Z,1751104193029302336
2025-06-28T09:49:54.594Z,1751104194594875728
2025-06-28T09:49:55.322Z,1751104195322522700
2025-06-28T09:49:55.403Z,1751104195403517677
2025-06-28T09:49:55.492Z,1751104195492853415
2025-06-28T09:49:55.967Z,1751104195967669349
2025-06-28T09:49:56.376Z,1751104196376468165
2025-06-28T09:49:58.262Z,1751104198262689348
2025-06-28T09:49:58.443Z,1751104198443288788
2025-06-28T09:49:58.506Z,1751104198506884558
2025-06-28T09:49:58.741Z,1751104198741324096
2025-06-28T09:49:59.620Z,1751104199620373008
2025-06-28T09:49:59.838Z,1751104199838763694
2025-06-28T09:50:00.082Z,1751104200082655632
2025-06-28T09:50:03.398Z,1751104203398956356
2025-06-28T09:50:05.298Z,1751104205298698809
2025-06-28T09:50:08.672Z,1751104208672985577
2025-06-28T09:50:08.862Z,1751104208862471776
2025-06-28T09:50:09.546Z,1751104209546823707
2025-06-28T09:50:10.039Z,1751104210039965243
2025-06-28T09:50:12.142Z,1751104212142334921
2025-06-28T09:50:12.389Z,1751104212389974539
2025-06-28T09:50:12.416Z,1751104212416518873
2025-06-28T09:50:12.947Z,1751104212947888550
2025-06-28T09:50:13.117Z,1751104213117626998
2025-06-28T09:50:13.193Z,1751104213193616507
2025-06-28T09:50:17.000Z,1751104217000982895
2025-06-28T09:50:17.983Z,1751104217983317741
2025-06-28T09:50:24.274Z,1751104224274543890
2025-06-28T09:50:25.592Z,1751104225592749894
2025-06-28T09:50:25.659Z,1751104225659263007
2025-06-28T09:50:26.154Z,1751104226154087794
2025-06-28T09:50:26.164Z,1751104226164095949
2025-06-28T09:50:27.472Z,1751104227472083316
2025-06-28T09:50:27.979Z,1751104227979130961
2025-06-28T09:50:28.954Z,1751104228954532811
2025-06-28T09:50:29.992Z,1751104229992435727
2025-06-28T09:50:30.557Z,1751104230557089138
2025-06-28T09:50:31.952Z,1751104231952241786
2025-06-28T09:50:32.951Z,1751104232951853505
2025-06-28T09:50:33.044Z,1751104233044297779
2025-06-28T09:50:33.940Z,1751104233940428451
2025-06-28T09:50:36.327Z,1751104236327490079
2025-06-28T09:50:36.677Z,1751104236677654117
2025-06-28T09:50:37.009Z,1751104237009287045
2025-06-28T09:50:37.762Z,1751104237762329057
2025-06-28T09:50:38.983Z,1751104238983725514
2025-06-28T09:50:41.462Z,1751104241462774172
2025-06-28T09:50:46.168Z,1751104246168091402
2025-06-28T09:50:46.859Z,1751104246859580964
2025-06-28T09:50:47.686Z,1751104247686292428
2025-06-28T09:50:48.716Z,1751104248716576663
2025-06-28T09:50:49.359Z,1751104249359648796
2025-06-28T09:50:49.952Z,1751104249952329184
2025-06-28T09:50:51.454Z,1751104251454892637
2025-06-28T09:50:52.501Z,1751104252501509140
2025-06-28T09:50:53.217Z,1751104253217391241
2025-06-28T09:50:54.355Z,1751104254355003309
2025-06-28T09:50:54.394Z,1751104254394181981
2025-06-28T09:50:54.825Z,1751104254825912525
2025-06-28T09:50:55.439Z,1751104255439273655
2025-06-28T09:50:55.732Z,1751104255732268130
2025-06-28T09:50:55.856Z,1751104255856173096
2025-06-28T09:50:56.216Z,1751104256216168982
2025-06-28T09:50:58.017Z,1751104258017384592
2025-06-28T09:50:58.131Z,1751104258131608285
2025-06-28T09:50:58.958Z,1751104258958853398
2025-06-28T09:50:59.139Z,1751104259139958299
2025-06-28T09:51:02.362Z,1751104262362339250
2025-06-28T09:51:02.814Z,1751104262814779861
2025-06-28T09:51:03.096Z,1751104263096445309
2025-06-28T09:51:03.104Z,1751104263104147709
2025-06-28T09:51:03.710Z,1751104263710177803
2025-06-28T09:51:03.994Z,1751104263994417395
2025-06-28T09:51:04.214Z,1751104264214474163
2025-06-28T09:51:04.638Z,1751104264638600313
2025-06-28T09:51:09.512Z,1751104269512183790
2025-06-28T09:51:09.935Z,1751104269935507329
2025-06-28T09:51:10.073Z,1751104270073338773
2025-06-28T09:51:10.711Z,1751104270711634932
2025-06-28T09:51:10.907Z,1751104270907452591
2025-06-28T09:51:11.168Z,1751104271168558464
2025-06-28T09:51:11.227Z,1751104271227370355
2025-06-28T09:51:12.198Z,1751104272198037136
2025-06-28T09:51:12.460Z,1751104272460965095
2025-06-28T09:51:13.244Z,1751104273244070234
2025-06-28T09:51:13.815Z,1751104273815507945
2025-06-28T09:51:14.490Z,1751104274490443570
2025-06-28T09:51:14.953Z,1751104274953386947
2025-06-28T09:51:15.463Z,1751104275463541164
2025-06-28T09:51:16.049Z,1751104276049863910
2025-06-28T09:51:16.242Z,1751104276242634169
2025-06-28T09:51:16.357Z,1751104276357189933
2025-06-28T09:51:16.370Z,1751104276370541769
2025-06-28T09:51:16.593Z,1751104276593378796
2025-06-28T09:51:16.922Z,1751104276922847493
2025-06-28T09:51:17.864Z,1751104277864982878
2025-06-28T09:51:18.325Z,1751104278325962492
2025-06-28T09:51:19.294Z,1751104279294251072
2025-06-28T09:51:20.763Z,1751104280763674687
2025-06-28T09:51:24.416Z,1751104284416953370
2025-06-28T09:51:29.740Z,1751104289740711215
2025-06-28T09:51:29.816Z,1751104289816934934
2025-06-28T09:51:31.419Z,1751104291419086927
2025-06-28T09:51:31.527Z,1751104291527155450
2025-06-28T09:51:32.064Z,1751104292064169577
2025-06-28T09:51:32.777Z,1751104292777993695
2025-06-28T09:51:33.958Z,1751104293958527388
2025-06-28T09:51:34.480Z,1751104294480620028
2025-06-28T09:51:34.523Z,1751104294523004713
2025-06-28T09:51:35.866Z,1751104295866164651
2025-06-28T09:51:36.836Z,1751104296836272487
2025-06-28T09:51:38.293Z,1751104298293101681
2025-06-28T09:51:38.400Z,1751104298400644781
2025-06-28T09:51:38.451Z,1751104298451565510
2025-06-28T09:51:39.370Z,1751104299370819707
2025-06-28T09:51:40.014Z,1751104300014873552
2025-06-28T09:51:40.121Z,1751104300121823449
2025-06-28T09:51:44.429Z,1751104304429595723
2025-06-28T09:51:45.027Z,1751104305027480110
2025-06-28T09:51:46.575Z,1751104306575560717
2025-06-28T09:51:46.900Z,1751104306900357100
2025-06-28T09:51:47.792Z,1751104307792685062
2025-06-28T09:51:49.351Z,1751104309351699283
2025-06-28T09:51:51.728Z,1751104311728088281
2025-06-28T09:51:52.159Z,1751104312159602576
2025-06-28T09:51:52.909Z,1751104312909082603
2025-06-28T09:51:53.642Z,1751104313642942071
2025-06-28T09:51:54.440Z,1751104314440651024
2025-06-28T09:51:54.924Z,1751104314924724179
2025-06-28T09:51:55.909Z,1751104315909184050
2025-06-28T09:51:57.358Z,1751104317358844445
2025-06-28T09:52:02.231Z,1751104322231569948
2025-06-28T09:52:02.693Z,1751104322693141521
2025-06-28T09:52:04.396Z,1751104324396966920
2025-06-28T09:52:07.037Z,1751104327037662910
2025-06-28T09:52:10.986Z,1751104330986067599
2025-06-28T09:52:12.566Z,1751104332566777260
2025-06-28T09:52:12.906Z,1751104332906075658
2025-06-28T09:52:13.318Z,1751104333318479700
2025-06-28T09:52:13.602Z,1751104333602392129
2025-06-28T09:52:13.826Z,1751104333826311583
2025-06-28T09:52:14.190Z,1751104334190563730
2025-06-28T09:52:15.730Z,1751104335730979369
2025-06-28T09:52:17.863Z,1751104337863257410
2025-06-28T09:52:19.050Z,1751104339050874727
2025-06-28T09:52:19.121Z,1751104339121862326
2025-06-28T09:52:19.213Z,1751104339213119554
2025-06-28T09:52:20.878Z,1751104340878466882
2025-06-28T09:52:21.035Z,1751104341035170742
2025-06-28T09:52:22.316Z,1751104342316740879
2025-06-28T09:52:23.457Z,1751104343457132468
2025-06-28T09:52:23.872Z,1751104343872140878
2025-06-28T09:52:24.053Z,1751104344053834296
2025-06-28T09:52:24.441Z,1751104344441426817
2025-06-28T09:52:24.764Z,1751104344764539541
2025-06-28T09:52:26.331Z,1751104346331204914
2025-06-28T09:52:27.484Z,1751104347484437136
2025-06-28T09:52:28.908Z,1751104348908058581
2025-06-28T09:52:29.417Z,1751104349417458517
2025-06-28T09:52:29.500Z,1751104349500108212
2025-06-28T09:52:29.639Z,1751104349639206812
2025-06-28T09:52:30.373Z,1751104350373463242
2025-06-28T09:52:30.956Z,1751104350956282948
2025-06-28T09:52:31.044Z,1751104351044786247
2025-06-28T09:52:32.533Z,1751104352533563953
2025-06-28T09:52:33.033Z,1751104353033578198
2025-06-28T09:52:34.645Z,1751104354645003934
2025-06-28T09:52:34.945Z,1751104354945197482
2025-06-28T09:52:36.014Z,1751104356014803623
2025-06-28T09:52:38.121Z,1751104358121807616
2025-06-28T09:52:40.766Z,1751104360766785473
2025-06-28T09:52:41.561Z,1751104361561265047
2025-06-28T09:52:42.379Z,1751104362379427777
2025-06-28T09:52:45.411Z,1751104365411782897
2025-06-28T09:52:45.642Z,1751104365642398261
2025-06-28T09:52:48.338Z,1751104368338174078
2025-06-28T09:52:50.109Z,1751104370109195011
2025-06-28T09:52:52.153Z,1751104372153247626
2025-06-28T09:52:52.585Z,1751104372585058011
2025-06-28T09:52:56.716Z,1751104376716079459
2025-06-28T09:52:57.198Z,1751104377198191747
2025-06-28T09:53:01.073Z,1751104381073764511
2025-06-28T09:53:06.321Z,1751104386321382456
2025-06-28T09:53:07.474Z,1751104387474236923
2025-06-28T09:53:10.253Z,1751104390253877170
2025-06-28T09:53:11.542Z,1751104391542723108
2025-06-28T09:53:13.215Z,1751104393215405311
2025-06-28T09:53:13.606Z,1751104393606718422
2025-06-28T09:53:16.089Z,1751104396089211299
2025-06-28T09:53:16.147Z,1751104396147333206
2025-06-28T09:53:17.101Z,1751104397101850678
2025-06-28T09:53:19.001Z,1751104399001029951
2025-06-28T09:53:19.540Z,1751104399540989538
2025-06-28T09:53:21.669Z,1751104401669049992
2025-06-28T09:53:23.084Z,1751104403084923965
2025-06-28T09:53:23.672Z,1751104403672516927
2025-06-28T09:53:24.152Z,1751104404152340908
2025-06-28T09:53:24.449Z,1751104404449624226
2025-06-28T09:53:24.853Z,1751104404853515532
2025-06-28T09:53:25.039Z,1751104405039917719
2025-06-28T09:53:26.781Z,1751104406781885334
2025-06-28T09:53:28.297Z,1751104408297144093
2025-06-28T09:53:30.412Z,1751104410412634023
2025-06-28T09:53:30.497Z,1751104410497797628
2025-06-28T09:53:30.661Z,1751104410661701565
2025-06-28T09:53:31.110Z,1751104411110908738
2025-06-28T09:53:32.389Z,1751104412389362177
2025-06-28T09:53:32.852Z,1751104412852417390
2025-06-28T09:53:32.990Z,1751104412990675668
2025-06-28T09:53:33.833Z,1751104413833817045
2025-06-28T09:53:36.246Z,1751104416246045825
2025-06-28T09:53:36.262Z,1751104416262775071
2025-06-28T09:53:36.388Z,1751104416388578057
2025-06-28T09:53:36.964Z,1751104416964454314
2025-06-28T09:53:37.668Z,1751104417668399572
2025-06-28T09:53:38.216Z,1751104418216078275
2025-06-28T09:53:41.685Z,1751104421685711301
2025-06-28T09:53:42.888Z,1751104422888825170
2025-06-28T09:53:46.220Z,1751104426220951772
2025-06-28T09:53:46.605Z,1751104426605386769
2025-06-28T09:53:46.839Z,1751104426839353997
2025-06-28T09:53:47.694Z,1751104427694588821
2025-06-28T09:53:49.614Z,1751104429614735387
2025-06-28T09:53:55.295Z,1751104435295168121
2025-06-28T09:53:56.476Z,1751104436476094042
2025-06-28T09:53:56.526Z,1751104436526210327
2025-06-28T09:53:56.743Z,1751104436743962974
2025-06-28T09:53:57.757Z,1751104437757945101
2025-06-28T09:53:58.103Z,1751104438103224395
2025-06-28T09:53:58.886Z,1751104438886680063
2025-06-28T09:53:59.298Z,1751104439298930499
2025-06-28T09:54:02.356Z,1751104442356816440
2025-06-28T09:54:03.402Z,1751104443402892360
2025-06-28T09:54:04.008Z,1751104444008874688
2025-06-28T09:54:05.097Z,1751104445097009076
2025-06-28T09:54:06.453Z,1751104446453833175
2025-06-28T09:54:07.119Z,1751104447119656728
2025-06-28T09:54:07.555Z,1751104447555366334
2025-06-28T09:54:08.804Z,1751104448804625959
2025-06-28T09:54:10.928Z,1751104450928241091
2025-06-28T09:54:10.995Z,1751104450995439306
2025-06-28T09:54:13.401Z,1751104453401930560
2025-06-28T09:54:13.845Z,1751104453845502295
2025-06-28T09:54:18.868Z,1751104458868853061
2025-06-28T09:54:18.982Z,1751104458982657904
2025-06-28T09:54:21.173Z,1751104461173354410
2025-06-28T09:54:22.144Z,1751104462144793836
2025-06-28T09:54:24.760Z,1751104464760526782
2025-06-28T09:54:26.015Z,1751104466015822831
2025-06-28T09:54:27.537Z,1751104467537734477
2025-06-28T09:54:28.697Z,1751104468697830727
2025-06-28T09:54:28.784Z,1751104468784239113
2025-06-28T09:54:29.077Z,1751104469077595073
2025-06-28T09:54:32.765Z,1751104472765577656
2025-06-28T09:54:33.219Z,1751104473219863755
2025-06-28T09:54:33.619Z,1751104473619871599
2025-06-28T09:54:34.549Z,1751104474549092070
2025-06-28T09:54:35.562Z,1751104475562642600
2025-06-28T09:54:37.947Z,1751104477947703501
2025-06-28T09:54:38.037Z,1751104478037871628
2025-06-28T09:54:38.086Z,1751104478086099256
2025-06-28T09:54:38.648Z,1751104478648639576
2025-06-28T09:54:40.167Z,1751104480167575633
2025-06-28T09:54:40.861Z,1751104480861955243
2025-06-28T09:54:41.904Z,1751104481904640692
2025-06-28T09:54:43.072Z,1751104483072437443
2025-06-28T09:54:43.435Z,1751104483435857765
2025-06-28T09:54:43.618Z,1751104483618328085
2025-06-28T09:54:44.470Z,1751104484470210716
2025-06-28T09:54:47.334Z,1751104487334208426
2025-06-28T09:54:48.876Z,1751104488876669118
2025-06-28T09:54:49.642Z,1751104489642098896
2025-06-28T09:54:49.971Z,1751104489971315102
2025-06-28T09:54:52.381Z,1751104492381527726
2025-06-28T09:54:56.056Z,1751104496056241384
2025-06-28T09:54:56.425Z,1751104496425969949
2025-06-28T09:55:00.810Z,1751104500810744915
2025-06-28T09:55:01.412Z,1751104501412104652
2025-06-28T09:55:01.490Z,1751104501490534686
2025-06-28T09:55:01.800Z,1751104501800484216
2025-06-28T09:55:02.357Z,1751104502357657192
2025-06-28T09:55:03.050Z,1751104503050004662
2025-06-28T09:55:06.740Z,1751104506740621560
2025-06-28T09:55:09.138Z,1751104509138600466
2025-06-28T09:55:09.581Z,1751104509581698154
2025-06-28T09:55:10.104Z,1751104510104283931
2025-06-28T09:55:10.839Z,1751104510839867587
2025-06-28T09:55:11.632Z,1751104511632053753
2025-06-28T09:55:11.669Z,1751104511669971271
2025-06-28T09:55:13.091Z,1751104513091324317
2025-06-28T09:55:13.352Z,1751104513352190649
2025-06-28T09:55:14.754Z,1751104514754090626
2025-06-28T09:55:16.470Z,1751104516470883525
2025-06-28T09:55:17.384Z,1751104517384435459
2025-06-28T09:55:18.170Z,1751104518170796623
2025-06-28T09:55:18.717Z,1751104518717757581
2025-06-28T09:55:18.755Z,1751104518755477755
2025-06-28T09:55:19.043Z,1751104519043928855
2025-06-28T09:55:20.269Z,1751104520269630988
2025-06-28T09:55:20.775Z,1751104520775299110
2025-06-28T09:55:22.008Z,1751104522008747310
2025-06-28T09:55:22.098Z,1751104522098449317
2025-06-28T09:55:22.426Z,1751104522426843814
2025-06-28T09:55:26.511Z,1751104526511369135
2025-06-28T09:55:27.059Z,1751104527059187254
2025-06-28T09:55:29.204Z,1751104529204365530
2025-06-28T09:55:29.621Z,1751104529621103730
2025-06-28T09:55:30.090Z,1751104530090092391
2025-06-28T09:55:30.558Z,1751104530558698764
2025-06-28T09:55:33.424Z,1751104533424830183
2025-06-28T09:55:37.840Z,1751104537840259916
2025-06-28T09:55:38.092Z,1751104538092605298
2025-06-28T09:55:40.030Z,1751104540030266925
2025-06-28T09:55:40.220Z,1751104540220205929
2025-06-28T09:55:40.476Z,1751104540476421026
2025-06-28T09:55:41.083Z,1751104541083493583
2025-06-28T09:55:42.135Z,1751104542135226912
2025-06-28T09:55:43.730Z,1751104543730213147
2025-06-28T09:55:45.896Z,1751104545896782926
2025-06-28T09:55:48.087Z,1751104548087946438
2025-06-28T09:55:49.755Z,1751104549755097657
2025-06-28T09:55:51.227Z,1751104551227249059
2025-06-28T09:55:51.942Z,1751104551942720166
2025-06-28T09:55:52.314Z,1751104552314438082
2025-06-28T09:55:53.205Z,1751104553205498413
2025-06-28T09:55:53.826Z,1751104553826238772
2025-06-28T09:55:53.826Z,1751104553826413045
2025-06-28T09:55:53.876Z,1751104553876042392
2025-06-28T09:55:53.976Z,1751104553976539234
2025-06-28T09:55:54.009Z,1751104554009003035
2025-06-28T09:55:54.612Z,1751104554612175407
2025-06-28T09:55:57.153Z,1751104557153394868
2025-06-28T09:55:58.215Z,1751104558215413675
2025-06-28T09:55:58.860Z,1751104558860347422
2025-06-28T09:55:59.637Z,1751104559637369386
2025-06-28T09:56:00.352Z,1751104560352716501
2025-06-28T09:56:02.402Z,1751104562402496753
2025-06-28T09:56:02.910Z,1751104562910180539
2025-06-28T09:56:03.107Z,1751104563107463494
2025-06-28T09:56:04.257Z,1751104564257922077
2025-06-28T09:56:04.272Z,1751104564272354597
2025-06-28T09:56:05.550Z,1751104565550620157
2025-06-28T09:56:06.470Z,1751104566470650664
2025-06-28T09:56:08.025Z,1751104568025844059
2025-06-28T09:56:08.168Z,1751104568168828422
2025-06-28T09:56:09.578Z,1751104569578506045
2025-06-28T09:56:10.733Z,1751104570733271789
2025-06-28T09:56:13.085Z,1751104573085946362
2025-06-28T09:56:13.853Z,1751104573853678097
2025-06-28T09:56:14.980Z,1751104574980816126
2025-06-28T09:56:15.089Z,1751104575089646020
2025-06-28T09:56:19.534Z,1751104579534298512
2025-06-28T09:56:19.875Z,1751104579875453365
2025-06-28T09:56:24.807Z,1751104584807929813
2025-06-28T09:56:25.079Z,1751104585079333181
2025-06-28T09:56:29.683Z,1751104589683196062
2025-06-28T09:56:32.283Z,1751104592283892761
2025-06-28T09:56:32.524Z,1751104592524138471
2025-06-28T09:56:32.836Z,1751104592836835577
2025-06-28T09:56:33.554Z,1751104593554348577
2025-06-28T09:56:33.952Z,1751104593952797902
2025-06-28T09:56:34.354Z,1751104594354531574
2025-06-28T09:56:34.992Z,1751104594992647111
2025-06-28T09:56:35.104Z,1751104595104309323
2025-06-28T09:56:37.359Z,1751104597359493478
2025-06-28T09:56:39.975Z,1751104599975815115
2025-06-28T09:56:40.625Z,1751104600625575060
2025-06-28T09:56:41.533Z,1751104601533786422
2025-06-28T09:56:43.398Z,1751104603398851785
2025-06-28T09:56:44.393Z,1751104604393307118
2025-06-28T09:56:44.432Z,1751104604432479974
2025-06-28T09:56:45.313Z,1751104605313109547
2025-06-28T09:56:45.620Z,1751104605620494109
2025-06-28T09:56:45.760Z,1751104605760398136
2025-06-28T09:56:48.242Z,1751104608242689679
2025-06-28T09:56:48.616Z,1751104608616026855
2025-06-28T09:56:49.704Z,1751104609704633827
2025-06-28T09:56:50.572Z,1751104610572186839
2025-06-28T09:56:51.409Z,1751104611409676078
2025-06-28T09:56:51.906Z,1751104611906238176
2025-06-28T09:56:52.062Z,1751104612062804544
2025-06-28T09:56:55.188Z,1751104615188533268
2025-06-28T09:57:00.307Z,1751104620307197564
2025-06-28T09:57:00.951Z,1751104620951341035
2025-06-28T09:57:01.312Z,1751104621312524840
2025-06-28T09:57:02.873Z,1751104622873522985
2025-06-28T09:57:04.450Z,1751104624450663839
2025-06-28T09:57:06.964Z,1751104626964075568
2025-06-28T09:57:10.498Z,1751104630498951678
2025-06-28T09:57:11.700Z,1751104631700047245
2025-06-28T09:57:12.195Z,1751104632195738324
2025-06-28T09:57:12.464Z,1751104632464393495
2025-06-28T09:57:13.892Z,1751104633892680012
2025-06-28T09:57:14.709Z,1751104634709440987
2025-06-28T09:57:16.352Z,1751104636352597457
2025-06-28T09:57:16.952Z,1751104636952219311
2025-06-28T09:57:17.033Z,1751104637033977103
2025-06-28T09:57:17.036Z,1751104637036918412
2025-06-28T09:57:17.175Z,1751104637175491809
2025-06-28T09:57:17.591Z,1751104637591813552
2025-06-28T09:57:20.294Z,1751104640294141311
2025-06-28T09:57:21.901Z,1751104641901820448
2025-06-28T09:57:23.759Z,1751104643759963312
2025-06-28T09:57:25.233Z,1751104645233737249
2025-06-28T09:57:25.519Z,1751104645519645957
2025-06-28T09:57:28.145Z,1751104648145266951
2025-06-28T09:57:30.586Z,1751104650586940716
2025-06-28T09:57:30.828Z,1751104650828043947
2025-06-28T09:57:31.931Z,1751104651931654606
2025-06-28T09:57:32.135Z,1751104652135538866
2025-06-28T09:57:33.330Z,1751104653330937960
2025-06-28T09:57:37.128Z,1751104657128885247
2025-06-28T09:57:37.407Z,1751104657407128644
2025-06-28T09:57:37.477Z,1751104657477204241
2025-06-28T09:57:38.214Z,1751104658214170328
2025-06-28T09:57:38.640Z,1751104658640966785
2025-06-28T09:57:38.920Z,1751104658920221506
2025-06-28T09:57:40.996Z,1751104660996340419
2025-06-28T09:57:43.315Z,1751104663315548854
2025-06-28T09:57:43.936Z,1751104663936145686
2025-06-28T09:57:44.630Z,1751104664630529824
2025-06-28T09:57:45.557Z,1751104665557365242
2025-06-28T09:57:45.864Z,1751104665864469294
2025-06-28T09:57:46.396Z,1751104666396856314
2025-06-28T09:57:46.897Z,1751104666897850609
2025-06-28T09:57:51.433Z,1751104671433723095
2025-06-28T09:57:54.334Z,1751104674334188984
2025-06-28T09:57:58.225Z,1751104678225460241
2025-06-28T09:57:58.925Z,1751104678925808110
2025-06-28T09:57:59.658Z,1751104679658316046
2025-06-28T09:58:04.187Z,1751104684187714442
2025-06-28T09:58:04.992Z,1751104684992693329
2025-06-28T09:58:06.967Z,1751104686967448078
2025-06-28T09:58:08.175Z,1751104688175053793
2025-06-28T09:58:08.977Z,1751104688977974645
2025-06-28T09:58:11.120Z,1751104691120869484
2025-06-28T09:58:13.350Z,1751104693350505330
2025-06-28T09:58:16.543Z,1751104696543307732
2025-06-28T09:58:18.204Z,1751104698204217359
2025-06-28T09:58:18.686Z,1751104698686561820
2025-06-28T09:58:18.840Z,1751104698840701770
2025-06-28T09:58:22.705Z,1751104702705797202
2025-06-28T09:58:23.057Z,1751104703057015875
2025-06-28T09:58:23.424Z,1751104703424241087
2025-06-28T09:58:23.883Z,1751104703883614420
2025-06-28T09:58:23.912Z,1751104703912731958
2025-06-28T09:58:24.103Z,1751104704103501455
2025-06-28T09:58:24.223Z,1751104704223762407
2025-06-28T09:58:24.747Z,1751104704747045659
2025-06-28T09:58:26.021Z,1751104706021114764
2025-06-28T09:58:27.989Z,1751104707989131912
2025-06-28T09:58:28.204Z,1751104708204507594
2025-06-28T09:58:28.841Z,1751104708841300257
2025-06-28T09:58:28.981Z,1751104708981272505
2025-06-28T09:58:29.046Z,1751104709046485056
2025-06-28T09:58:29.144Z,1751104709144516944
2025-06-28T09:58:29.811Z,1751104709811932609
2025-06-28T09:58:29.876Z,1751104709876900214
2025-06-28T09:58:30.336Z,1751104710336944302
2025-06-28T09:58:30.749Z,1751104710749180739
2025-06-28T09:58:32.536Z,1751104712536226652
2025-06-28T09:58:32.949Z,1751104712949239643
2025-06-28T09:58:36.637Z,1751104716637569728
2025-06-28T09:58:39.964Z,1751104719964536119
2025-06-28T09:58:40.830Z,1751104720830753367
2025-06-28T09:58:40.858Z,1751104720858275069
2025-06-28T09:58:40.980Z,1751104720980771520
2025-06-28T09:58:41.392Z,1751104721392271507
2025-06-28T09:58:43.418Z,1751104723418865081
2025-06-28T09:58:43.962Z,1751104723962187201
2025-06-28T09:58:44.140Z,1751104724140400278
2025-06-28T09:58:46.454Z,1751104726454624813
2025-06-28T09:58:47.593Z,1751104727593488224
2025-06-28T09:58:48.557Z,1751104728557544475
2025-06-28T09:58:49.179Z,1751104729179608606
2025-06-28T09:58:54.275Z,1751104734275569115
2025-06-28T09:58:54.700Z,1751104734700115908
2025-06-28T09:58:54.846Z,1751104734846487185
2025-06-28T09:58:56.705Z,1751104736705072327
2025-06-28T09:58:57.820Z,1751104737820608837
2025-06-28T09:58:58.062Z,1751104738062538334
2025-06-28T09:58:58.880Z,1751104738880800104
2025-06-28T09:59:02.618Z,1751104742618237280
2025-06-28T09:59:05.691Z,1751104745691112007
2025-06-28T09:59:06.757Z,1751104746757554397
2025-06-28T09:59:06.873Z,1751104746873208491
2025-06-28T09:59:06.927Z,1751104746927880497
2025-06-28T09:59:10.056Z,1751104750056704686
2025-06-28T09:59:11.610Z,1751104751610391737
2025-06-28T09:59:13.256Z,1751104753256424167
2025-06-28T09:59:13.656Z,1751104753656320402
2025-06-28T09:59:13.795Z,1751104753795858300
2025-06-28T09:59:15.307Z,1751104755307655450
2025-06-28T09:59:16.529Z,1751104756529145906
2025-06-28T09:59:16.565Z,1751104756565090887
2025-06-28T09:59:16.828Z,1751104756828929091
2025-06-28T09:59:17.931Z,1751104757931296183
2025-06-28T09:59:19.308Z,1751104759308000655
2025-06-28T09:59:20.245Z,1751104760245845577
2025-06-28T09:59:20.643Z,1751104760643453478
2025-06-28T09:59:20.751Z,1751104760751644364
2025-06-28T09:59:21.508Z,1751104761508105106
2025-06-28T09:59:22.219Z,1751104762219071265
2025-06-28T09:59:22.453Z,1751104762453683505
2025-06-28T09:59:22.596Z,1751104762596840654
2025-06-28T09:59:23.265Z,1751104763265343189
2025-06-28T09:59:23.394Z,1751104763394348933
2025-06-28T09:59:23.754Z,1751104763754808591
2025-06-28T09:59:24.256Z,1751104764256329584
2025-06-28T09:59:24.603Z,1751104764603362787
2025-06-28T09:59:24.854Z,1751104764854457037
2025-06-28T09:59:26.627Z,1751104766627894379
2025-06-28T09:59:27.070Z,1751104767070875193
2025-06-28T09:59:27.184Z,1751104767184222102
2025-06-28T09:59:30.500Z,1751104770500479834
2025-06-28T09:59:35.291Z,1751104775291837837
2025-06-28T09:59:35.761Z,1751104775761523487
2025-06-28T09:59:36.680Z,1751104776680865695
2025-06-28T09:59:36.921Z,1751104776921760744
2025-06-28T09:59:37.751Z,1751104777751631112
2025-06-28T09:59:38.265Z,1751104778265447644
2025-06-28T09:59:38.917Z,1751104778917091230
2025-06-28T09:59:39.366Z,1751104779366090276
2025-06-28T09:59:39.374Z,1751104779374903880
2025-06-28T09:59:42.445Z,1751104782445512246
2025-06-28T09:59:43.054Z,1751104783054751025
2025-06-28T09:59:44.463Z,1751104784463575584
2025-06-28T09:59:45.286Z,1751104785286748576
2025-06-28T09:59:45.421Z,1751104785421562803
2025-06-28T09:59:48.369Z,1751104788369070987
2025-06-28T09:59:50.061Z,1751104790061747099
2025-06-28T09:59:50.901Z,1751104790901883569
2025-06-28T09:59:53.212Z,1751104793212213984
2025-06-28T09:59:53.554Z,1751104793554433969
2025-06-28T09:59:54.361Z,1751104794361539804
2025-06-28T09:59:56.708Z,1751104796708605189
2025-06-28T09:59:56.883Z,1751104796883020398
2025-06-28T09:59:59.383Z,1751104799383406820
